reference_ri,compound_name,source_database,source_record_id,inchikey,plant_source,literature_reference,column_name,stationary_phase,index_type,instrument_type,spectrum_available,source_file,method_notes
699.0,pentanone (2-),MoNA Volatile FiehnLib,FiehnLibVolatile0028,XNLICIUVMPYHGG-UHFFFAOYSA-N,,,Rtx-5Sil MS,5% diphenyl / 95% dimethylpolysiloxane,Retention_index (alkane basis not explicit in export),GC-EI-TOF,yes; original MSP,MoNA-export-Volatile_FiehnLib(1).msp,GC oven: 50 C 1 min; 20 C/min to 330 C; hold 5 min. The distinct FAME retention index in Comments was not used.
745.0,C04 FAME,MoNA Volatile FiehnLib,FiehnLibVolatile0001,UUIQMZJEGPQKFD-UHFFFAOYSA-N,,,Rtx-5Sil MS,5% diphenyl / 95% dimethylpolysiloxane,Retention_index (alkane basis not explicit in export),GC-EI-TOF,yes; original MSP,MoNA-export-Volatile_FiehnLib(1).msp,GC oven: 50 C 1 min; 20 C/min to 330 C; hold 5 min. The distinct FAME retention index in Comments was not used.
755.0,isopentyl alcohol,MoNA Volatile FiehnLib,FiehnLibVolatile0188,PHTQWCKDNZKARW-UHFFFAOYSA-N,,,Rtx-5Sil MS,5% diphenyl / 95% dimethylpolysiloxane,Retention_index (alkane basis not explicit in export),GC-EI-TOF,yes; original MSP,MoNA-export-Volatile_FiehnLib(1).msp,GC oven: 50 C 1 min; 20 C/min to 330 C; hold 5 min. The distinct FAME retention index in Comments was not used.
781.0,methyl-2-butenal (3-),MoNA Volatile FiehnLib,FiehnLibVolatile0155,SEPQTYODOKLVSB-UHFFFAOYSA-N,,,Rtx-5Sil MS,5% diphenyl / 95% dimethylpolysiloxane,Retention_index (alkane basis not explicit in export),GC-EI-TOF,yes; original MSP,MoNA-export-Volatile_FiehnLib(1).msp,GC oven: 50 C 1 min; 20 C/min to 330 C; hold 5 min. The distinct FAME retention index in Comments was not used.
797.0,hexanal,RI_Library,RI_Library.csv:2,,CEGR,"Lucero et. al.,  Journal of essential oil research (in press).",,,unspecified in source,,no,RI_Library(1).csv,Column and index definition were not supplied in this file.
798.0,hexanal -a,MoNA Volatile FiehnLib,FiehnLibVolatile0203,JARKCYVAAOWBJS-UHFFFAOYSA-N,,,Rtx-5Sil MS,5% diphenyl / 95% dimethylpolysiloxane,Retention_index (alkane basis not explicit in export),GC-EI-TOF,yes; original MSP,MoNA-export-Volatile_FiehnLib(1).msp,GC oven: 50 C 1 min; 20 C/min to 330 C; hold 5 min. The distinct FAME retention index in Comments was not used.
798.0,hexanal,RI_Library,RI_Library.csv:3,,DYAC,"Tellez et. al., Journal of Agricultural and Food Chemistry 45, 3276 (1997).",,,unspecified in source,,no,RI_Library(1).csv,Column and index definition were not supplied in this file.
799.0,hexanal,RI_Library,RI_Library.csv:4,,DAFO,"Lucero et. al., Journal of essential oil research 17 (2005) 645.",,,unspecified in source,,no,RI_Library(1).csv,Column and index definition were not supplied in this file.
800.0,octane,IPPN-UFRJ measured n-alkane standards,IPPN-STD-C8,,,"Measured C8–C30 n-alkane calibration supplied by Ricardo M Borges, IPPN-UFRJ",DB-5MS,5% phenyl / 95% dimethylpolysiloxane,linear retention index; n-alkane calibration point,GC-MS,not provided,KOVATS_from_MZMine2.53(1).csv,"Known n-alkane standard; measured RT 187.20 s (3.1200 min). RI 800 by definition at this calibration point. Same-run calibration, not independent validation of compound identity."
801.0,ethyl butanoate,MoNA Volatile FiehnLib,FiehnLibVolatile0189,OBNCKNCVKJNDBV-UHFFFAOYSA-N,,,Rtx-5Sil MS,5% diphenyl / 95% dimethylpolysiloxane,Retention_index (alkane basis not explicit in export),GC-EI-TOF,yes; original MSP,MoNA-export-Volatile_FiehnLib(1).msp,GC oven: 50 C 1 min; 20 C/min to 330 C; hold 5 min. The distinct FAME retention index in Comments was not used.
811.0,hexanal -b,MoNA Volatile FiehnLib,FiehnLibVolatile0209,JARKCYVAAOWBJS-UHFFFAOYSA-N,,,Rtx-5Sil MS,5% diphenyl / 95% dimethylpolysiloxane,Retention_index (alkane basis not explicit in export),GC-EI-TOF,yes; original MSP,MoNA-export-Volatile_FiehnLib(1).msp,GC oven: 50 C 1 min; 20 C/min to 330 C; hold 5 min. The distinct FAME retention index in Comments was not used.
829.0,isovaleric acid,MoNA Volatile FiehnLib,FiehnLibVolatile0148,GWYFCOCPABKNJV-UHFFFAOYSA-N,,,Rtx-5Sil MS,5% diphenyl / 95% dimethylpolysiloxane,Retention_index (alkane basis not explicit in export),GC-EI-TOF,yes; original MSP,MoNA-export-Volatile_FiehnLib(1).msp,GC oven: 50 C 1 min; 20 C/min to 330 C; hold 5 min. The distinct FAME retention index in Comments was not used.
835.0,isovaleric acid,RI_Library,RI_Library.csv:5,,CEGR,"Lucero et. al.,  Journal of essential oil research (in press).",,,unspecified in source,,no,RI_Library(1).csv,Column and index definition were not supplied in this file.
837.0,butanoic acid (2-methyl-),MoNA Volatile FiehnLib,FiehnLibVolatile0150,WLAMNBDJUVNPJU-UHFFFAOYSA-N,,,Rtx-5Sil MS,5% diphenyl / 95% dimethylpolysiloxane,Retention_index (alkane basis not explicit in export),GC-EI-TOF,yes; original MSP,MoNA-export-Volatile_FiehnLib(1).msp,GC oven: 50 C 1 min; 20 C/min to 330 C; hold 5 min. The distinct FAME retention index in Comments was not used.
837.0,furfural,MoNA Volatile FiehnLib,FiehnLibVolatile0133,HYBBIBNJHNGZAN-UHFFFAOYSA-N,,,Rtx-5Sil MS,5% diphenyl / 95% dimethylpolysiloxane,Retention_index (alkane basis not explicit in export),GC-EI-TOF,yes; original MSP,MoNA-export-Volatile_FiehnLib(1).msp,GC oven: 50 C 1 min; 20 C/min to 330 C; hold 5 min. The distinct FAME retention index in Comments was not used.
848.0,pentanone (4-OH-4-Me-2-),MoNA Volatile FiehnLib,FiehnLibVolatile0210,SWXVUIWOUIDPGS-UHFFFAOYSA-N,,,Rtx-5Sil MS,5% diphenyl / 95% dimethylpolysiloxane,Retention_index (alkane basis not explicit in export),GC-EI-TOF,yes; original MSP,MoNA-export-Volatile_FiehnLib(1).msp,GC oven: 50 C 1 min; 20 C/min to 330 C; hold 5 min. The distinct FAME retention index in Comments was not used.
853.0,(E)-2-hexenal,RI_Library,RI_Library.csv:6,,ANCA,"Medina et. al, Journal of Agricultural and Food Chemistry 53 (2005) 8694.",,,unspecified in source,,no,RI_Library(1).csv,Column and index definition were not supplied in this file.
854.0,hexenol (3z-),MoNA Volatile FiehnLib,FiehnLibVolatile0104,UFLHIIWVXFIJGU-ARJAWSKDSA-N,,,Rtx-5Sil MS,5% diphenyl / 95% dimethylpolysiloxane,Retention_index (alkane basis not explicit in export),GC-EI-TOF,yes; original MSP,MoNA-export-Volatile_FiehnLib(1).msp,GC oven: 50 C 1 min; 20 C/min to 330 C; hold 5 min. The distinct FAME retention index in Comments was not used.
854.0,(E)-2-hexenal,RI_Library,RI_Library.csv:7,,DYAC,"Tellez et. al., Journal of Agricultural and Food Chemistry 45, 3276 (1997).",,,unspecified in source,,no,RI_Library(1).csv,Column and index definition were not supplied in this file.
855.0,(E)-2-hexenal,RI_Library,RI_Library.csv:8,,FLCE,"Tellez et. al., Journal of essential oil research 9, 619 (Nov/Dec 1997).",,,unspecified in source,,no,RI_Library(1).csv,Column and index definition were not supplied in this file.
857.0,hexanol,MoNA Volatile FiehnLib,FiehnLibVolatile0041,ZSIAUFGUXNUGDI-UHFFFAOYSA-N,,,Rtx-5Sil MS,5% diphenyl / 95% dimethylpolysiloxane,Retention_index (alkane basis not explicit in export),GC-EI-TOF,yes; original MSP,MoNA-export-Volatile_FiehnLib(1).msp,GC oven: 50 C 1 min; 20 C/min to 330 C; hold 5 min. The distinct FAME retention index in Comments was not used.
857.0,(Z)-3-hexenol,RI_Library,RI_Library.csv:9,,DYAC,"Tellez et. al., Journal of Agricultural and Food Chemistry 45, 3276 (1997).",,,unspecified in source,,no,RI_Library(1).csv,Column and index definition were not supplied in this file.
861.0,(Z)-3-hexenol,RI_Library,RI_Library.csv:10,,CELAS2,"Lucero et. al., in Sosebee, D. et. al. (Editors), 13th Wildland Shrub Symposium:  Shrubland Dynamics: Fire & Water, U.S. Department of Agriculture, Forest Service, Rocky Mountain Research Station., Lubbock, TX, USA, 2004, p. 142.",,,unspecified in source,,no,RI_Library(1).csv,Column and index definition were not supplied in this file.
864.0,isopentyl acetate,MoNA Volatile FiehnLib,FiehnLibVolatile0153,MLFHJEHSLIIPHL-UHFFFAOYSA-N,,,Rtx-5Sil MS,5% diphenyl / 95% dimethylpolysiloxane,Retention_index (alkane basis not explicit in export),GC-EI-TOF,yes; original MSP,MoNA-export-Volatile_FiehnLib(1).msp,GC oven: 50 C 1 min; 20 C/min to 330 C; hold 5 min. The distinct FAME retention index in Comments was not used.
866.0,hexenol (2z-),MoNA Volatile FiehnLib,FiehnLibVolatile0092,ZCHHRLHTBGRGOT-SNAWJCMRSA-N,,,Rtx-5Sil MS,5% diphenyl / 95% dimethylpolysiloxane,Retention_index (alkane basis not explicit in export),GC-EI-TOF,yes; original MSP,MoNA-export-Volatile_FiehnLib(1).msp,GC oven: 50 C 1 min; 20 C/min to 330 C; hold 5 min. The distinct FAME retention index in Comments was not used.
868.0,n-hexanol,RI_Library,RI_Library.csv:11,,CEGR,"Lucero et. al.,  Journal of essential oil research (in press).",,,unspecified in source,,no,RI_Library(1).csv,Column and index definition were not supplied in this file.
869.0,n-hexanol,RI_Library,RI_Library.csv:12,,DAFO,"Lucero et. al., Journal of essential oil research 17 (2005) 645.",,,unspecified in source,,no,RI_Library(1).csv,Column and index definition were not supplied in this file.
869.0,n-hexanol,RI_Library,RI_Library.csv:13,,DYAC,"Tellez et. al., Journal of Agricultural and Food Chemistry 45, 3276 (1997).",,,unspecified in source,,no,RI_Library(1).csv,Column and index definition were not supplied in this file.
872.0,n-hexanol,RI_Library,RI_Library.csv:14,,CELAS2,"Lucero et. al., in Sosebee, D. et. al. (Editors), 13th Wildland Shrub Symposium:  Shrubland Dynamics: Fire & Water, U.S. Department of Agriculture, Forest Service, Rocky Mountain Research Station., Lubbock, TX, USA, 2004, p. 142.",,,unspecified in source,,no,RI_Library(1).csv,Column and index definition were not supplied in this file.
882.0,heptanone (2-),MoNA Volatile FiehnLib,FiehnLibVolatile0185,CATSNJVOTSVZJV-UHFFFAOYSA-N,,,Rtx-5Sil MS,5% diphenyl / 95% dimethylpolysiloxane,Retention_index (alkane basis not explicit in export),GC-EI-TOF,yes; original MSP,MoNA-export-Volatile_FiehnLib(1).msp,GC oven: 50 C 1 min; 20 C/min to 330 C; hold 5 min. The distinct FAME retention index in Comments was not used.
889.0,heptanol (2-),MoNA Volatile FiehnLib,FiehnLibVolatile0050,CETWDUZRCINIHU-UHFFFAOYSA-N,,,Rtx-5Sil MS,5% diphenyl / 95% dimethylpolysiloxane,Retention_index (alkane basis not explicit in export),GC-EI-TOF,yes; original MSP,MoNA-export-Volatile_FiehnLib(1).msp,GC oven: 50 C 1 min; 20 C/min to 330 C; hold 5 min. The distinct FAME retention index in Comments was not used.
899.0,n-heptanal,RI_Library,RI_Library.csv:15,,CEGR,"Lucero et. al.,  Journal of essential oil research (in press).",,,unspecified in source,,no,RI_Library(1).csv,Column and index definition were not supplied in this file.
900.0,nonane,IPPN-UFRJ measured n-alkane standards,IPPN-STD-C9,,,"Measured C8–C30 n-alkane calibration supplied by Ricardo M Borges, IPPN-UFRJ",DB-5MS,5% phenyl / 95% dimethylpolysiloxane,linear retention index; n-alkane calibration point,GC-MS,not provided,KOVATS_from_MZMine2.53(1).csv,"Known n-alkane standard; measured RT 285.90 s (4.7650 min). RI 900 by definition at this calibration point. Same-run calibration, not independent validation of compound identity."
900.0,nonane,RI_Library,RI_Library.csv:16,,CHPU4,"Tellez et. al., Journal of Essential Oils Research 10, 201 (Mar/Apr 1998).",,,unspecified in source,,no,RI_Library(1).csv,Column and index definition were not supplied in this file.
907.0,"hexadienal (2e,4e-)",MoNA Volatile FiehnLib,FiehnLibVolatile0074,BATOPAZDIZEVQF-MQQKCMAXSA-N,,,Rtx-5Sil MS,5% diphenyl / 95% dimethylpolysiloxane,Retention_index (alkane basis not explicit in export),GC-EI-TOF,yes; original MSP,MoNA-export-Volatile_FiehnLib(1).msp,GC oven: 50 C 1 min; 20 C/min to 330 C; hold 5 min. The distinct FAME retention index in Comments was not used.
908.0,santolina triene,RI_Library,RI_Library.csv:17,,FLCE,"Tellez et. al., Journal of essential oil research 9, 619 (Nov/Dec 1997).",,,unspecified in source,,no,RI_Library(1).csv,Column and index definition were not supplied in this file.
909.0,"2,4-( E, E)-hexadienal",RI_Library,RI_Library.csv:18,,ANCA,"Medina et. al, Journal of Agricultural and Food Chemistry 53 (2005) 8694.",,,unspecified in source,,no,RI_Library(1).csv,Column and index definition were not supplied in this file.
911.0,C06 FAME,MoNA Volatile FiehnLib,FiehnLibVolatile0002,NUKZAGXMHTUAFE-UHFFFAOYSA-N,,,Rtx-5Sil MS,5% diphenyl / 95% dimethylpolysiloxane,Retention_index (alkane basis not explicit in export),GC-EI-TOF,yes; original MSP,MoNA-export-Volatile_FiehnLib(1).msp,GC oven: 50 C 1 min; 20 C/min to 330 C; hold 5 min. The distinct FAME retention index in Comments was not used.
918.0,acetonyl acetone,MoNA Volatile FiehnLib,FiehnLibVolatile0204,OJVAMHKKJGICOG-UHFFFAOYSA-N,,,Rtx-5Sil MS,5% diphenyl / 95% dimethylpolysiloxane,Retention_index (alkane basis not explicit in export),GC-EI-TOF,yes; original MSP,MoNA-export-Volatile_FiehnLib(1).msp,GC oven: 50 C 1 min; 20 C/min to 330 C; hold 5 min. The distinct FAME retention index in Comments was not used.
920.0,thujene (alpha-),MoNA Volatile FiehnLib,FiehnLibVolatile0168,KQAZVFVOEIRWHN-UHFFFAOYSA-N,,,Rtx-5Sil MS,5% diphenyl / 95% dimethylpolysiloxane,Retention_index (alkane basis not explicit in export),GC-EI-TOF,yes; original MSP,MoNA-export-Volatile_FiehnLib(1).msp,GC oven: 50 C 1 min; 20 C/min to 330 C; hold 5 min. The distinct FAME retention index in Comments was not used.
921.0,hydroxybutanoic acid lactone (4-),MoNA Volatile FiehnLib,FiehnLibVolatile0186,YEJRWHAVMIAJKC-UHFFFAOYSA-N,,,Rtx-5Sil MS,5% diphenyl / 95% dimethylpolysiloxane,Retention_index (alkane basis not explicit in export),GC-EI-TOF,yes; original MSP,MoNA-export-Volatile_FiehnLib(1).msp,GC oven: 50 C 1 min; 20 C/min to 330 C; hold 5 min. The distinct FAME retention index in Comments was not used.
926.0,tricyclene,RI_Library,RI_Library.csv:19,,DYAC,"Tellez et. al., Journal of Agricultural and Food Chemistry 45, 3276 (1997).",,,unspecified in source,,no,RI_Library(1).csv,Column and index definition were not supplied in this file.
926.0,tricyclene,RI_Library,RI_Library.csv:20,,FLCE,"Tellez et. al., Journal of essential oil research 9, 619 (Nov/Dec 1997).",,,unspecified in source,,no,RI_Library(1).csv,Column and index definition were not supplied in this file.
927.0,tricyclene,RI_Library,RI_Library.csv:21,,CHPU4,"Tellez et. al., Journal of Essential Oils Research 10, 201 (Mar/Apr 1998).",,,unspecified in source,,no,RI_Library(1).csv,Column and index definition were not supplied in this file.
927.0,tricyclene,RI_Library,RI_Library.csv:22,,PSSC6,"Lucero et. al., Journal of Essential Oil Research 15 (2003) 108.",,,unspecified in source,,no,RI_Library(1).csv,Column and index definition were not supplied in this file.
928.0,artemisia triene,RI_Library,RI_Library.csv:23,,FLCE,"Tellez et. al., Journal of essential oil research 9, 619 (Nov/Dec 1997).",,,unspecified in source,,no,RI_Library(1).csv,Column and index definition were not supplied in this file.
928.0,tricyclene,RI_Library,RI_Library.csv:24,,ANCA,"Medina et. al, Journal of Agricultural and Food Chemistry 53 (2005) 8694.",,,unspecified in source,,no,RI_Library(1).csv,Column and index definition were not supplied in this file.
928.0,tricyclene,RI_Library,RI_Library.csv:25,,GUSA,"Lucero, et. al, Journal of Essential Oil Research 18 (2006) 121.",,,unspecified in source,,no,RI_Library(1).csv,Column and index definition were not supplied in this file.
930.0,tricyclene,RI_Library,RI_Library.csv:26,,DAFO,"Lucero et. al., Journal of essential oil research 17 (2005) 645.",,,unspecified in source,,no,RI_Library(1).csv,Column and index definition were not supplied in this file.
930.0,α-thujene,RI_Library,RI_Library.csv:27,,DYAC,"Tellez et. al., Journal of Agricultural and Food Chemistry 45, 3276 (1997).",,,unspecified in source,,no,RI_Library(1).csv,Column and index definition were not supplied in this file.
931.0,pinene (alpha-),MoNA Volatile FiehnLib,FiehnLibVolatile0169,GRWFGVWFFZKLTI-UHFFFAOYSA-N,,,Rtx-5Sil MS,5% diphenyl / 95% dimethylpolysiloxane,Retention_index (alkane basis not explicit in export),GC-EI-TOF,yes; original MSP,MoNA-export-Volatile_FiehnLib(1).msp,GC oven: 50 C 1 min; 20 C/min to 330 C; hold 5 min. The distinct FAME retention index in Comments was not used.
931.0,a-thujene,RI_Library,RI_Library.csv:28,,FLCE,"Tellez et. al., Journal of essential oil research 9, 619 (Nov/Dec 1997).",,,unspecified in source,,no,RI_Library(1).csv,Column and index definition were not supplied in this file.
932.0,α-thujene,RI_Library,RI_Library.csv:29,,CHPU4,"Tellez et. al., Journal of Essential Oils Research 10, 201 (Mar/Apr 1998).",,,unspecified in source,,no,RI_Library(1).csv,Column and index definition were not supplied in this file.
932.0,α-thujene,RI_Library,RI_Library.csv:30,,DAFO,"Lucero et. al., Journal of essential oil research 17 (2005) 645.",,,unspecified in source,,no,RI_Library(1).csv,Column and index definition were not supplied in this file.
932.0,α-thujene,RI_Library,RI_Library.csv:31,,GUSA,"Lucero, et. al, Journal of Essential Oil Research 18 (2006) 121.",,,unspecified in source,,no,RI_Library(1).csv,Column and index definition were not supplied in this file.
938.0,α-pinene,RI_Library,RI_Library.csv:32,,DYAC,"Tellez et. al., Journal of Agricultural and Food Chemistry 45, 3276 (1997).",,,unspecified in source,,no,RI_Library(1).csv,Column and index definition were not supplied in this file.
938.0,α-pinene,RI_Library,RI_Library.csv:33,,FLCE,"Tellez et. al., Journal of essential oil research 9, 619 (Nov/Dec 1997).",,,unspecified in source,,no,RI_Library(1).csv,Column and index definition were not supplied in this file.
939.0,α-pinene,RI_Library,RI_Library.csv:34,,CEGR,"Lucero et. al.,  Journal of essential oil research (in press).",,,unspecified in source,,no,RI_Library(1).csv,Column and index definition were not supplied in this file.
939.0,α-pinene,RI_Library,RI_Library.csv:35,,CHPU4,"Tellez et. al., Journal of Essential Oils Research 10, 201 (Mar/Apr 1998).",,,unspecified in source,,no,RI_Library(1).csv,Column and index definition were not supplied in this file.
940.0,α-pinene,RI_Library,RI_Library.csv:36,,ANCA,"Medina et. al, Journal of Agricultural and Food Chemistry 53 (2005) 8694.",,,unspecified in source,,no,RI_Library(1).csv,Column and index definition were not supplied in this file.
940.0,α-pinene,RI_Library,RI_Library.csv:37,,GUSA,"Lucero, et. al, Journal of Essential Oil Research 18 (2006) 121.",,,unspecified in source,,no,RI_Library(1).csv,Column and index definition were not supplied in this file.
940.0,α-pinene,RI_Library,RI_Library.csv:38,,PSSC6,"Lucero et. al., Journal of Essential Oil Research 15 (2003) 108.",,,unspecified in source,,no,RI_Library(1).csv,Column and index definition were not supplied in this file.
942.0,α-pinene,RI_Library,RI_Library.csv:39,,DAFO,"Lucero et. al., Journal of essential oil research 17 (2005) 645.",,,unspecified in source,,no,RI_Library(1).csv,Column and index definition were not supplied in this file.
950.0,camphene,MoNA Volatile FiehnLib,FiehnLibVolatile0174,CRPUJAZIXJMDBK-UHFFFAOYSA-N,,,Rtx-5Sil MS,5% diphenyl / 95% dimethylpolysiloxane,Retention_index (alkane basis not explicit in export),GC-EI-TOF,yes; original MSP,MoNA-export-Volatile_FiehnLib(1).msp,GC oven: 50 C 1 min; 20 C/min to 330 C; hold 5 min. The distinct FAME retention index in Comments was not used.
953.0,camphene,RI_Library,RI_Library.csv:40,,DYAC,"Tellez et. al., Journal of Agricultural and Food Chemistry 45, 3276 (1997).",,,unspecified in source,,no,RI_Library(1).csv,Column and index definition were not supplied in this file.
954.0,camphene,RI_Library,RI_Library.csv:41,,FLCE,"Tellez et. al., Journal of essential oil research 9, 619 (Nov/Dec 1997).",,,unspecified in source,,no,RI_Library(1).csv,Column and index definition were not supplied in this file.
954.0,camphene,RI_Library,RI_Library.csv:42,,PSSC6,"Lucero et. al., Journal of Essential Oil Research 15 (2003) 108.",,,unspecified in source,,no,RI_Library(1).csv,Column and index definition were not supplied in this file.
954.0,carnphene,RI_Library,RI_Library.csv:43,,CHPU4,"Tellez et. al., Journal of Essential Oils Research 10, 201 (Mar/Apr 1998).",,,unspecified in source,,no,RI_Library(1).csv,Column and index definition were not supplied in this file.
955.0,camphene,RI_Library,RI_Library.csv:44,,ANCA,"Medina et. al, Journal of Agricultural and Food Chemistry 53 (2005) 8694.",,,unspecified in source,,no,RI_Library(1).csv,Column and index definition were not supplied in this file.
955.0,camphene,RI_Library,RI_Library.csv:45,,GUSA,"Lucero, et. al, Journal of Essential Oil Research 18 (2006) 121.",,,unspecified in source,,no,RI_Library(1).csv,Column and index definition were not supplied in this file.
956.0,benzaldehyde,MoNA Volatile FiehnLib,FiehnLibVolatile0194,HUMNYLRZRPPJDN-UHFFFAOYSA-N,,,Rtx-5Sil MS,5% diphenyl / 95% dimethylpolysiloxane,Retention_index (alkane basis not explicit in export),GC-EI-TOF,yes; original MSP,MoNA-export-Volatile_FiehnLib(1).msp,GC oven: 50 C 1 min; 20 C/min to 330 C; hold 5 min. The distinct FAME retention index in Comments was not used.
957.0,camphene,RI_Library,RI_Library.csv:46,,DAFO,"Lucero et. al., Journal of essential oil research 17 (2005) 645.",,,unspecified in source,,no,RI_Library(1).csv,Column and index definition were not supplied in this file.
958.0,"thuja-2,4(10)-diene",RI_Library,RI_Library.csv:47,,FLCE,"Tellez et. al., Journal of essential oil research 9, 619 (Nov/Dec 1997).",,,unspecified in source,,no,RI_Library(1).csv,Column and index definition were not supplied in this file.
960.0,"thuja-2,4(10)diene",RI_Library,RI_Library.csv:48,,GUSA,"Lucero, et. al, Journal of Essential Oil Research 18 (2006) 121.",,,unspecified in source,,no,RI_Library(1).csv,Column and index definition were not supplied in this file.
968.0,octen-3-ol (1-),MoNA Volatile FiehnLib,FiehnLibVolatile0082,VSMOENVRRABVKN-UHFFFAOYSA-N,,,Rtx-5Sil MS,5% diphenyl / 95% dimethylpolysiloxane,Retention_index (alkane basis not explicit in export),GC-EI-TOF,yes; original MSP,MoNA-export-Volatile_FiehnLib(1).msp,GC oven: 50 C 1 min; 20 C/min to 330 C; hold 5 min. The distinct FAME retention index in Comments was not used.
970.0,sabinene,MoNA Volatile FiehnLib,FiehnLibVolatile0181,NDVASEGYNIMXJL-UHFFFAOYSA-N,,,Rtx-5Sil MS,5% diphenyl / 95% dimethylpolysiloxane,Retention_index (alkane basis not explicit in export),GC-EI-TOF,yes; original MSP,MoNA-export-Volatile_FiehnLib(1).msp,GC oven: 50 C 1 min; 20 C/min to 330 C; hold 5 min. The distinct FAME retention index in Comments was not used.
970.0,n-heptanol,RI_Library,RI_Library.csv:49,,CEGR,"Lucero et. al.,  Journal of essential oil research (in press).",,,unspecified in source,,no,RI_Library(1).csv,Column and index definition were not supplied in this file.
972.0,hexanoic acid,MoNA Volatile FiehnLib,FiehnLibVolatile0211,FUZZWVXGSFPDMH-UHFFFAOYSA-N,,,Rtx-5Sil MS,5% diphenyl / 95% dimethylpolysiloxane,Retention_index (alkane basis not explicit in export),GC-EI-TOF,yes; original MSP,MoNA-export-Volatile_FiehnLib(1).msp,GC oven: 50 C 1 min; 20 C/min to 330 C; hold 5 min. The distinct FAME retention index in Comments was not used.
974.0,hepten-2-one (6-methyl-5-),MoNA Volatile FiehnLib,FiehnLibVolatile0107,UHEPJGULSIKKTP-UHFFFAOYSA-N,,,Rtx-5Sil MS,5% diphenyl / 95% dimethylpolysiloxane,Retention_index (alkane basis not explicit in export),GC-EI-TOF,yes; original MSP,MoNA-export-Volatile_FiehnLib(1).msp,GC oven: 50 C 1 min; 20 C/min to 330 C; hold 5 min. The distinct FAME retention index in Comments was not used.
976.0,sabinene,RI_Library,RI_Library.csv:50,,DYAC,"Tellez et. al., Journal of Agricultural and Food Chemistry 45, 3276 (1997).",,,unspecified in source,,no,RI_Library(1).csv,Column and index definition were not supplied in this file.
976.0,sabinene,RI_Library,RI_Library.csv:51,,FLCE,"Tellez et. al., Journal of essential oil research 9, 619 (Nov/Dec 1997).",,,unspecified in source,,no,RI_Library(1).csv,Column and index definition were not supplied in this file.
977.0,sabinene,RI_Library,RI_Library.csv:52,,ANCA,"Medina et. al, Journal of Agricultural and Food Chemistry 53 (2005) 8694.",,,unspecified in source,,no,RI_Library(1).csv,Column and index definition were not supplied in this file.
978.0,myrcene,MoNA Volatile FiehnLib,FiehnLibVolatile0132,UAHWPYUMFXYFJY-UHFFFAOYSA-N,,,Rtx-5Sil MS,5% diphenyl / 95% dimethylpolysiloxane,Retention_index (alkane basis not explicit in export),GC-EI-TOF,yes; original MSP,MoNA-export-Volatile_FiehnLib(1).msp,GC oven: 50 C 1 min; 20 C/min to 330 C; hold 5 min. The distinct FAME retention index in Comments was not used.
978.0,octanone (2-),MoNA Volatile FiehnLib,FiehnLibVolatile0044,ZPVFWPFBNIEHGJ-UHFFFAOYSA-N,,,Rtx-5Sil MS,5% diphenyl / 95% dimethylpolysiloxane,Retention_index (alkane basis not explicit in export),GC-EI-TOF,yes; original MSP,MoNA-export-Volatile_FiehnLib(1).msp,GC oven: 50 C 1 min; 20 C/min to 330 C; hold 5 min. The distinct FAME retention index in Comments was not used.
978.0,sabinene,RI_Library,RI_Library.csv:53,,GUSA,"Lucero, et. al, Journal of Essential Oil Research 18 (2006) 121.",,,unspecified in source,,no,RI_Library(1).csv,Column and index definition were not supplied in this file.
979.0,β-pinene,RI_Library,RI_Library.csv:54,,DYAC,"Tellez et. al., Journal of Agricultural and Food Chemistry 45, 3276 (1997).",,,unspecified in source,,no,RI_Library(1).csv,Column and index definition were not supplied in this file.
980.0,b-pinene,RI_Library,RI_Library.csv:55,,FLCE,"Tellez et. al., Journal of essential oil research 9, 619 (Nov/Dec 1997).",,,unspecified in source,,no,RI_Library(1).csv,Column and index definition were not supplied in this file.
980.0,β-pinene,RI_Library,RI_Library.csv:56,,CHPU4,"Tellez et. al., Journal of Essential Oils Research 10, 201 (Mar/Apr 1998).",,,unspecified in source,,no,RI_Library(1).csv,Column and index definition were not supplied in this file.
981.0,pentyl furan (2-),MoNA Volatile FiehnLib,FiehnLibVolatile0075,YVBAUDVGOFCUSG-UHFFFAOYSA-N,,,Rtx-5Sil MS,5% diphenyl / 95% dimethylpolysiloxane,Retention_index (alkane basis not explicit in export),GC-EI-TOF,yes; original MSP,MoNA-export-Volatile_FiehnLib(1).msp,GC oven: 50 C 1 min; 20 C/min to 330 C; hold 5 min. The distinct FAME retention index in Comments was not used.
981.0,6-methyl-5-hepten-2-one,RI_Library,RI_Library.csv:57,,CELAS2,"Lucero et. al., in Sosebee, D. et. al. (Editors), 13th Wildland Shrub Symposium:  Shrubland Dynamics: Fire & Water, U.S. Department of Agriculture, Forest Service, Rocky Mountain Research Station., Lubbock, TX, USA, 2004, p. 142.",,,unspecified in source,,no,RI_Library(1).csv,Column and index definition were not supplied in this file.
981.0,octen-3-ol,RI_Library,RI_Library.csv:61,,KOSP,current study,,,unspecified in source,,no,RI_Library(1).csv,Column and index definition were not supplied in this file.
981.0,β-pinene,RI_Library,RI_Library.csv:58,,ANCA,"Medina et. al, Journal of Agricultural and Food Chemistry 53 (2005) 8694.",,,unspecified in source,,no,RI_Library(1).csv,Column and index definition were not supplied in this file.
981.0,β-pinene,RI_Library,RI_Library.csv:59,,CEGR,"Lucero et. al.,  Journal of essential oil research (in press).",,,unspecified in source,,no,RI_Library(1).csv,Column and index definition were not supplied in this file.
981.0,β-pinene,RI_Library,RI_Library.csv:60,,PSSC6,"Lucero et. al., Journal of Essential Oil Research 15 (2003) 108.",,,unspecified in source,,no,RI_Library(1).csv,Column and index definition were not supplied in this file.
982.0,β-pinene,RI_Library,RI_Library.csv:62,,DAFO,"Lucero et. al., Journal of essential oil research 17 (2005) 645.",,,unspecified in source,,no,RI_Library(1).csv,Column and index definition were not supplied in this file.
983.0,linalool oxide (dehydroxy-trans),MoNA Volatile FiehnLib,FiehnLibVolatile0125,XIGFNCYVSHOLIF-VHSXEESVSA-N,,,Rtx-5Sil MS,5% diphenyl / 95% dimethylpolysiloxane,Retention_index (alkane basis not explicit in export),GC-EI-TOF,yes; original MSP,MoNA-export-Volatile_FiehnLib(1).msp,GC oven: 50 C 1 min; 20 C/min to 330 C; hold 5 min. The distinct FAME retention index in Comments was not used.
983.0,6-methyl-5-hepten-2-one,RI_Library,RI_Library.csv:63,,KOSP,current study,,,unspecified in source,,no,RI_Library(1).csv,Column and index definition were not supplied in this file.
984.0,benzonitrile,MoNA Volatile FiehnLib,FiehnLibVolatile0159,JFDZBHWFFUWGJE-UHFFFAOYSA-N,,,Rtx-5Sil MS,5% diphenyl / 95% dimethylpolysiloxane,Retention_index (alkane basis not explicit in export),GC-EI-TOF,yes; original MSP,MoNA-export-Volatile_FiehnLib(1).msp,GC oven: 50 C 1 min; 20 C/min to 330 C; hold 5 min. The distinct FAME retention index in Comments was not used.
985.0,ethyl hexanoate,MoNA Volatile FiehnLib,FiehnLibVolatile0035,SHZIWNPUGXLXDT-UHFFFAOYSA-N,,,Rtx-5Sil MS,5% diphenyl / 95% dimethylpolysiloxane,Retention_index (alkane basis not explicit in export),GC-EI-TOF,yes; original MSP,MoNA-export-Volatile_FiehnLib(1).msp,GC oven: 50 C 1 min; 20 C/min to 330 C; hold 5 min. The distinct FAME retention index in Comments was not used.
985.0,6-methyl-5-hepten-2-one,RI_Library,RI_Library.csv:64,,FLCE,"Tellez et. al., Journal of essential oil research 9, 619 (Nov/Dec 1997).",,,unspecified in source,,no,RI_Library(1).csv,Column and index definition were not supplied in this file.
986.0,octanol (3-),MoNA Volatile FiehnLib,FiehnLibVolatile0029,NMRPBPVERJPACX-UHFFFAOYSA-N,,,Rtx-5Sil MS,5% diphenyl / 95% dimethylpolysiloxane,Retention_index (alkane basis not explicit in export),GC-EI-TOF,yes; original MSP,MoNA-export-Volatile_FiehnLib(1).msp,GC oven: 50 C 1 min; 20 C/min to 330 C; hold 5 min. The distinct FAME retention index in Comments was not used.
986.0,6-methyl-5-hepten-2-one,RI_Library,RI_Library.csv:65,,CEGR,"Lucero et. al.,  Journal of essential oil research (in press).",,,unspecified in source,,no,RI_Library(1).csv,Column and index definition were not supplied in this file.
986.0,6-methyl-5-heptene-2-one,RI_Library,RI_Library.csv:66,,GUSA,"Lucero, et. al, Journal of Essential Oil Research 18 (2006) 121.",,,unspecified in source,,no,RI_Library(1).csv,Column and index definition were not supplied in this file.
987.0,decane,MoNA Volatile FiehnLib,FiehnLibVolatile0184,DIOQZVSQGTUSAI-UHFFFAOYSA-N,,,Rtx-5Sil MS,5% diphenyl / 95% dimethylpolysiloxane,Retention_index (alkane basis not explicit in export),GC-EI-TOF,yes; original MSP,MoNA-export-Volatile_FiehnLib(1).msp,GC oven: 50 C 1 min; 20 C/min to 330 C; hold 5 min. The distinct FAME retention index in Comments was not used.
987.0,6-methyl-5-hepten-2-one,RI_Library,RI_Library.csv:67,,DAFO,"Lucero et. al., Journal of essential oil research 17 (2005) 645.",,,unspecified in source,,no,RI_Library(1).csv,Column and index definition were not supplied in this file.
987.0,6-methyl-5-hepten-2-one,RI_Library,RI_Library.csv:68,,PSSC6,"Lucero et. al., Journal of Essential Oil Research 15 (2003) 108.",,,unspecified in source,,no,RI_Library(1).csv,Column and index definition were not supplied in this file.
990.0,octanol (2-),MoNA Volatile FiehnLib,FiehnLibVolatile0182,SJWFXCIHNDVPSH-UHFFFAOYSA-N,,,Rtx-5Sil MS,5% diphenyl / 95% dimethylpolysiloxane,Retention_index (alkane basis not explicit in export),GC-EI-TOF,yes; original MSP,MoNA-export-Volatile_FiehnLib(1).msp,GC oven: 50 C 1 min; 20 C/min to 330 C; hold 5 min. The distinct FAME retention index in Comments was not used.
991.0,hexenyl acetate (3e-),MoNA Volatile FiehnLib,FiehnLibVolatile0081,NPFVOOAXDOBMCE-SNAWJCMRSA-N,,,Rtx-5Sil MS,5% diphenyl / 95% dimethylpolysiloxane,Retention_index (alkane basis not explicit in export),GC-EI-TOF,yes; original MSP,MoNA-export-Volatile_FiehnLib(1).msp,GC oven: 50 C 1 min; 20 C/min to 330 C; hold 5 min. The distinct FAME retention index in Comments was not used.
991.0,"dehydro-1,8-cineole",RI_Library,RI_Library.csv:69,,CEGR,"Lucero et. al.,  Journal of essential oil research (in press).",,,unspecified in source,,no,RI_Library(1).csv,Column and index definition were not supplied in this file.
991.0,myrcene,RI_Library,RI_Library.csv:70,,DYAC,"Tellez et. al., Journal of Agricultural and Food Chemistry 45, 3276 (1997).",,,unspecified in source,,no,RI_Library(1).csv,Column and index definition were not supplied in this file.
991.0,myrcene,RI_Library,RI_Library.csv:71,,FLCE,"Tellez et. al., Journal of essential oil research 9, 619 (Nov/Dec 1997).",,,unspecified in source,,no,RI_Library(1).csv,Column and index definition were not supplied in this file.
991.0,rnyrcene,RI_Library,RI_Library.csv:72,,CHPU4,"Tellez et. al., Journal of Essential Oils Research 10, 201 (Mar/Apr 1998).",,,unspecified in source,,no,RI_Library(1).csv,Column and index definition were not supplied in this file.
992.0,myrcene,RI_Library,RI_Library.csv:73,,ANCA,"Medina et. al, Journal of Agricultural and Food Chemistry 53 (2005) 8694.",,,unspecified in source,,no,RI_Library(1).csv,Column and index definition were not supplied in this file.
992.0,myrcene,RI_Library,RI_Library.csv:74,,CELAS2,"Lucero et. al., in Sosebee, D. et. al. (Editors), 13th Wildland Shrub Symposium:  Shrubland Dynamics: Fire & Water, U.S. Department of Agriculture, Forest Service, Rocky Mountain Research Station., Lubbock, TX, USA, 2004, p. 142.",,,unspecified in source,,no,RI_Library(1).csv,Column and index definition were not supplied in this file.
992.0,myrcene,RI_Library,RI_Library.csv:75,,CEGR,"Lucero et. al.,  Journal of essential oil research (in press).",,,unspecified in source,,no,RI_Library(1).csv,Column and index definition were not supplied in this file.
992.0,myrcene,RI_Library,RI_Library.csv:76,,PSSC6,"Lucero et. al., Journal of Essential Oil Research 15 (2003) 108.",,,unspecified in source,,no,RI_Library(1).csv,Column and index definition were not supplied in this file.
992.0,myrcrene,RI_Library,RI_Library.csv:77,,GUSA,"Lucero, et. al, Journal of Essential Oil Research 18 (2006) 121.",,,unspecified in source,,no,RI_Library(1).csv,Column and index definition were not supplied in this file.
993.0,myrcene,RI_Library,RI_Library.csv:78,,DAFO,"Lucero et. al., Journal of essential oil research 17 (2005) 645.",,,unspecified in source,,no,RI_Library(1).csv,Column and index definition were not supplied in this file.
994.0,6-methyl-5-hepten-2-ol,RI_Library,RI_Library.csv:79,,KOSP,current study,,,unspecified in source,,no,RI_Library(1).csv,Column and index definition were not supplied in this file.
995.0,octanal,MoNA Volatile FiehnLib,FiehnLibVolatile0023,NUJGJRNETVAIRJ-UHFFFAOYSA-N,,,Rtx-5Sil MS,5% diphenyl / 95% dimethylpolysiloxane,Retention_index (alkane basis not explicit in export),GC-EI-TOF,yes; original MSP,MoNA-export-Volatile_FiehnLib(1).msp,GC oven: 50 C 1 min; 20 C/min to 330 C; hold 5 min. The distinct FAME retention index in Comments was not used.
997.0,hexyl acetate,MoNA Volatile FiehnLib,FiehnLibVolatile0069,AOGQPLXWSUTHQB-UHFFFAOYSA-N,,,Rtx-5Sil MS,5% diphenyl / 95% dimethylpolysiloxane,Retention_index (alkane basis not explicit in export),GC-EI-TOF,yes; original MSP,MoNA-export-Volatile_FiehnLib(1).msp,GC oven: 50 C 1 min; 20 C/min to 330 C; hold 5 min. The distinct FAME retention index in Comments was not used.
997.0,yomogi alcohol,RI_Library,RI_Library.csv:80,,FLCE,"Tellez et. al., Journal of essential oil research 9, 619 (Nov/Dec 1997).",,,unspecified in source,,no,RI_Library(1).csv,Column and index definition were not supplied in this file.
999.0,linalool oxide (dehydroxy-cis-),MoNA Volatile FiehnLib,FiehnLibVolatile0131,XIGFNCYVSHOLIF-NXEZZACHSA-N,,,Rtx-5Sil MS,5% diphenyl / 95% dimethylpolysiloxane,Retention_index (alkane basis not explicit in export),GC-EI-TOF,yes; original MSP,MoNA-export-Volatile_FiehnLib(1).msp,GC oven: 50 C 1 min; 20 C/min to 330 C; hold 5 min. The distinct FAME retention index in Comments was not used.
1000.0,decane,IPPN-UFRJ measured n-alkane standards,IPPN-STD-C10,,,"Measured C8–C30 n-alkane calibration supplied by Ricardo M Borges, IPPN-UFRJ",DB-5MS,5% phenyl / 95% dimethylpolysiloxane,linear retention index; n-alkane calibration point,GC-MS,not provided,KOVATS_from_MZMine2.53(1).csv,"Known n-alkane standard; measured RT 446.10 s (7.4350 min). RI 1000 by definition at this calibration point. Same-run calibration, not independent validation of compound identity."
1001.0,n-octanal,RI_Library,RI_Library.csv:81,,CEGR,"Lucero et. al.,  Journal of essential oil research (in press).",,,unspecified in source,,no,RI_Library(1).csv,Column and index definition were not supplied in this file.
1004.0,a-phellandrene,RI_Library,RI_Library.csv:82,,CHPU4,"Tellez et. al., Journal of Essential Oils Research 10, 201 (Mar/Apr 1998).",,,unspecified in source,,no,RI_Library(1).csv,Column and index definition were not supplied in this file.
1004.0,a-phellandrene,RI_Library,RI_Library.csv:83,,DYAC,"Tellez et. al., Journal of Agricultural and Food Chemistry 45, 3276 (1997).",,,unspecified in source,,no,RI_Library(1).csv,Column and index definition were not supplied in this file.
1004.0,a-phellandrene,RI_Library,RI_Library.csv:84,,FLCE,"Tellez et. al., Journal of essential oil research 9, 619 (Nov/Dec 1997).",,,unspecified in source,,no,RI_Library(1).csv,Column and index definition were not supplied in this file.
1006.0,"heptadienal (2e,4e-)",MoNA Volatile FiehnLib,FiehnLibVolatile0057,SATICYYAWWYRAM-VNKDHWASSA-N,,,Rtx-5Sil MS,5% diphenyl / 95% dimethylpolysiloxane,Retention_index (alkane basis not explicit in export),GC-EI-TOF,yes; original MSP,MoNA-export-Volatile_FiehnLib(1).msp,GC oven: 50 C 1 min; 20 C/min to 330 C; hold 5 min. The distinct FAME retention index in Comments was not used.
1006.0,a-phellandrene,RI_Library,RI_Library.csv:85,,ANCA,"Medina et. al, Journal of Agricultural and Food Chemistry 53 (2005) 8694.",,,unspecified in source,,no,RI_Library(1).csv,Column and index definition were not supplied in this file.
1006.0,a-phellandrene,RI_Library,RI_Library.csv:86,,GUSA,"Lucero, et. al, Journal of Essential Oil Research 18 (2006) 121.",,,unspecified in source,,no,RI_Library(1).csv,Column and index definition were not supplied in this file.
1006.0,a-phellandrene,RI_Library,RI_Library.csv:87,,PSSC6,"Lucero et. al., Journal of Essential Oil Research 15 (2003) 108.",,,unspecified in source,,no,RI_Library(1).csv,Column and index definition were not supplied in this file.
1007.0,carene (delta-3-),MoNA Volatile FiehnLib,FiehnLibVolatile0163,BQOFWKZOCNGFEC-UHFFFAOYSA-N,,,Rtx-5Sil MS,5% diphenyl / 95% dimethylpolysiloxane,Retention_index (alkane basis not explicit in export),GC-EI-TOF,yes; original MSP,MoNA-export-Volatile_FiehnLib(1).msp,GC oven: 50 C 1 min; 20 C/min to 330 C; hold 5 min. The distinct FAME retention index in Comments was not used.
1007.0,dichlorobenzene,MoNA Volatile FiehnLib,FiehnLibVolatile0070,RFFLAFLAYFXFSW-UHFFFAOYSA-N,,,Rtx-5Sil MS,5% diphenyl / 95% dimethylpolysiloxane,Retention_index (alkane basis not explicit in export),GC-EI-TOF,yes; original MSP,MoNA-export-Volatile_FiehnLib(1).msp,GC oven: 50 C 1 min; 20 C/min to 330 C; hold 5 min. The distinct FAME retention index in Comments was not used.
1007.0,α-phellandrene,RI_Library,RI_Library.csv:88,,DAFO,"Lucero et. al., Journal of essential oil research 17 (2005) 645.",,,unspecified in source,,no,RI_Library(1).csv,Column and index definition were not supplied in this file.
1011.0,d-3-carene,RI_Library,RI_Library.csv:89,,FLCE,"Tellez et. al., Journal of essential oil research 9, 619 (Nov/Dec 1997).",,,unspecified in source,,no,RI_Library(1).csv,Column and index definition were not supplied in this file.
1011.0,δ-3-carene,RI_Library,RI_Library.csv:90,,CHPU4,"Tellez et. al., Journal of Essential Oils Research 10, 201 (Mar/Apr 1998).",,,unspecified in source,,no,RI_Library(1).csv,Column and index definition were not supplied in this file.
1011.0,δ-3-carene,RI_Library,RI_Library.csv:91,,DYAC,"Tellez et. al., Journal of Agricultural and Food Chemistry 45, 3276 (1997).",,,unspecified in source,,no,RI_Library(1).csv,Column and index definition were not supplied in this file.
1012.0,δ-3-carene,RI_Library,RI_Library.csv:92,,CEGR,"Lucero et. al.,  Journal of essential oil research (in press).",,,unspecified in source,,no,RI_Library(1).csv,Column and index definition were not supplied in this file.
1013.0,δ-3-carene,RI_Library,RI_Library.csv:93,,CELAS2,"Lucero et. al., in Sosebee, D. et. al. (Editors), 13th Wildland Shrub Symposium:  Shrubland Dynamics: Fire & Water, U.S. Department of Agriculture, Forest Service, Rocky Mountain Research Station., Lubbock, TX, USA, 2004, p. 142.",,,unspecified in source,,no,RI_Library(1).csv,Column and index definition were not supplied in this file.
1013.0,δ-3-carene,RI_Library,RI_Library.csv:94,,GUSA,"Lucero, et. al, Journal of Essential Oil Research 18 (2006) 121.",,,unspecified in source,,no,RI_Library(1).csv,Column and index definition were not supplied in this file.
1014.0,δ-3-carene,RI_Library,RI_Library.csv:95,,DAFO,"Lucero et. al., Journal of essential oil research 17 (2005) 645.",,,unspecified in source,,no,RI_Library(1).csv,Column and index definition were not supplied in this file.
1017.0,α-terpinene,RI_Library,RI_Library.csv:96,,CHPU4,"Tellez et. al., Journal of Essential Oils Research 10, 201 (Mar/Apr 1998).",,,unspecified in source,,no,RI_Library(1).csv,Column and index definition were not supplied in this file.
1017.0,α-terpinene,RI_Library,RI_Library.csv:97,,DYAC,"Tellez et. al., Journal of Agricultural and Food Chemistry 45, 3276 (1997).",,,unspecified in source,,no,RI_Library(1).csv,Column and index definition were not supplied in this file.
1018.0,α-terpinene,RI_Library,RI_Library.csv:98,,FLCE,"Tellez et. al., Journal of essential oil research 9, 619 (Nov/Dec 1997).",,,unspecified in source,,no,RI_Library(1).csv,Column and index definition were not supplied in this file.
1019.0,α-terpinene,RI_Library,RI_Library.csv:99,,GUSA,"Lucero, et. al, Journal of Essential Oil Research 18 (2006) 121.",,,unspecified in source,,no,RI_Library(1).csv,Column and index definition were not supplied in this file.
1019.0,α-terpinene,RI_Library,RI_Library.csv:100,,PSSC6,"Lucero et. al., Journal of Essential Oil Research 15 (2003) 108.",,,unspecified in source,,no,RI_Library(1).csv,Column and index definition were not supplied in this file.
1020.0,ethylhexanol,MoNA Volatile FiehnLib,FiehnLibVolatile0018,YIWUKEYIRIRTPP-UHFFFAOYSA-N,,,Rtx-5Sil MS,5% diphenyl / 95% dimethylpolysiloxane,Retention_index (alkane basis not explicit in export),GC-EI-TOF,yes; original MSP,MoNA-export-Volatile_FiehnLib(1).msp,GC oven: 50 C 1 min; 20 C/min to 330 C; hold 5 min. The distinct FAME retention index in Comments was not used.
1020.0,α-terpinene,RI_Library,RI_Library.csv:101,,DAFO,"Lucero et. al., Journal of essential oil research 17 (2005) 645.",,,unspecified in source,,no,RI_Library(1).csv,Column and index definition were not supplied in this file.
1021.0,p-methylanisole,RI_Library,RI_Library.csv:102,,KOSP,current study,,,unspecified in source,,no,RI_Library(1).csv,Column and index definition were not supplied in this file.
1022.0,cymene (ortho-),MoNA Volatile FiehnLib,FiehnLibVolatile0212,WWRCMNKATXZARA-UHFFFAOYSA-N,,,Rtx-5Sil MS,5% diphenyl / 95% dimethylpolysiloxane,Retention_index (alkane basis not explicit in export),GC-EI-TOF,yes; original MSP,MoNA-export-Volatile_FiehnLib(1).msp,GC oven: 50 C 1 min; 20 C/min to 330 C; hold 5 min. The distinct FAME retention index in Comments was not used.
1024.0,r-cymene,RI_Library,RI_Library.csv:103,,GUSA,"Lucero, et. al, Journal of Essential Oil Research 18 (2006) 121.",,,unspecified in source,,no,RI_Library(1).csv,Column and index definition were not supplied in this file.
1025.0,limonene,MoNA Volatile FiehnLib,FiehnLibVolatile0195,XMGQYMWWDOXHJM-UHFFFAOYSA-N,,,Rtx-5Sil MS,5% diphenyl / 95% dimethylpolysiloxane,Retention_index (alkane basis not explicit in export),GC-EI-TOF,yes; original MSP,MoNA-export-Volatile_FiehnLib(1).msp,GC oven: 50 C 1 min; 20 C/min to 330 C; hold 5 min. The distinct FAME retention index in Comments was not used.
1025.0,p-cymene,RI_Library,RI_Library.csv:104,,FLCE,"Tellez et. al., Journal of essential oil research 9, 619 (Nov/Dec 1997).",,,unspecified in source,,no,RI_Library(1).csv,Column and index definition were not supplied in this file.
1025.0,r-cymene,RI_Library,RI_Library.csv:105,,CHPU4,"Tellez et. al., Journal of Essential Oils Research 10, 201 (Mar/Apr 1998).",,,unspecified in source,,no,RI_Library(1).csv,Column and index definition were not supplied in this file.
1025.0,r-cymene,RI_Library,RI_Library.csv:106,,DYAC,"Tellez et. al., Journal of Agricultural and Food Chemistry 45, 3276 (1997).",,,unspecified in source,,no,RI_Library(1).csv,Column and index definition were not supplied in this file.
1027.0,o-cymene,RI_Library,RI_Library.csv:107,,GUSA,"Lucero, et. al, Journal of Essential Oil Research 18 (2006) 121.",,,unspecified in source,,no,RI_Library(1).csv,Column and index definition were not supplied in this file.
1027.0,r-cymene,RI_Library,RI_Library.csv:108,,ANCA,"Medina et. al, Journal of Agricultural and Food Chemistry 53 (2005) 8694.",,,unspecified in source,,no,RI_Library(1).csv,Column and index definition were not supplied in this file.
1027.0,r-cymene,RI_Library,RI_Library.csv:109,,CELAS2,"Lucero et. al., in Sosebee, D. et. al. (Editors), 13th Wildland Shrub Symposium:  Shrubland Dynamics: Fire & Water, U.S. Department of Agriculture, Forest Service, Rocky Mountain Research Station., Lubbock, TX, USA, 2004, p. 142.",,,unspecified in source,,no,RI_Library(1).csv,Column and index definition were not supplied in this file.
1027.0,r-cymene,RI_Library,RI_Library.csv:110,,PSSC6,"Lucero et. al., Journal of Essential Oil Research 15 (2003) 108.",,,unspecified in source,,no,RI_Library(1).csv,Column and index definition were not supplied in this file.
1028.0,r-cymene,RI_Library,RI_Library.csv:111,,DAFO,"Lucero et. al., Journal of essential oil research 17 (2005) 645.",,,unspecified in source,,no,RI_Library(1).csv,Column and index definition were not supplied in this file.
1030.0,limonene,RI_Library,RI_Library.csv:112,,DYAC,"Tellez et. al., Journal of Agricultural and Food Chemistry 45, 3276 (1997).",,,unspecified in source,,no,RI_Library(1).csv,Column and index definition were not supplied in this file.
1031.0,limonene,RI_Library,RI_Library.csv:113,,CEGR,"Lucero et. al.,  Journal of essential oil research (in press).",,,unspecified in source,,no,RI_Library(1).csv,Column and index definition were not supplied in this file.
1031.0,limonene,RI_Library,RI_Library.csv:114,,FLCE,"Tellez et. al., Journal of essential oil research 9, 619 (Nov/Dec 1997).",,,unspecified in source,,no,RI_Library(1).csv,Column and index definition were not supplied in this file.
1031.0,β-phellandrene,RI_Library,RI_Library.csv:115,,CHPU4,"Tellez et. al., Journal of Essential Oils Research 10, 201 (Mar/Apr 1998).",,,unspecified in source,,no,RI_Library(1).csv,Column and index definition were not supplied in this file.
1032.0,benzyl alcohol,MoNA Volatile FiehnLib,FiehnLibVolatile0158,WVDDGKGOMKODPV-UHFFFAOYSA-N,,,Rtx-5Sil MS,5% diphenyl / 95% dimethylpolysiloxane,Retention_index (alkane basis not explicit in export),GC-EI-TOF,yes; original MSP,MoNA-export-Volatile_FiehnLib(1).msp,GC oven: 50 C 1 min; 20 C/min to 330 C; hold 5 min. The distinct FAME retention index in Comments was not used.
1032.0,limonene,RI_Library,RI_Library.csv:116,,CELAS2,"Lucero et. al., in Sosebee, D. et. al. (Editors), 13th Wildland Shrub Symposium:  Shrubland Dynamics: Fire & Water, U.S. Department of Agriculture, Forest Service, Rocky Mountain Research Station., Lubbock, TX, USA, 2004, p. 142.",,,unspecified in source,,no,RI_Library(1).csv,Column and index definition were not supplied in this file.
1032.0,limonene,RI_Library,RI_Library.csv:117,,PSSC6,"Lucero et. al., Journal of Essential Oil Research 15 (2003) 108.",,,unspecified in source,,no,RI_Library(1).csv,Column and index definition were not supplied in this file.
1032.0,β-phellandrene,RI_Library,RI_Library.csv:118,,ANCA,"Medina et. al, Journal of Agricultural and Food Chemistry 53 (2005) 8694.",,,unspecified in source,,no,RI_Library(1).csv,Column and index definition were not supplied in this file.
1033.0,"cineole (1,8-)",MoNA Volatile FiehnLib,FiehnLibVolatile0139,WEEGYLXZBRQIMU-UHFFFAOYSA-N,,,Rtx-5Sil MS,5% diphenyl / 95% dimethylpolysiloxane,Retention_index (alkane basis not explicit in export),GC-EI-TOF,yes; original MSP,MoNA-export-Volatile_FiehnLib(1).msp,GC oven: 50 C 1 min; 20 C/min to 330 C; hold 5 min. The distinct FAME retention index in Comments was not used.
1033.0,"1,8-cineole",RI_Library,RI_Library.csv:119,,FLCE,"Tellez et. al., Journal of essential oil research 9, 619 (Nov/Dec 1997).",,,unspecified in source,,no,RI_Library(1).csv,Column and index definition were not supplied in this file.
1033.0,"1,8-cineole",RI_Library,RI_Library.csv:120,,DYAC,"Tellez et. al., Journal of Agricultural and Food Chemistry 45, 3276 (1997).",,,unspecified in source,,no,RI_Library(1).csv,Column and index definition were not supplied in this file.
1033.0,limonene,RI_Library,RI_Library.csv:121,,DAFO,"Lucero et. al., Journal of essential oil research 17 (2005) 645.",,,unspecified in source,,no,RI_Library(1).csv,Column and index definition were not supplied in this file.
1033.0,limonene,RI_Library,RI_Library.csv:122,,GUSA,"Lucero, et. al, Journal of Essential Oil Research 18 (2006) 121.",,,unspecified in source,,no,RI_Library(1).csv,Column and index definition were not supplied in this file.
1035.0,"1,8-cineole",RI_Library,RI_Library.csv:123,,ANCA,"Medina et. al, Journal of Agricultural and Food Chemistry 53 (2005) 8694.",,,unspecified in source,,no,RI_Library(1).csv,Column and index definition were not supplied in this file.
1038.0,ocimene (e-beta-),MoNA Volatile FiehnLib,FiehnLibVolatile0128,IHPKGUQCSIINRJ-CSKARUKUSA-N,,,Rtx-5Sil MS,5% diphenyl / 95% dimethylpolysiloxane,Retention_index (alkane basis not explicit in export),GC-EI-TOF,yes; original MSP,MoNA-export-Volatile_FiehnLib(1).msp,GC oven: 50 C 1 min; 20 C/min to 330 C; hold 5 min. The distinct FAME retention index in Comments was not used.
1039.0,(Z)-b-ocimene,RI_Library,RI_Library.csv:124,,FLCE,"Tellez et. al., Journal of essential oil research 9, 619 (Nov/Dec 1997).",,,unspecified in source,,no,RI_Library(1).csv,Column and index definition were not supplied in this file.
1039.0,(Z)-β-ocirnene,RI_Library,RI_Library.csv:125,,CHPU4,"Tellez et. al., Journal of Essential Oils Research 10, 201 (Mar/Apr 1998).",,,unspecified in source,,no,RI_Library(1).csv,Column and index definition were not supplied in this file.
1040.0,(Z)-β-ocimene,RI_Library,RI_Library.csv:126,,DYAC,"Tellez et. al., Journal of Agricultural and Food Chemistry 45, 3276 (1997).",,,unspecified in source,,no,RI_Library(1).csv,Column and index definition were not supplied in this file.
1041.0,(Z)-β-ocimene,RI_Library,RI_Library.csv:127,,ANCA,"Medina et. al, Journal of Agricultural and Food Chemistry 53 (2005) 8694.",,,unspecified in source,,no,RI_Library(1).csv,Column and index definition were not supplied in this file.
1041.0,(Z)-β-ocimene,RI_Library,RI_Library.csv:128,,DAFO,"Lucero et. al., Journal of essential oil research 17 (2005) 645.",,,unspecified in source,,no,RI_Library(1).csv,Column and index definition were not supplied in this file.
1041.0,(Z)-β-ocimene,RI_Library,RI_Library.csv:129,,GUSA,"Lucero, et. al, Journal of Essential Oil Research 18 (2006) 121.",,,unspecified in source,,no,RI_Library(1).csv,Column and index definition were not supplied in this file.
1041.0,(Z)-β-ocimene,RI_Library,RI_Library.csv:130,,PSSC6,"Lucero et. al., Journal of Essential Oil Research 15 (2003) 108.",,,unspecified in source,,no,RI_Library(1).csv,Column and index definition were not supplied in this file.
1043.0,"1,8-cineole",RI_Library,RI_Library.csv:131,,CELAS2,"Lucero et. al., in Sosebee, D. et. al. (Editors), 13th Wildland Shrub Symposium:  Shrubland Dynamics: Fire & Water, U.S. Department of Agriculture, Forest Service, Rocky Mountain Research Station., Lubbock, TX, USA, 2004, p. 142.",,,unspecified in source,,no,RI_Library(1).csv,Column and index definition were not supplied in this file.
1043.0,phenylacetaldehyde,RI_Library,RI_Library.csv:132,,DYAC,"Tellez et. al., Journal of Agricultural and Food Chemistry 45, 3276 (1997).",,,unspecified in source,,no,RI_Library(1).csv,Column and index definition were not supplied in this file.
1043.0,phenylacetaldehyde,RI_Library,RI_Library.csv:133,,FLCE,"Tellez et. al., Journal of essential oil research 9, 619 (Nov/Dec 1997).",,,unspecified in source,,no,RI_Library(1).csv,Column and index definition were not supplied in this file.
1044.0,cresol (ortho-),MoNA Volatile FiehnLib,FiehnLibVolatile0113,QWVGKYWNOKOFNN-UHFFFAOYSA-N,,,Rtx-5Sil MS,5% diphenyl / 95% dimethylpolysiloxane,Retention_index (alkane basis not explicit in export),GC-EI-TOF,yes; original MSP,MoNA-export-Volatile_FiehnLib(1).msp,GC oven: 50 C 1 min; 20 C/min to 330 C; hold 5 min. The distinct FAME retention index in Comments was not used.
1044.0,phenylacetaldehyde,RI_Library,RI_Library.csv:134,,DAFO,"Lucero et. al., Journal of essential oil research 17 (2005) 645.",,,unspecified in source,,no,RI_Library(1).csv,Column and index definition were not supplied in this file.
1044.0,phenylacetaldehyde,RI_Library,RI_Library.csv:135,,GUSA,"Lucero, et. al, Journal of Essential Oil Research 18 (2006) 121.",,,unspecified in source,,no,RI_Library(1).csv,Column and index definition were not supplied in this file.
1045.0,phenylacetaldehyde,MoNA Volatile FiehnLib,FiehnLibVolatile0032,DTUQWGWMVIHBKE-UHFFFAOYSA-N,,,Rtx-5Sil MS,5% diphenyl / 95% dimethylpolysiloxane,Retention_index (alkane basis not explicit in export),GC-EI-TOF,yes; original MSP,MoNA-export-Volatile_FiehnLib(1).msp,GC oven: 50 C 1 min; 20 C/min to 330 C; hold 5 min. The distinct FAME retention index in Comments was not used.
1045.0,phenylacetaldehyde,RI_Library,RI_Library.csv:136,,PSSC6,"Lucero et. al., Journal of Essential Oil Research 15 (2003) 108.",,,unspecified in source,,no,RI_Library(1).csv,Column and index definition were not supplied in this file.
1047.0,bergamal,MoNA Volatile FiehnLib,FiehnLibVolatile0134,YGFGZTXGYTUXBA-UHFFFAOYSA-N,,,Rtx-5Sil MS,5% diphenyl / 95% dimethylpolysiloxane,Retention_index (alkane basis not explicit in export),GC-EI-TOF,yes; original MSP,MoNA-export-Volatile_FiehnLib(1).msp,GC oven: 50 C 1 min; 20 C/min to 330 C; hold 5 min. The distinct FAME retention index in Comments was not used.
1050.0,(E)-b-ocimene,RI_Library,RI_Library.csv:137,,FLCE,"Tellez et. al., Journal of essential oil research 9, 619 (Nov/Dec 1997).",,,unspecified in source,,no,RI_Library(1).csv,Column and index definition were not supplied in this file.
1050.0,(E)-β-ocirnene,RI_Library,RI_Library.csv:138,,CHPU4,"Tellez et. al., Journal of Essential Oils Research 10, 201 (Mar/Apr 1998).",,,unspecified in source,,no,RI_Library(1).csv,Column and index definition were not supplied in this file.
1051.0,(E)-β-ocimene,RI_Library,RI_Library.csv:139,,DYAC,"Tellez et. al., Journal of Agricultural and Food Chemistry 45, 3276 (1997).",,,unspecified in source,,no,RI_Library(1).csv,Column and index definition were not supplied in this file.
1052.0,(E)-β-ocimene,RI_Library,RI_Library.csv:140,,ANCA,"Medina et. al, Journal of Agricultural and Food Chemistry 53 (2005) 8694.",,,unspecified in source,,no,RI_Library(1).csv,Column and index definition were not supplied in this file.
1052.0,(E)-β-ocimene,RI_Library,RI_Library.csv:141,,DAFO,"Lucero et. al., Journal of essential oil research 17 (2005) 645.",,,unspecified in source,,no,RI_Library(1).csv,Column and index definition were not supplied in this file.
1052.0,(E)-β-ocimene,RI_Library,RI_Library.csv:142,,GUSA,"Lucero, et. al, Journal of Essential Oil Research 18 (2006) 121.",,,unspecified in source,,no,RI_Library(1).csv,Column and index definition were not supplied in this file.
1052.0,(E)-β-ocimene,RI_Library,RI_Library.csv:143,,PSSC6,"Lucero et. al., Journal of Essential Oil Research 15 (2003) 108.",,,unspecified in source,,no,RI_Library(1).csv,Column and index definition were not supplied in this file.
1055.0,(E)-2-octenal,MoNA Volatile FiehnLib,FiehnLibVolatile0022,LVBXEMGDVWVTGY-VOTSOKGWSA-N,,,Rtx-5Sil MS,5% diphenyl / 95% dimethylpolysiloxane,Retention_index (alkane basis not explicit in export),GC-EI-TOF,yes; original MSP,MoNA-export-Volatile_FiehnLib(1).msp,GC oven: 50 C 1 min; 20 C/min to 330 C; hold 5 min. The distinct FAME retention index in Comments was not used.
1059.0,terpinene (gamma-),MoNA Volatile FiehnLib,FiehnLibVolatile0171,YKFLAYDHMOASIY-UHFFFAOYSA-N,,,Rtx-5Sil MS,5% diphenyl / 95% dimethylpolysiloxane,Retention_index (alkane basis not explicit in export),GC-EI-TOF,yes; original MSP,MoNA-export-Volatile_FiehnLib(1).msp,GC oven: 50 C 1 min; 20 C/min to 330 C; hold 5 min. The distinct FAME retention index in Comments was not used.
1060.0,octanol,MoNA Volatile FiehnLib,FiehnLibVolatile0083,KBPLFHHGFOOTCA-UHFFFAOYSA-N,,,Rtx-5Sil MS,5% diphenyl / 95% dimethylpolysiloxane,Retention_index (alkane basis not explicit in export),GC-EI-TOF,yes; original MSP,MoNA-export-Volatile_FiehnLib(1).msp,GC oven: 50 C 1 min; 20 C/min to 330 C; hold 5 min. The distinct FAME retention index in Comments was not used.
1061.0,artemisia ketone,RI_Library,RI_Library.csv:144,,FLCE,"Tellez et. al., Journal of essential oil research 9, 619 (Nov/Dec 1997).",,,unspecified in source,,no,RI_Library(1).csv,Column and index definition were not supplied in this file.
1061.0,g-terpinene,RI_Library,RI_Library.csv:145,,FLCE,"Tellez et. al., Journal of essential oil research 9, 619 (Nov/Dec 1997).",,,unspecified in source,,no,RI_Library(1).csv,Column and index definition were not supplied in this file.
1061.0,y-terpinene,RI_Library,RI_Library.csv:146,,CHPU4,"Tellez et. al., Journal of Essential Oils Research 10, 201 (Mar/Apr 1998).",,,unspecified in source,,no,RI_Library(1).csv,Column and index definition were not supplied in this file.
1061.0,y-terpinene,RI_Library,RI_Library.csv:147,,DYAC,"Tellez et. al., Journal of Agricultural and Food Chemistry 45, 3276 (1997).",,,unspecified in source,,no,RI_Library(1).csv,Column and index definition were not supplied in this file.
1062.0,y-terpinene,RI_Library,RI_Library.csv:148,,GUSA,"Lucero, et. al, Journal of Essential Oil Research 18 (2006) 121.",,,unspecified in source,,no,RI_Library(1).csv,Column and index definition were not supplied in this file.
1062.0,y-terpinene,RI_Library,RI_Library.csv:149,,PSSC6,"Lucero et. al., Journal of Essential Oil Research 15 (2003) 108.",,,unspecified in source,,no,RI_Library(1).csv,Column and index definition were not supplied in this file.
1062.0,γ-terpinene,RI_Library,RI_Library.csv:150,,DAFO,"Lucero et. al., Journal of essential oil research 17 (2005) 645.",,,unspecified in source,,no,RI_Library(1).csv,Column and index definition were not supplied in this file.
1064.0,dihydromyrcenol,MoNA Volatile FiehnLib,FiehnLibVolatile0097,XSNQECSCDATQEL-UHFFFAOYSA-N,,,Rtx-5Sil MS,5% diphenyl / 95% dimethylpolysiloxane,Retention_index (alkane basis not explicit in export),GC-EI-TOF,yes; original MSP,MoNA-export-Volatile_FiehnLib(1).msp,GC oven: 50 C 1 min; 20 C/min to 330 C; hold 5 min. The distinct FAME retention index in Comments was not used.
1066.0,cresol (meta-),MoNA Volatile FiehnLib,FiehnLibVolatile0151,RLSSMJSEOOYNOY-UHFFFAOYSA-N,,,Rtx-5Sil MS,5% diphenyl / 95% dimethylpolysiloxane,Retention_index (alkane basis not explicit in export),GC-EI-TOF,yes; original MSP,MoNA-export-Volatile_FiehnLib(1).msp,GC oven: 50 C 1 min; 20 C/min to 330 C; hold 5 min. The distinct FAME retention index in Comments was not used.
1066.0,acetophenone,RI_Library,RI_Library.csv:151,,CEGR,"Lucero et. al.,  Journal of essential oil research (in press).",,,unspecified in source,,no,RI_Library(1).csv,Column and index definition were not supplied in this file.
1068.0,cis-sabinene hydrate,RI_Library,RI_Library.csv:152,,FLCE,"Tellez et. al., Journal of essential oil research 9, 619 (Nov/Dec 1997).",,,unspecified in source,,no,RI_Library(1).csv,Column and index definition were not supplied in this file.
1069.0,acetophenone,MoNA Volatile FiehnLib,FiehnLibVolatile0055,KWOLFJPFCHCOCG-UHFFFAOYSA-N,,,Rtx-5Sil MS,5% diphenyl / 95% dimethylpolysiloxane,Retention_index (alkane basis not explicit in export),GC-EI-TOF,yes; original MSP,MoNA-export-Volatile_FiehnLib(1).msp,GC oven: 50 C 1 min; 20 C/min to 330 C; hold 5 min. The distinct FAME retention index in Comments was not used.
1069.0,"linalool oxide (cis-, furanoid)",MoNA Volatile FiehnLib,FiehnLibVolatile0124,BRHDDEIRQPDPMG-LHIURRSHSA-N,,,Rtx-5Sil MS,5% diphenyl / 95% dimethylpolysiloxane,Retention_index (alkane basis not explicit in export),GC-EI-TOF,yes; original MSP,MoNA-export-Volatile_FiehnLib(1).msp,GC oven: 50 C 1 min; 20 C/min to 330 C; hold 5 min. The distinct FAME retention index in Comments was not used.
1069.0,cis-sabinene hydrate,RI_Library,RI_Library.csv:153,,ANCA,"Medina et. al, Journal of Agricultural and Food Chemistry 53 (2005) 8694.",,,unspecified in source,,no,RI_Library(1).csv,Column and index definition were not supplied in this file.
1069.0,cis-sabinene hydrate,RI_Library,RI_Library.csv:154,,DYAC,"Tellez et. al., Journal of Agricultural and Food Chemistry 45, 3276 (1997).",,,unspecified in source,,no,RI_Library(1).csv,Column and index definition were not supplied in this file.
1070.0,cis-sabinene hydrate,RI_Library,RI_Library.csv:155,,GUSA,"Lucero, et. al, Journal of Essential Oil Research 18 (2006) 121.",,,unspecified in source,,no,RI_Library(1).csv,Column and index definition were not supplied in this file.
1072.0,n-octanol,RI_Library,RI_Library.csv:156,,KOSP,current study,,,unspecified in source,,no,RI_Library(1).csv,Column and index definition were not supplied in this file.
1072.0,n-octanol,RI_Library,RI_Library.csv:157,,CEGR,"Lucero et. al.,  Journal of essential oil research (in press).",,,unspecified in source,,no,RI_Library(1).csv,Column and index definition were not supplied in this file.
1074.0,sabinene hydrate (cis-),MoNA Volatile FiehnLib,FiehnLibVolatile0170,KXSDPILWMGFJMM-UHFFFAOYSA-N,,,Rtx-5Sil MS,5% diphenyl / 95% dimethylpolysiloxane,Retention_index (alkane basis not explicit in export),GC-EI-TOF,yes; original MSP,MoNA-export-Volatile_FiehnLib(1).msp,GC oven: 50 C 1 min; 20 C/min to 330 C; hold 5 min. The distinct FAME retention index in Comments was not used.
1074.0,cis-linalool oxide (furanoid),RI_Library,RI_Library.csv:158,,FLCE,"Tellez et. al., Journal of essential oil research 9, 619 (Nov/Dec 1997).",,,unspecified in source,,no,RI_Library(1).csv,Column and index definition were not supplied in this file.
1075.0,tolualdehyde (para-),MoNA Volatile FiehnLib,FiehnLibVolatile0191,FXLOVSHXALFLKQ-UHFFFAOYSA-N,,,Rtx-5Sil MS,5% diphenyl / 95% dimethylpolysiloxane,Retention_index (alkane basis not explicit in export),GC-EI-TOF,yes; original MSP,MoNA-export-Volatile_FiehnLib(1).msp,GC oven: 50 C 1 min; 20 C/min to 330 C; hold 5 min. The distinct FAME retention index in Comments was not used.
1075.0,m-cresol,RI_Library,RI_Library.csv:159,,CEGR,"Lucero et. al.,  Journal of essential oil research (in press).",,,unspecified in source,,no,RI_Library(1).csv,Column and index definition were not supplied in this file.
1083.0,artemisia alcohol,RI_Library,RI_Library.csv:160,,FLCE,"Tellez et. al., Journal of essential oil research 9, 619 (Nov/Dec 1997).",,,unspecified in source,,no,RI_Library(1).csv,Column and index definition were not supplied in this file.
1085.0,artemisia alcohol,RI_Library,RI_Library.csv:161,,CELAS2,"Lucero et. al., in Sosebee, D. et. al. (Editors), 13th Wildland Shrub Symposium:  Shrubland Dynamics: Fire & Water, U.S. Department of Agriculture, Forest Service, Rocky Mountain Research Station., Lubbock, TX, USA, 2004, p. 142.",,,unspecified in source,,no,RI_Library(1).csv,Column and index definition were not supplied in this file.
1087.0,hexenyl propionate (3z-),MoNA Volatile FiehnLib,FiehnLibVolatile0115,LGTLDEUQCOJGFP-WAYWQWQTSA-N,,,Rtx-5Sil MS,5% diphenyl / 95% dimethylpolysiloxane,Retention_index (alkane basis not explicit in export),GC-EI-TOF,yes; original MSP,MoNA-export-Volatile_FiehnLib(1).msp,GC oven: 50 C 1 min; 20 C/min to 330 C; hold 5 min. The distinct FAME retention index in Comments was not used.
1087.0,"p-mentha-2,4(8)-diene",RI_Library,RI_Library.csv:162,,FLCE,"Tellez et. al., Journal of essential oil research 9, 619 (Nov/Dec 1997).",,,unspecified in source,,no,RI_Library(1).csv,Column and index definition were not supplied in this file.
1088.0,terpinolene,RI_Library,RI_Library.csv:163,,DYAC,"Tellez et. al., Journal of Agricultural and Food Chemistry 45, 3276 (1997).",,,unspecified in source,,no,RI_Library(1).csv,Column and index definition were not supplied in this file.
1089.0,terpinolene,MoNA Volatile FiehnLib,FiehnLibVolatile0173,MOYAFQVGZZPNRA-UHFFFAOYSA-N,,,Rtx-5Sil MS,5% diphenyl / 95% dimethylpolysiloxane,Retention_index (alkane basis not explicit in export),GC-EI-TOF,yes; original MSP,MoNA-export-Volatile_FiehnLib(1).msp,GC oven: 50 C 1 min; 20 C/min to 330 C; hold 5 min. The distinct FAME retention index in Comments was not used.
1089.0,"p-mentha-2,4(8)diene",RI_Library,RI_Library.csv:164,,CEGR,"Lucero et. al.,  Journal of essential oil research (in press).",,,unspecified in source,,no,RI_Library(1).csv,Column and index definition were not supplied in this file.
1089.0,terpinolene,RI_Library,RI_Library.csv:165,,ANCA,"Medina et. al, Journal of Agricultural and Food Chemistry 53 (2005) 8694.",,,unspecified in source,,no,RI_Library(1).csv,Column and index definition were not supplied in this file.
1089.0,terpinolene,RI_Library,RI_Library.csv:166,,CHPU4,"Tellez et. al., Journal of Essential Oils Research 10, 201 (Mar/Apr 1998).",,,unspecified in source,,no,RI_Library(1).csv,Column and index definition were not supplied in this file.
1089.0,terpinolene,RI_Library,RI_Library.csv:167,,FLCE,"Tellez et. al., Journal of essential oil research 9, 619 (Nov/Dec 1997).",,,unspecified in source,,no,RI_Library(1).csv,Column and index definition were not supplied in this file.
1089.0,terpinolene,RI_Library,RI_Library.csv:168,,PSSC6,"Lucero et. al., Journal of Essential Oil Research 15 (2003) 108.",,,unspecified in source,,no,RI_Library(1).csv,Column and index definition were not supplied in this file.
1090.0,"p-mentha-2,4(8)-diene",RI_Library,RI_Library.csv:169,,GUSA,"Lucero, et. al, Journal of Essential Oil Research 18 (2006) 121.",,,unspecified in source,,no,RI_Library(1).csv,Column and index definition were not supplied in this file.
1090.0,terpinolene,RI_Library,RI_Library.csv:170,,DAFO,"Lucero et. al., Journal of essential oil research 17 (2005) 645.",,,unspecified in source,,no,RI_Library(1).csv,Column and index definition were not supplied in this file.
1091.0,methybenzoate,RI_Library,RI_Library.csv:171,,KOSP,current study,,,unspecified in source,,no,RI_Library(1).csv,Column and index definition were not supplied in this file.
1092.0,linalool,MoNA Volatile FiehnLib,FiehnLibVolatile0084,CDOSHBSSFJOMGT-UHFFFAOYSA-N,,,Rtx-5Sil MS,5% diphenyl / 95% dimethylpolysiloxane,Retention_index (alkane basis not explicit in export),GC-EI-TOF,yes; original MSP,MoNA-export-Volatile_FiehnLib(1).msp,GC oven: 50 C 1 min; 20 C/min to 330 C; hold 5 min. The distinct FAME retention index in Comments was not used.
1093.0,undecane,MoNA Volatile FiehnLib,FiehnLibVolatile0046,RSJKGSCJYJTIGS-UHFFFAOYSA-N,,,Rtx-5Sil MS,5% diphenyl / 95% dimethylpolysiloxane,Retention_index (alkane basis not explicit in export),GC-EI-TOF,yes; original MSP,MoNA-export-Volatile_FiehnLib(1).msp,GC oven: 50 C 1 min; 20 C/min to 330 C; hold 5 min. The distinct FAME retention index in Comments was not used.
1096.0,trans-sabinene hydrate,RI_Library,RI_Library.csv:172,,DYAC,"Tellez et. al., Journal of Agricultural and Food Chemistry 45, 3276 (1997).",,,unspecified in source,,no,RI_Library(1).csv,Column and index definition were not supplied in this file.
1096.0,trans-sabinene hydrate,RI_Library,RI_Library.csv:173,,FLCE,"Tellez et. al., Journal of essential oil research 9, 619 (Nov/Dec 1997).",,,unspecified in source,,no,RI_Library(1).csv,Column and index definition were not supplied in this file.
1097.0,methyl benzoate,MoNA Volatile FiehnLib,FiehnLibVolatile0071,QPJVMBTYPHYUOC-UHFFFAOYSA-N,,,Rtx-5Sil MS,5% diphenyl / 95% dimethylpolysiloxane,Retention_index (alkane basis not explicit in export),GC-EI-TOF,yes; original MSP,MoNA-export-Volatile_FiehnLib(1).msp,GC oven: 50 C 1 min; 20 C/min to 330 C; hold 5 min. The distinct FAME retention index in Comments was not used.
1097.0,linalool,RI_Library,RI_Library.csv:174,,DYAC,"Tellez et. al., Journal of Agricultural and Food Chemistry 45, 3276 (1997).",,,unspecified in source,,no,RI_Library(1).csv,Column and index definition were not supplied in this file.
1099.0,linalool,RI_Library,RI_Library.csv:175,,ANCA,"Medina et. al, Journal of Agricultural and Food Chemistry 53 (2005) 8694.",,,unspecified in source,,no,RI_Library(1).csv,Column and index definition were not supplied in this file.
1099.0,linalool,RI_Library,RI_Library.csv:176,,CHPU4,"Tellez et. al., Journal of Essential Oils Research 10, 201 (Mar/Apr 1998).",,,unspecified in source,,no,RI_Library(1).csv,Column and index definition were not supplied in this file.
1099.0,linalool,RI_Library,RI_Library.csv:177,,DAFO,"Lucero et. al., Journal of essential oil research 17 (2005) 645.",,,unspecified in source,,no,RI_Library(1).csv,Column and index definition were not supplied in this file.
1099.0,linalool,RI_Library,RI_Library.csv:178,,FLCE,"Tellez et. al., Journal of essential oil research 9, 619 (Nov/Dec 1997).",,,unspecified in source,,no,RI_Library(1).csv,Column and index definition were not supplied in this file.
1100.0,undecane,IPPN-UFRJ measured n-alkane standards,IPPN-STD-C11,,,"Measured C8–C30 n-alkane calibration supplied by Ricardo M Borges, IPPN-UFRJ",DB-5MS,5% phenyl / 95% dimethylpolysiloxane,linear retention index; n-alkane calibration point,GC-MS,not provided,KOVATS_from_MZMine2.53(1).csv,"Known n-alkane standard; measured RT 661.50 s (11.0250 min). RI 1100 by definition at this calibration point. Same-run calibration, not independent validation of compound identity."
1101.0,nonanal,MoNA Volatile FiehnLib,FiehnLibVolatile0013,GYHFUZHODSMOHU-UHFFFAOYSA-N,,,Rtx-5Sil MS,5% diphenyl / 95% dimethylpolysiloxane,Retention_index (alkane basis not explicit in export),GC-EI-TOF,yes; original MSP,MoNA-export-Volatile_FiehnLib(1).msp,GC oven: 50 C 1 min; 20 C/min to 330 C; hold 5 min. The distinct FAME retention index in Comments was not used.
1104.0,ethyl hexanoic acid (2-),MoNA Volatile FiehnLib,FiehnLibVolatile0096,OBETXYAYXDNJHR-UHFFFAOYSA-N,,,Rtx-5Sil MS,5% diphenyl / 95% dimethylpolysiloxane,Retention_index (alkane basis not explicit in export),GC-EI-TOF,yes; original MSP,MoNA-export-Volatile_FiehnLib(1).msp,GC oven: 50 C 1 min; 20 C/min to 330 C; hold 5 min. The distinct FAME retention index in Comments was not used.
1107.0,menth-2-en-1-ol (cis-para-),MoNA Volatile FiehnLib,FiehnLibVolatile0179,ZTYHGIAOVUPAAH-UHFFFAOYSA-N,,,Rtx-5Sil MS,5% diphenyl / 95% dimethylpolysiloxane,Retention_index (alkane basis not explicit in export),GC-EI-TOF,yes; original MSP,MoNA-export-Volatile_FiehnLib(1).msp,GC oven: 50 C 1 min; 20 C/min to 330 C; hold 5 min. The distinct FAME retention index in Comments was not used.
1110.0,thujone (trans-),MoNA Volatile FiehnLib,FiehnLibVolatile0193,USMNOWBWPHYOEA-XKSSXDPKSA-N,,,Rtx-5Sil MS,5% diphenyl / 95% dimethylpolysiloxane,Retention_index (alkane basis not explicit in export),GC-EI-TOF,yes; original MSP,MoNA-export-Volatile_FiehnLib(1).msp,GC oven: 50 C 1 min; 20 C/min to 330 C; hold 5 min. The distinct FAME retention index in Comments was not used.
1111.0,"p-mentha-1,3,8-triene",RI_Library,RI_Library.csv:179,,FLCE,"Tellez et. al., Journal of essential oil research 9, 619 (Nov/Dec 1997).",,,unspecified in source,,no,RI_Library(1).csv,Column and index definition were not supplied in this file.
1113.0,"1,3,8-p-menthatriene",RI_Library,RI_Library.csv:180,,GUSA,"Lucero, et. al, Journal of Essential Oil Research 18 (2006) 121.",,,unspecified in source,,no,RI_Library(1).csv,Column and index definition were not supplied in this file.
1114.0,endo-fenchol,RI_Library,RI_Library.csv:181,,PSSC6,"Lucero et. al., Journal of Essential Oil Research 15 (2003) 108.",,,unspecified in source,,no,RI_Library(1).csv,Column and index definition were not supplied in this file.
1114.0,trans-thujone,RI_Library,RI_Library.csv:182,,GUSA,"Lucero, et. al, Journal of Essential Oil Research 18 (2006) 121.",,,unspecified in source,,no,RI_Library(1).csv,Column and index definition were not supplied in this file.
1115.0,C08 FAME,MoNA Volatile FiehnLib,FiehnLibVolatile0003,JGHZJRVDZXSNKQ-UHFFFAOYSA-N,,,Rtx-5Sil MS,5% diphenyl / 95% dimethylpolysiloxane,Retention_index (alkane basis not explicit in export),GC-EI-TOF,yes; original MSP,MoNA-export-Volatile_FiehnLib(1).msp,GC oven: 50 C 1 min; 20 C/min to 330 C; hold 5 min. The distinct FAME retention index in Comments was not used.
1118.0,phenyl ethyl alcohol,MoNA Volatile FiehnLib,FiehnLibVolatile0031,WAPNOHKVXSQRPX-UHFFFAOYSA-N,,,Rtx-5Sil MS,5% diphenyl / 95% dimethylpolysiloxane,Retention_index (alkane basis not explicit in export),GC-EI-TOF,yes; original MSP,MoNA-export-Volatile_FiehnLib(1).msp,GC oven: 50 C 1 min; 20 C/min to 330 C; hold 5 min. The distinct FAME retention index in Comments was not used.
1118.0,isophorone,RI_Library,RI_Library.csv:183,,DYAC,"Tellez et. al., Journal of Agricultural and Food Chemistry 45, 3276 (1997).",,,unspecified in source,,no,RI_Library(1).csv,Column and index definition were not supplied in this file.
1119.0,dehydro-sabina ketone,RI_Library,RI_Library.csv:184,,GUSA,"Lucero, et. al, Journal of Essential Oil Research 18 (2006) 121.",,,unspecified in source,,no,RI_Library(1).csv,Column and index definition were not supplied in this file.
1121.0,cis-pinene hydrate,RI_Library,RI_Library.csv:185,,PSSC6,"Lucero et. al., Journal of Essential Oil Research 15 (2003) 108.",,,unspecified in source,,no,RI_Library(1).csv,Column and index definition were not supplied in this file.
1123.0,chrysanthenone,RI_Library,RI_Library.csv:186,,DYAC,"Tellez et. al., Journal of Agricultural and Food Chemistry 45, 3276 (1997).",,,unspecified in source,,no,RI_Library(1).csv,Column and index definition were not supplied in this file.
1123.0,cis-p-menth-2-en-1-ol,RI_Library,RI_Library.csv:187,,DAFO,"Lucero et. al., Journal of essential oil research 17 (2005) 645.",,,unspecified in source,,no,RI_Library(1).csv,Column and index definition were not supplied in this file.
1124.0,ocimene (allo-),MoNA Volatile FiehnLib,FiehnLibVolatile0135,GQVMHMFBVWSSPF-SOYUKNQTSA-N,,,Rtx-5Sil MS,5% diphenyl / 95% dimethylpolysiloxane,Retention_index (alkane basis not explicit in export),GC-EI-TOF,yes; original MSP,MoNA-export-Volatile_FiehnLib(1).msp,GC oven: 50 C 1 min; 20 C/min to 330 C; hold 5 min. The distinct FAME retention index in Comments was not used.
1127.0,α-campholenal,RI_Library,RI_Library.csv:188,,DAFO,"Lucero et. al., Journal of essential oil research 17 (2005) 645.",,,unspecified in source,,no,RI_Library(1).csv,Column and index definition were not supplied in this file.
1127.0,α-campholenal,RI_Library,RI_Library.csv:189,,GUSA,"Lucero, et. al, Journal of Essential Oil Research 18 (2006) 121.",,,unspecified in source,,no,RI_Library(1).csv,Column and index definition were not supplied in this file.
1127.0,α-campholenal,RI_Library,RI_Library.csv:190,,PSSC6,"Lucero et. al., Journal of Essential Oil Research 15 (2003) 108.",,,unspecified in source,,no,RI_Library(1).csv,Column and index definition were not supplied in this file.
1134.0,hexenyl isobutanoate (3z-),MoNA Volatile FiehnLib,FiehnLibVolatile0109,OSMAJVWUIUORGC-WAYWQWQTSA-N,,,Rtx-5Sil MS,5% diphenyl / 95% dimethylpolysiloxane,Retention_index (alkane basis not explicit in export),GC-EI-TOF,yes; original MSP,MoNA-export-Volatile_FiehnLib(1).msp,GC oven: 50 C 1 min; 20 C/min to 330 C; hold 5 min. The distinct FAME retention index in Comments was not used.
1137.0,"cis-p-mentha-2,4-dien-1-ol",RI_Library,RI_Library.csv:191,,CEGR,"Lucero et. al.,  Journal of essential oil research (in press).",,,unspecified in source,,no,RI_Library(1).csv,Column and index definition were not supplied in this file.
1138.0,nopinone,RI_Library,RI_Library.csv:192,,GUSA,"Lucero, et. al, Journal of Essential Oil Research 18 (2006) 121.",,,unspecified in source,,no,RI_Library(1).csv,Column and index definition were not supplied in this file.
1139.0,trans-pinocarveol,RI_Library,RI_Library.csv:193,,FLCE,"Tellez et. al., Journal of essential oil research 9, 619 (Nov/Dec 1997).",,,unspecified in source,,no,RI_Library(1).csv,Column and index definition were not supplied in this file.
1141.0,trans-p-menth-2-en-1-ol,RI_Library,RI_Library.csv:196,,DAFO,"Lucero et. al., Journal of essential oil research 17 (2005) 645.",,,unspecified in source,,no,RI_Library(1).csv,Column and index definition were not supplied in this file.
1141.0,trans-pinocarveol,RI_Library,RI_Library.csv:194,,GUSA,"Lucero, et. al, Journal of Essential Oil Research 18 (2006) 121.",,,unspecified in source,,no,RI_Library(1).csv,Column and index definition were not supplied in this file.
1141.0,trans-pinocarveol,RI_Library,RI_Library.csv:195,,PSSC6,"Lucero et. al., Journal of Essential Oil Research 15 (2003) 108.",,,unspecified in source,,no,RI_Library(1).csv,Column and index definition were not supplied in this file.
1143.0,cis-pinene hydrate,RI_Library,RI_Library.csv:197,,ANCA,"Medina et. al, Journal of Agricultural and Food Chemistry 53 (2005) 8694.",,,unspecified in source,,no,RI_Library(1).csv,Column and index definition were not supplied in this file.
1143.0,cis-verbenol,RI_Library,RI_Library.csv:198,,CEGR,"Lucero et. al.,  Journal of essential oil research (in press).",,,unspecified in source,,no,RI_Library(1).csv,Column and index definition were not supplied in this file.
1143.0,cis-verbenol,RI_Library,RI_Library.csv:199,,GUSA,"Lucero, et. al, Journal of Essential Oil Research 18 (2006) 121.",,,unspecified in source,,no,RI_Library(1).csv,Column and index definition were not supplied in this file.
1144.0,camphor,RI_Library,RI_Library.csv:200,,DYAC,"Tellez et. al., Journal of Agricultural and Food Chemistry 45, 3276 (1997).",,,unspecified in source,,no,RI_Library(1).csv,Column and index definition were not supplied in this file.
1144.0,camphor,RI_Library,RI_Library.csv:201,,FLCE,"Tellez et. al., Journal of essential oil research 9, 619 (Nov/Dec 1997).",,,unspecified in source,,no,RI_Library(1).csv,Column and index definition were not supplied in this file.
1145.0,camphor,RI_Library,RI_Library.csv:202,,ANCA,"Medina et. al, Journal of Agricultural and Food Chemistry 53 (2005) 8694.",,,unspecified in source,,no,RI_Library(1).csv,Column and index definition were not supplied in this file.
1145.0,neoallo-ocimene,RI_Library,RI_Library.csv:203,,FLCE,"Tellez et. al., Journal of essential oil research 9, 619 (Nov/Dec 1997).",,,unspecified in source,,no,RI_Library(1).csv,Column and index definition were not supplied in this file.
1146.0,camphor,RI_Library,RI_Library.csv:204,,DAFO,"Lucero et. al., Journal of essential oil research 17 (2005) 645.",,,unspecified in source,,no,RI_Library(1).csv,Column and index definition were not supplied in this file.
1146.0,trans-verbenol,RI_Library,RI_Library.csv:205,,FLCE,"Tellez et. al., Journal of essential oil research 9, 619 (Nov/Dec 1997).",,,unspecified in source,,no,RI_Library(1).csv,Column and index definition were not supplied in this file.
1147.0,trans-verbenol,RI_Library,RI_Library.csv:206,,CEGR,"Lucero et. al.,  Journal of essential oil research (in press).",,,unspecified in source,,no,RI_Library(1).csv,Column and index definition were not supplied in this file.
1147.0,trans-verbenol,RI_Library,RI_Library.csv:207,,GUSA,"Lucero, et. al, Journal of Essential Oil Research 18 (2006) 121.",,,unspecified in source,,no,RI_Library(1).csv,Column and index definition were not supplied in this file.
1150.0,camphene,RI_Library,RI_Library.csv:208,,DAFO,"Lucero et. al., Journal of essential oil research 17 (2005) 645.",,,unspecified in source,,no,RI_Library(1).csv,Column and index definition were not supplied in this file.
1150.0,camphene hydrate,RI_Library,RI_Library.csv:209,,PSSC6,"Lucero et. al., Journal of Essential Oil Research 15 (2003) 108.",,,unspecified in source,,no,RI_Library(1).csv,Column and index definition were not supplied in this file.
1151.0,citronellal,MoNA Volatile FiehnLib,FiehnLibVolatile0167,NEHNMFOYXAPHSD-UHFFFAOYSA-N,,,Rtx-5Sil MS,5% diphenyl / 95% dimethylpolysiloxane,Retention_index (alkane basis not explicit in export),GC-EI-TOF,yes; original MSP,MoNA-export-Volatile_FiehnLib(1).msp,GC oven: 50 C 1 min; 20 C/min to 330 C; hold 5 min. The distinct FAME retention index in Comments was not used.
1153.0,"nonadienal (2e, 6z)",MoNA Volatile FiehnLib,FiehnLibVolatile0072,HZYHMHHBBBSGHB-DYWGDJMRSA-N,,,Rtx-5Sil MS,5% diphenyl / 95% dimethylpolysiloxane,Retention_index (alkane basis not explicit in export),GC-EI-TOF,yes; original MSP,MoNA-export-Volatile_FiehnLib(1).msp,GC oven: 50 C 1 min; 20 C/min to 330 C; hold 5 min. The distinct FAME retention index in Comments was not used.
1157.0,octanoic acid,MoNA Volatile FiehnLib,FiehnLibVolatile0047,WWZKQHOCKIZLMA-UHFFFAOYSA-N,,,Rtx-5Sil MS,5% diphenyl / 95% dimethylpolysiloxane,Retention_index (alkane basis not explicit in export),GC-EI-TOF,yes; original MSP,MoNA-export-Volatile_FiehnLib(1).msp,GC oven: 50 C 1 min; 20 C/min to 330 C; hold 5 min. The distinct FAME retention index in Comments was not used.
1158.0,isobomeol,RI_Library,RI_Library.csv:210,,FLCE,"Tellez et. al., Journal of essential oil research 9, 619 (Nov/Dec 1997).",,,unspecified in source,,no,RI_Library(1).csv,Column and index definition were not supplied in this file.
1158.0,sabina ketone,RI_Library,RI_Library.csv:211,,GUSA,"Lucero, et. al, Journal of Essential Oil Research 18 (2006) 121.",,,unspecified in source,,no,RI_Library(1).csv,Column and index definition were not supplied in this file.
1159.0,nonen-1-al (2e-),MoNA Volatile FiehnLib,FiehnLibVolatile0061,BSAIUMLZVGUGKX-BQYQJAHWSA-N,,,Rtx-5Sil MS,5% diphenyl / 95% dimethylpolysiloxane,Retention_index (alkane basis not explicit in export),GC-EI-TOF,yes; original MSP,MoNA-export-Volatile_FiehnLib(1).msp,GC oven: 50 C 1 min; 20 C/min to 330 C; hold 5 min. The distinct FAME retention index in Comments was not used.
1160.0,isocitral (z-),MoNA Volatile FiehnLib,FiehnLibVolatile0141,OJLMARCQPSGYNE-UXBLZVDNSA-N,,,Rtx-5Sil MS,5% diphenyl / 95% dimethylpolysiloxane,Retention_index (alkane basis not explicit in export),GC-EI-TOF,yes; original MSP,MoNA-export-Volatile_FiehnLib(1).msp,GC oven: 50 C 1 min; 20 C/min to 330 C; hold 5 min. The distinct FAME retention index in Comments was not used.
1163.0,cis-chrysanthemol,RI_Library,RI_Library.csv:212,,DYAC,"Tellez et. al., Journal of Agricultural and Food Chemistry 45, 3276 (1997).",,,unspecified in source,,no,RI_Library(1).csv,Column and index definition were not supplied in this file.
1163.0,cis-chrysanthemol,RI_Library,RI_Library.csv:213,,FLCE,"Tellez et. al., Journal of essential oil research 9, 619 (Nov/Dec 1997).",,,unspecified in source,,no,RI_Library(1).csv,Column and index definition were not supplied in this file.
1164.0,menthone (iso-),MoNA Volatile FiehnLib,FiehnLibVolatile0192,NFLGAXVYCFJBMK-UHFFFAOYSA-N,,,Rtx-5Sil MS,5% diphenyl / 95% dimethylpolysiloxane,Retention_index (alkane basis not explicit in export),GC-EI-TOF,yes; original MSP,MoNA-export-Volatile_FiehnLib(1).msp,GC oven: 50 C 1 min; 20 C/min to 330 C; hold 5 min. The distinct FAME retention index in Comments was not used.
1164.0,pinocarvone,RI_Library,RI_Library.csv:214,,DAFO,"Lucero et. al., Journal of essential oil research 17 (2005) 645.",,,unspecified in source,,no,RI_Library(1).csv,Column and index definition were not supplied in this file.
1164.0,pinocarvone,RI_Library,RI_Library.csv:215,,GUSA,"Lucero, et. al, Journal of Essential Oil Research 18 (2006) 121.",,,unspecified in source,,no,RI_Library(1).csv,Column and index definition were not supplied in this file.
1165.0,benzyl acetate,MoNA Volatile FiehnLib,FiehnLibVolatile0152,QUKGYYKBILRGFE-UHFFFAOYSA-N,,,Rtx-5Sil MS,5% diphenyl / 95% dimethylpolysiloxane,Retention_index (alkane basis not explicit in export),GC-EI-TOF,yes; original MSP,MoNA-export-Volatile_FiehnLib(1).msp,GC oven: 50 C 1 min; 20 C/min to 330 C; hold 5 min. The distinct FAME retention index in Comments was not used.
1165.0,borneol,RI_Library,RI_Library.csv:216,,DYAC,"Tellez et. al., Journal of Agricultural and Food Chemistry 45, 3276 (1997).",,,unspecified in source,,no,RI_Library(1).csv,Column and index definition were not supplied in this file.
1166.0,borneol,RI_Library,RI_Library.csv:217,,FLCE,"Tellez et. al., Journal of essential oil research 9, 619 (Nov/Dec 1997).",,,unspecified in source,,no,RI_Library(1).csv,Column and index definition were not supplied in this file.
1167.0,nonanol,MoNA Volatile FiehnLib,FiehnLibVolatile0080,ZWRUINPWMLAQRD-UHFFFAOYSA-N,,,Rtx-5Sil MS,5% diphenyl / 95% dimethylpolysiloxane,Retention_index (alkane basis not explicit in export),GC-EI-TOF,yes; original MSP,MoNA-export-Volatile_FiehnLib(1).msp,GC oven: 50 C 1 min; 20 C/min to 330 C; hold 5 min. The distinct FAME retention index in Comments was not used.
1167.0,borneol,RI_Library,RI_Library.csv:218,,PSSC6,"Lucero et. al., Journal of Essential Oil Research 15 (2003) 108.",,,unspecified in source,,no,RI_Library(1).csv,Column and index definition were not supplied in this file.
1168.0,borneol,RI_Library,RI_Library.csv:219,,ANCA,"Medina et. al, Journal of Agricultural and Food Chemistry 53 (2005) 8694.",,,unspecified in source,,no,RI_Library(1).csv,Column and index definition were not supplied in this file.
1168.0,borneol,RI_Library,RI_Library.csv:220,,GUSA,"Lucero, et. al, Journal of Essential Oil Research 18 (2006) 121.",,,unspecified in source,,no,RI_Library(1).csv,Column and index definition were not supplied in this file.
1170.0,diethylsuccinate,MoNA Volatile FiehnLib,FiehnLibVolatile0156,DKMROQRQHGEIOW-UHFFFAOYSA-N,,,Rtx-5Sil MS,5% diphenyl / 95% dimethylpolysiloxane,Retention_index (alkane basis not explicit in export),GC-EI-TOF,yes; original MSP,MoNA-export-Volatile_FiehnLib(1).msp,GC oven: 50 C 1 min; 20 C/min to 330 C; hold 5 min. The distinct FAME retention index in Comments was not used.
1171.0,ethyl-benzoate,RI_Library,RI_Library.csv:221,,CEGR,"Lucero et. al.,  Journal of essential oil research (in press).",,,unspecified in source,,no,RI_Library(1).csv,Column and index definition were not supplied in this file.
1171.0,ethyl-benzoate,RI_Library,RI_Library.csv:222,,PSSC6,"Lucero et. al., Journal of Essential Oil Research 15 (2003) 108.",,,unspecified in source,,no,RI_Library(1).csv,Column and index definition were not supplied in this file.
1174.0,isopinocamphone,RI_Library,RI_Library.csv:223,,DAFO,"Lucero et. al., Journal of essential oil research 17 (2005) 645.",,,unspecified in source,,no,RI_Library(1).csv,Column and index definition were not supplied in this file.
1176.0,"linalool oxide (trans, pyranoid)",MoNA Volatile FiehnLib,FiehnLibVolatile0073,BCTBAGTXFYWYMW-PSASIEDQSA-N,,,Rtx-5Sil MS,5% diphenyl / 95% dimethylpolysiloxane,Retention_index (alkane basis not explicit in export),GC-EI-TOF,yes; original MSP,MoNA-export-Volatile_FiehnLib(1).msp,GC oven: 50 C 1 min; 20 C/min to 330 C; hold 5 min. The distinct FAME retention index in Comments was not used.
1177.0,terpinen-4-ol,RI_Library,RI_Library.csv:224,,DYAC,"Tellez et. al., Journal of Agricultural and Food Chemistry 45, 3276 (1997).",,,unspecified in source,,no,RI_Library(1).csv,Column and index definition were not supplied in this file.
1177.0,terpinen-4-ol,RI_Library,RI_Library.csv:225,,FLCE,"Tellez et. al., Journal of essential oil research 9, 619 (Nov/Dec 1997).",,,unspecified in source,,no,RI_Library(1).csv,Column and index definition were not supplied in this file.
1178.0,terpene-4-ol,RI_Library,RI_Library.csv:226,,CEGR,"Lucero et. al.,  Journal of essential oil research (in press).",,,unspecified in source,,no,RI_Library(1).csv,Column and index definition were not supplied in this file.
1178.0,terpene-4-ol,RI_Library,RI_Library.csv:227,,CHPU4,"Tellez et. al., Journal of Essential Oils Research 10, 201 (Mar/Apr 1998).",,,unspecified in source,,no,RI_Library(1).csv,Column and index definition were not supplied in this file.
1178.0,terpene-4-ol,RI_Library,RI_Library.csv:228,,DAFO,"Lucero et. al., Journal of essential oil research 17 (2005) 645.",,,unspecified in source,,no,RI_Library(1).csv,Column and index definition were not supplied in this file.
1178.0,terpene-4-ol,RI_Library,RI_Library.csv:229,,PSSC6,"Lucero et. al., Journal of Essential Oil Research 15 (2003) 108.",,,unspecified in source,,no,RI_Library(1).csv,Column and index definition were not supplied in this file.
1179.0,terpene-4-ol,RI_Library,RI_Library.csv:230,,GUSA,"Lucero, et. al, Journal of Essential Oil Research 18 (2006) 121.",,,unspecified in source,,no,RI_Library(1).csv,Column and index definition were not supplied in this file.
1180.0,m-cymen-8-ol,RI_Library,RI_Library.csv:231,,FLCE,"Tellez et. al., Journal of essential oil research 9, 619 (Nov/Dec 1997).",,,unspecified in source,,no,RI_Library(1).csv,Column and index definition were not supplied in this file.
1181.0,hexenyl butanoate (3z-),MoNA Volatile FiehnLib,FiehnLibVolatile0187,ZCHOPXVYTWUHDS-WAYWQWQTSA-N,,,Rtx-5Sil MS,5% diphenyl / 95% dimethylpolysiloxane,Retention_index (alkane basis not explicit in export),GC-EI-TOF,yes; original MSP,MoNA-export-Volatile_FiehnLib(1).msp,GC oven: 50 C 1 min; 20 C/min to 330 C; hold 5 min. The distinct FAME retention index in Comments was not used.
1182.0,m-cymen-8-ol,RI_Library,RI_Library.csv:232,,GUSA,"Lucero, et. al, Journal of Essential Oil Research 18 (2006) 121.",,,unspecified in source,,no,RI_Library(1).csv,Column and index definition were not supplied in this file.
1183.0,p-cymen-8-ol,RI_Library,RI_Library.csv:233,,FLCE,"Tellez et. al., Journal of essential oil research 9, 619 (Nov/Dec 1997).",,,unspecified in source,,no,RI_Library(1).csv,Column and index definition were not supplied in this file.
1183.0,p-methyl-acetophenone,RI_Library,RI_Library.csv:234,,PSSC6,"Lucero et. al., Journal of Essential Oil Research 15 (2003) 108.",,,unspecified in source,,no,RI_Library(1).csv,Column and index definition were not supplied in this file.
1184.0,decanone (3-),MoNA Volatile FiehnLib,FiehnLibVolatile0090,XJLDYKIEURAVBW-UHFFFAOYSA-N,,,Rtx-5Sil MS,5% diphenyl / 95% dimethylpolysiloxane,Retention_index (alkane basis not explicit in export),GC-EI-TOF,yes; original MSP,MoNA-export-Volatile_FiehnLib(1).msp,GC oven: 50 C 1 min; 20 C/min to 330 C; hold 5 min. The distinct FAME retention index in Comments was not used.
1184.0,p-cymen-8-ol,RI_Library,RI_Library.csv:235,,CEGR,"Lucero et. al.,  Journal of essential oil research (in press).",,,unspecified in source,,no,RI_Library(1).csv,Column and index definition were not supplied in this file.
1184.0,p-cymen-8-ol,RI_Library,RI_Library.csv:236,,DYAC,"Tellez et. al., Journal of Agricultural and Food Chemistry 45, 3276 (1997).",,,unspecified in source,,no,RI_Library(1).csv,Column and index definition were not supplied in this file.
1184.0,p-cymen-8-ol,RI_Library,RI_Library.csv:237,,PSSC6,"Lucero et. al., Journal of Essential Oil Research 15 (2003) 108.",,,unspecified in source,,no,RI_Library(1).csv,Column and index definition were not supplied in this file.
1185.0,menthol (iso-),MoNA Volatile FiehnLib,FiehnLibVolatile0099,NOOLISFMXDJSKH-OPRDCNLKSA-N,,,Rtx-5Sil MS,5% diphenyl / 95% dimethylpolysiloxane,Retention_index (alkane basis not explicit in export),GC-EI-TOF,yes; original MSP,MoNA-export-Volatile_FiehnLib(1).msp,GC oven: 50 C 1 min; 20 C/min to 330 C; hold 5 min. The distinct FAME retention index in Comments was not used.
1185.0,cryptone,RI_Library,RI_Library.csv:238,,GUSA,"Lucero, et. al, Journal of Essential Oil Research 18 (2006) 121.",,,unspecified in source,,no,RI_Library(1).csv,Column and index definition were not supplied in this file.
1186.0,"ethanol, 2-(2-butoxyethoxy)-",MoNA Volatile FiehnLib,FiehnLibVolatile0014,OAYXUHPQHDHDDZ-UHFFFAOYSA-N,,,Rtx-5Sil MS,5% diphenyl / 95% dimethylpolysiloxane,Retention_index (alkane basis not explicit in export),GC-EI-TOF,yes; original MSP,MoNA-export-Volatile_FiehnLib(1).msp,GC oven: 50 C 1 min; 20 C/min to 330 C; hold 5 min. The distinct FAME retention index in Comments was not used.
1186.0,(Z)-3-hexenyl butyrate,RI_Library,RI_Library.csv:239,,FLCE,"Tellez et. al., Journal of essential oil research 9, 619 (Nov/Dec 1997).",,,unspecified in source,,no,RI_Library(1).csv,Column and index definition were not supplied in this file.
1187.0,p-cymen-8-ol,RI_Library,RI_Library.csv:240,,DAFO,"Lucero et. al., Journal of essential oil research 17 (2005) 645.",,,unspecified in source,,no,RI_Library(1).csv,Column and index definition were not supplied in this file.
1189.0,a-terpineol,RI_Library,RI_Library.csv:241,,DYAC,"Tellez et. al., Journal of Agricultural and Food Chemistry 45, 3276 (1997).",,,unspecified in source,,no,RI_Library(1).csv,Column and index definition were not supplied in this file.
1189.0,a-terpineol,RI_Library,RI_Library.csv:242,,FLCE,"Tellez et. al., Journal of essential oil research 9, 619 (Nov/Dec 1997).",,,unspecified in source,,no,RI_Library(1).csv,Column and index definition were not supplied in this file.
1190.0,decanone (2-),MoNA Volatile FiehnLib,FiehnLibVolatile0021,ZAJNGDIORYACQU-UHFFFAOYSA-N,,,Rtx-5Sil MS,5% diphenyl / 95% dimethylpolysiloxane,Retention_index (alkane basis not explicit in export),GC-EI-TOF,yes; original MSP,MoNA-export-Volatile_FiehnLib(1).msp,GC oven: 50 C 1 min; 20 C/min to 330 C; hold 5 min. The distinct FAME retention index in Comments was not used.
1190.0,ethyl octanoate,MoNA Volatile FiehnLib,FiehnLibVolatile0034,YYZUSRORWSJGET-UHFFFAOYSA-N,,,Rtx-5Sil MS,5% diphenyl / 95% dimethylpolysiloxane,Retention_index (alkane basis not explicit in export),GC-EI-TOF,yes; original MSP,MoNA-export-Volatile_FiehnLib(1).msp,GC oven: 50 C 1 min; 20 C/min to 330 C; hold 5 min. The distinct FAME retention index in Comments was not used.
1190.0,a-terpineol,RI_Library,RI_Library.csv:243,,ANCA,"Medina et. al, Journal of Agricultural and Food Chemistry 53 (2005) 8694.",,,unspecified in source,,no,RI_Library(1).csv,Column and index definition were not supplied in this file.
1190.0,a-terpineol,RI_Library,RI_Library.csv:244,,CEGR,"Lucero et. al.,  Journal of essential oil research (in press).",,,unspecified in source,,no,RI_Library(1).csv,Column and index definition were not supplied in this file.
1190.0,a-terpineol,RI_Library,RI_Library.csv:245,,CHPU4,"Tellez et. al., Journal of Essential Oils Research 10, 201 (Mar/Apr 1998).",,,unspecified in source,,no,RI_Library(1).csv,Column and index definition were not supplied in this file.
1190.0,a-terpineol,RI_Library,RI_Library.csv:246,,PSSC6,"Lucero et. al., Journal of Essential Oil Research 15 (2003) 108.",,,unspecified in source,,no,RI_Library(1).csv,Column and index definition were not supplied in this file.
1191.0,methyl salicylate,RI_Library,RI_Library.csv:247,,KOSP,current study,,,unspecified in source,,no,RI_Library(1).csv,Column and index definition were not supplied in this file.
1192.0,methyl salicylate,RI_Library,RI_Library.csv:248,,CEGR,"Lucero et. al.,  Journal of essential oil research (in press).",,,unspecified in source,,no,RI_Library(1).csv,Column and index definition were not supplied in this file.
1194.0,cis-piperitol,RI_Library,RI_Library.csv:249,,DYAC,"Tellez et. al., Journal of Agricultural and Food Chemistry 45, 3276 (1997).",,,unspecified in source,,no,RI_Library(1).csv,Column and index definition were not supplied in this file.
1194.0,myrtenol,RI_Library,RI_Library.csv:250,,FLCE,"Tellez et. al., Journal of essential oil research 9, 619 (Nov/Dec 1997).",,,unspecified in source,,no,RI_Library(1).csv,Column and index definition were not supplied in this file.
1195.0,cymen-9-ol (para-),MoNA Volatile FiehnLib,FiehnLibVolatile0147,CLFDIFDNDWRHJF-UHFFFAOYSA-N,,,Rtx-5Sil MS,5% diphenyl / 95% dimethylpolysiloxane,Retention_index (alkane basis not explicit in export),GC-EI-TOF,yes; original MSP,MoNA-export-Volatile_FiehnLib(1).msp,GC oven: 50 C 1 min; 20 C/min to 330 C; hold 5 min. The distinct FAME retention index in Comments was not used.
1196.0,methylchavicol,RI_Library,RI_Library.csv:251,,ANCA,"Medina et. al, Journal of Agricultural and Food Chemistry 53 (2005) 8694.",,,unspecified in source,,no,RI_Library(1).csv,Column and index definition were not supplied in this file.
1200.0,dodecane,IPPN-UFRJ measured n-alkane standards,IPPN-STD-C12,,,"Measured C8–C30 n-alkane calibration supplied by Ricardo M Borges, IPPN-UFRJ",DB-5MS,5% phenyl / 95% dimethylpolysiloxane,linear retention index; n-alkane calibration point,GC-MS,not provided,KOVATS_from_MZMine2.53(1).csv,"Known n-alkane standard; measured RT 910.50 s (15.1750 min). RI 1200 by definition at this calibration point. Same-run calibration, not independent validation of compound identity."
1204.0,octanol acetate,MoNA Volatile FiehnLib,FiehnLibVolatile0154,YLYBTZIQSIBWLI-DETAZLGJSA-N,,,Rtx-5Sil MS,5% diphenyl / 95% dimethylpolysiloxane,Retention_index (alkane basis not explicit in export),GC-EI-TOF,yes; original MSP,MoNA-export-Volatile_FiehnLib(1).msp,GC oven: 50 C 1 min; 20 C/min to 330 C; hold 5 min. The distinct FAME retention index in Comments was not used.
1204.0,n-decanal,RI_Library,RI_Library.csv:252,,KOSP,current study,,,unspecified in source,,no,RI_Library(1).csv,Column and index definition were not supplied in this file.
1204.0,n-decanal,RI_Library,RI_Library.csv:253,,CEGR,"Lucero et. al.,  Journal of essential oil research (in press).",,,unspecified in source,,no,RI_Library(1).csv,Column and index definition were not supplied in this file.
1205.0,methyl salicylate,MoNA Volatile FiehnLib,FiehnLibVolatile0087,OSWPMRLSEDHDFF-UHFFFAOYSA-N,,,Rtx-5Sil MS,5% diphenyl / 95% dimethylpolysiloxane,Retention_index (alkane basis not explicit in export),GC-EI-TOF,yes; original MSP,MoNA-export-Volatile_FiehnLib(1).msp,GC oven: 50 C 1 min; 20 C/min to 330 C; hold 5 min. The distinct FAME retention index in Comments was not used.
1205.0,verbenone,RI_Library,RI_Library.csv:254,,DYAC,"Tellez et. al., Journal of Agricultural and Food Chemistry 45, 3276 (1997).",,,unspecified in source,,no,RI_Library(1).csv,Column and index definition were not supplied in this file.
1206.0,sabinene hydrate acetate (cis-),MoNA Volatile FiehnLib,FiehnLibVolatile0144,MYCFGFMJUUNKBN-SAIIYOCFSA-N,,,Rtx-5Sil MS,5% diphenyl / 95% dimethylpolysiloxane,Retention_index (alkane basis not explicit in export),GC-EI-TOF,yes; original MSP,MoNA-export-Volatile_FiehnLib(1).msp,GC oven: 50 C 1 min; 20 C/min to 330 C; hold 5 min. The distinct FAME retention index in Comments was not used.
1206.0,verbenone,RI_Library,RI_Library.csv:255,,CEGR,"Lucero et. al.,  Journal of essential oil research (in press).",,,unspecified in source,,no,RI_Library(1).csv,Column and index definition were not supplied in this file.
1207.0,decanal,MoNA Volatile FiehnLib,FiehnLibVolatile0017,KSMVZQYAVGTKIV-UHFFFAOYSA-N,,,Rtx-5Sil MS,5% diphenyl / 95% dimethylpolysiloxane,Retention_index (alkane basis not explicit in export),GC-EI-TOF,yes; original MSP,MoNA-export-Volatile_FiehnLib(1).msp,GC oven: 50 C 1 min; 20 C/min to 330 C; hold 5 min. The distinct FAME retention index in Comments was not used.
1207.0,verbenone,RI_Library,RI_Library.csv:256,,GUSA,"Lucero, et. al, Journal of Essential Oil Research 18 (2006) 121.",,,unspecified in source,,no,RI_Library(1).csv,Column and index definition were not supplied in this file.
1217.0,trans-carveol,RI_Library,RI_Library.csv:257,,DYAC,"Tellez et. al., Journal of Agricultural and Food Chemistry 45, 3276 (1997).",,,unspecified in source,,no,RI_Library(1).csv,Column and index definition were not supplied in this file.
1217.0,trans-carveol,RI_Library,RI_Library.csv:258,,FLCE,"Tellez et. al., Journal of essential oil research 9, 619 (Nov/Dec 1997).",,,unspecified in source,,no,RI_Library(1).csv,Column and index definition were not supplied in this file.
1219.0,trans-carveol,RI_Library,RI_Library.csv:259,,GUSA,"Lucero, et. al, Journal of Essential Oil Research 18 (2006) 121.",,,unspecified in source,,no,RI_Library(1).csv,Column and index definition were not supplied in this file.
1220.0,C09 FAME,MoNA Volatile FiehnLib,FiehnLibVolatile0004,IJXHLVMUNBOGRR-UHFFFAOYSA-N,,,Rtx-5Sil MS,5% diphenyl / 95% dimethylpolysiloxane,Retention_index (alkane basis not explicit in export),GC-EI-TOF,yes; original MSP,MoNA-export-Volatile_FiehnLib(1).msp,GC oven: 50 C 1 min; 20 C/min to 330 C; hold 5 min. The distinct FAME retention index in Comments was not used.
1226.0,citronellol,MoNA Volatile FiehnLib,FiehnLibVolatile0149,QMVPMAAFGQKVCJ-UHFFFAOYSA-N,,,Rtx-5Sil MS,5% diphenyl / 95% dimethylpolysiloxane,Retention_index (alkane basis not explicit in export),GC-EI-TOF,yes; original MSP,MoNA-export-Volatile_FiehnLib(1).msp,GC oven: 50 C 1 min; 20 C/min to 330 C; hold 5 min. The distinct FAME retention index in Comments was not used.
1229.0,(E)-2-propan-2-yloct-3-enoate,MoNA Volatile FiehnLib,FiehnLibVolatile0103,PTJBNLTVUSFNOA-BQYQJAHWSA-M,,,Rtx-5Sil MS,5% diphenyl / 95% dimethylpolysiloxane,Retention_index (alkane basis not explicit in export),GC-EI-TOF,yes; original MSP,MoNA-export-Volatile_FiehnLib(1).msp,GC oven: 50 C 1 min; 20 C/min to 330 C; hold 5 min. The distinct FAME retention index in Comments was not used.
1229.0,nerol,RI_Library,RI_Library.csv:260,,CEGR,"Lucero et. al.,  Journal of essential oil research (in press).",,,unspecified in source,,no,RI_Library(1).csv,Column and index definition were not supplied in this file.
1230.0,cis-carveol,RI_Library,RI_Library.csv:261,,DYAC,"Tellez et. al., Journal of Agricultural and Food Chemistry 45, 3276 (1997).",,,unspecified in source,,no,RI_Library(1).csv,Column and index definition were not supplied in this file.
1231.0,cis-carveol,RI_Library,RI_Library.csv:262,,GUSA,"Lucero, et. al, Journal of Essential Oil Research 18 (2006) 121.",,,unspecified in source,,no,RI_Library(1).csv,Column and index definition were not supplied in this file.
1233.0,cyclocitral (beta-),MoNA Volatile FiehnLib,FiehnLibVolatile0116,MOQGCGNUWBPGTQ-UHFFFAOYSA-N,,,Rtx-5Sil MS,5% diphenyl / 95% dimethylpolysiloxane,Retention_index (alkane basis not explicit in export),GC-EI-TOF,yes; original MSP,MoNA-export-Volatile_FiehnLib(1).msp,GC oven: 50 C 1 min; 20 C/min to 330 C; hold 5 min. The distinct FAME retention index in Comments was not used.
1236.0,thymol methyl ether,RI_Library,RI_Library.csv:263,,ANCA,"Medina et. al, Journal of Agricultural and Food Chemistry 53 (2005) 8694.",,,unspecified in source,,no,RI_Library(1).csv,Column and index definition were not supplied in this file.
1238.0,cis-ascaridole,RI_Library,RI_Library.csv:264,,PSSC6,"Lucero et. al., Journal of Essential Oil Research 15 (2003) 108.",,,unspecified in source,,no,RI_Library(1).csv,Column and index definition were not supplied in this file.
1240.0,cumin aldehyde,RI_Library,RI_Library.csv:265,,GUSA,"Lucero, et. al, Journal of Essential Oil Research 18 (2006) 121.",,,unspecified in source,,no,RI_Library(1).csv,Column and index definition were not supplied in this file.
1240.0,cuminaldehyde,RI_Library,RI_Library.csv:266,,FLCE,"Tellez et. al., Journal of essential oil research 9, 619 (Nov/Dec 1997).",,,unspecified in source,,no,RI_Library(1).csv,Column and index definition were not supplied in this file.
1242.0,carvone,RI_Library,RI_Library.csv:267,,FLCE,"Tellez et. al., Journal of essential oil research 9, 619 (Nov/Dec 1997).",,,unspecified in source,,no,RI_Library(1).csv,Column and index definition were not supplied in this file.
1243.0,carvone,RI_Library,RI_Library.csv:268,,DYAC,"Tellez et. al., Journal of Agricultural and Food Chemistry 45, 3276 (1997).",,,unspecified in source,,no,RI_Library(1).csv,Column and index definition were not supplied in this file.
1244.0,carvone,RI_Library,RI_Library.csv:269,,GUSA,"Lucero, et. al, Journal of Essential Oil Research 18 (2006) 121.",,,unspecified in source,,no,RI_Library(1).csv,Column and index definition were not supplied in this file.
1245.0,ethyl-ester of benzene acetic acid,RI_Library,RI_Library.csv:270,,CEGR,"Lucero et. al.,  Journal of essential oil research (in press).",,,unspecified in source,,no,RI_Library(1).csv,Column and index definition were not supplied in this file.
1247.0,neral,MoNA Volatile FiehnLib,FiehnLibVolatile0165,WTEVQBCEXWBHNA-YFHOEESVSA-N,,,Rtx-5Sil MS,5% diphenyl / 95% dimethylpolysiloxane,Retention_index (alkane basis not explicit in export),GC-EI-TOF,yes; original MSP,MoNA-export-Volatile_FiehnLib(1).msp,GC oven: 50 C 1 min; 20 C/min to 330 C; hold 5 min. The distinct FAME retention index in Comments was not used.
1249.0,linalyl acetate,MoNA Volatile FiehnLib,FiehnLibVolatile0025,UWKAYLJWKGQEPM-UHFFFAOYSA-N,,,Rtx-5Sil MS,5% diphenyl / 95% dimethylpolysiloxane,Retention_index (alkane basis not explicit in export),GC-EI-TOF,yes; original MSP,MoNA-export-Volatile_FiehnLib(1).msp,GC oven: 50 C 1 min; 20 C/min to 330 C; hold 5 min. The distinct FAME retention index in Comments was not used.
1253.0,geraniol,MoNA Volatile FiehnLib,FiehnLibVolatile0045,GLZPCOQZEFWAFX-JXMROGBWSA-N,,,Rtx-5Sil MS,5% diphenyl / 95% dimethylpolysiloxane,Retention_index (alkane basis not explicit in export),GC-EI-TOF,yes; original MSP,MoNA-export-Volatile_FiehnLib(1).msp,GC oven: 50 C 1 min; 20 C/min to 330 C; hold 5 min. The distinct FAME retention index in Comments was not used.
1253.0,piperitone,RI_Library,RI_Library.csv:271,,DYAC,"Tellez et. al., Journal of Agricultural and Food Chemistry 45, 3276 (1997).",,,unspecified in source,,no,RI_Library(1).csv,Column and index definition were not supplied in this file.
1254.0,piperitone,RI_Library,RI_Library.csv:272,,ANCA,"Medina et. al, Journal of Agricultural and Food Chemistry 53 (2005) 8694.",,,unspecified in source,,no,RI_Library(1).csv,Column and index definition were not supplied in this file.
1256.0,geraniol,RI_Library,RI_Library.csv:273,,CEGR,"Lucero et. al.,  Journal of essential oil research (in press).",,,unspecified in source,,no,RI_Library(1).csv,Column and index definition were not supplied in this file.
1260.0,carvone,MoNA Volatile FiehnLib,FiehnLibVolatile0120,ULDHMXUKGWMISQ-UHFFFAOYSA-N,,,Rtx-5Sil MS,5% diphenyl / 95% dimethylpolysiloxane,Retention_index (alkane basis not explicit in export),GC-EI-TOF,yes; original MSP,MoNA-export-Volatile_FiehnLib(1).msp,GC oven: 50 C 1 min; 20 C/min to 330 C; hold 5 min. The distinct FAME retention index in Comments was not used.
1262.0,nonanoic acid,MoNA Volatile FiehnLib,FiehnLibVolatile0079,FBUKVWPVBMHYJY-UHFFFAOYSA-N,,,Rtx-5Sil MS,5% diphenyl / 95% dimethylpolysiloxane,Retention_index (alkane basis not explicit in export),GC-EI-TOF,yes; original MSP,MoNA-export-Volatile_FiehnLib(1).msp,GC oven: 50 C 1 min; 20 C/min to 330 C; hold 5 min. The distinct FAME retention index in Comments was not used.
1262.0,(E)-2-decenal,RI_Library,RI_Library.csv:274,,KOSP,current study,,,unspecified in source,,no,RI_Library(1).csv,Column and index definition were not supplied in this file.
1262.0,(E)-2-decenal,RI_Library,RI_Library.csv:275,,CEGR,"Lucero et. al.,  Journal of essential oil research (in press).",,,unspecified in source,,no,RI_Library(1).csv,Column and index definition were not supplied in this file.
1263.0,phenyl ethyl acetate (2-),MoNA Volatile FiehnLib,FiehnLibVolatile0033,MDHYEMXUFSJLGV-UHFFFAOYSA-N,,,Rtx-5Sil MS,5% diphenyl / 95% dimethylpolysiloxane,Retention_index (alkane basis not explicit in export),GC-EI-TOF,yes; original MSP,MoNA-export-Volatile_FiehnLib(1).msp,GC oven: 50 C 1 min; 20 C/min to 330 C; hold 5 min. The distinct FAME retention index in Comments was not used.
1263.0,(E)-2-decenal,RI_Library,RI_Library.csv:276,,GUSA,"Lucero, et. al, Journal of Essential Oil Research 18 (2006) 121.",,,unspecified in source,,no,RI_Library(1).csv,Column and index definition were not supplied in this file.
1271.0,geranial,RI_Library,RI_Library.csv:277,,PSSC6,"Lucero et. al., Journal of Essential Oil Research 15 (2003) 108.",,,unspecified in source,,no,RI_Library(1).csv,Column and index definition were not supplied in this file.
1274.0,p-menth-1-en-7-al,RI_Library,RI_Library.csv:278,,GUSA,"Lucero, et. al, Journal of Essential Oil Research 18 (2006) 121.",,,unspecified in source,,no,RI_Library(1).csv,Column and index definition were not supplied in this file.
1275.0,geranial,MoNA Volatile FiehnLib,FiehnLibVolatile0026,WTEVQBCEXWBHNA-JXMROGBWSA-N,,,Rtx-5Sil MS,5% diphenyl / 95% dimethylpolysiloxane,Retention_index (alkane basis not explicit in export),GC-EI-TOF,yes; original MSP,MoNA-export-Volatile_FiehnLib(1).msp,GC oven: 50 C 1 min; 20 C/min to 330 C; hold 5 min. The distinct FAME retention index in Comments was not used.
1277.0,ethyl acetophenone (p-),MoNA Volatile FiehnLib,FiehnLibVolatile0180,NODGRWCMFMEGJH-UHFFFAOYSA-N,,,Rtx-5Sil MS,5% diphenyl / 95% dimethylpolysiloxane,Retention_index (alkane basis not explicit in export),GC-EI-TOF,yes; original MSP,MoNA-export-Volatile_FiehnLib(1).msp,GC oven: 50 C 1 min; 20 C/min to 330 C; hold 5 min. The distinct FAME retention index in Comments was not used.
1277.0,trans-carvone oxide,RI_Library,RI_Library.csv:279,,GUSA,"Lucero, et. al, Journal of Essential Oil Research 18 (2006) 121.",,,unspecified in source,,no,RI_Library(1).csv,Column and index definition were not supplied in this file.
1279.0,dichlorobenzaldehyde,MoNA Volatile FiehnLib,FiehnLibVolatile0067,LLMLNAVBOAMOEE-UHFFFAOYSA-N,,,Rtx-5Sil MS,5% diphenyl / 95% dimethylpolysiloxane,Retention_index (alkane basis not explicit in export),GC-EI-TOF,yes; original MSP,MoNA-export-Volatile_FiehnLib(1).msp,GC oven: 50 C 1 min; 20 C/min to 330 C; hold 5 min. The distinct FAME retention index in Comments was not used.
1282.0,a-terpinen-7-al,RI_Library,RI_Library.csv:280,,GUSA,"Lucero, et. al, Journal of Essential Oil Research 18 (2006) 121.",,,unspecified in source,,no,RI_Library(1).csv,Column and index definition were not supplied in this file.
1283.0,lavandulyl acetate,MoNA Volatile FiehnLib,FiehnLibVolatile0143,HYNGAVZPWWXQIU-UHFFFAOYSA-N,,,Rtx-5Sil MS,5% diphenyl / 95% dimethylpolysiloxane,Retention_index (alkane basis not explicit in export),GC-EI-TOF,yes; original MSP,MoNA-export-Volatile_FiehnLib(1).msp,GC oven: 50 C 1 min; 20 C/min to 330 C; hold 5 min. The distinct FAME retention index in Comments was not used.
1286.0,borneol acetate,RI_Library,RI_Library.csv:281,,GUSA,"Lucero, et. al, Journal of Essential Oil Research 18 (2006) 121.",,,unspecified in source,,no,RI_Library(1).csv,Column and index definition were not supplied in this file.
1287.0,p-cymen-7-ol,RI_Library,RI_Library.csv:282,,PSSC6,"Lucero et. al., Journal of Essential Oil Research 15 (2003) 108.",,,unspecified in source,,no,RI_Library(1).csv,Column and index definition were not supplied in this file.
1289.0,p-cymen-7-ol,RI_Library,RI_Library.csv:283,,GUSA,"Lucero, et. al, Journal of Essential Oil Research 18 (2006) 121.",,,unspecified in source,,no,RI_Library(1).csv,Column and index definition were not supplied in this file.
1292.0,thymol,RI_Library,RI_Library.csv:284,,ANCA,"Medina et. al, Journal of Agricultural and Food Chemistry 53 (2005) 8694.",,,unspecified in source,,no,RI_Library(1).csv,Column and index definition were not supplied in this file.
1293.0,verbenyl acetate (trans-),MoNA Volatile FiehnLib,FiehnLibVolatile0145,OZBFUQLOVFXDNK-UHFFFAOYSA-N,,,Rtx-5Sil MS,5% diphenyl / 95% dimethylpolysiloxane,Retention_index (alkane basis not explicit in export),GC-EI-TOF,yes; original MSP,MoNA-export-Volatile_FiehnLib(1).msp,GC oven: 50 C 1 min; 20 C/min to 330 C; hold 5 min. The distinct FAME retention index in Comments was not used.
1297.0,perilla alcohol,RI_Library,RI_Library.csv:285,,GUSA,"Lucero, et. al, Journal of Essential Oil Research 18 (2006) 121.",,,unspecified in source,,no,RI_Library(1).csv,Column and index definition were not supplied in this file.
1298.0,carvacrol,RI_Library,RI_Library.csv:286,,GUSA,"Lucero, et. al, Journal of Essential Oil Research 18 (2006) 121.",,,unspecified in source,,no,RI_Library(1).csv,Column and index definition were not supplied in this file.
1299.0,carvacrol,RI_Library,RI_Library.csv:287,,DYAC,"Tellez et. al., Journal of Agricultural and Food Chemistry 45, 3276 (1997).",,,unspecified in source,,no,RI_Library(1).csv,Column and index definition were not supplied in this file.
1300.0,tridecane,IPPN-UFRJ measured n-alkane standards,IPPN-STD-C13,,,"Measured C8–C30 n-alkane calibration supplied by Ricardo M Borges, IPPN-UFRJ",DB-5MS,5% phenyl / 95% dimethylpolysiloxane,linear retention index; n-alkane calibration point,GC-MS,not provided,KOVATS_from_MZMine2.53(1).csv,"Known n-alkane standard; measured RT 1170.90 s (19.5150 min). RI 1300 by definition at this calibration point. Same-run calibration, not independent validation of compound identity."
1300.0,thujanol acetate (3-),MoNA Volatile FiehnLib,FiehnLibVolatile0142,RYMWIDNPMDLHRP-UHFFFAOYSA-N,,,Rtx-5Sil MS,5% diphenyl / 95% dimethylpolysiloxane,Retention_index (alkane basis not explicit in export),GC-EI-TOF,yes; original MSP,MoNA-export-Volatile_FiehnLib(1).msp,GC oven: 50 C 1 min; 20 C/min to 330 C; hold 5 min. The distinct FAME retention index in Comments was not used.
1300.0,tridecane,MoNA Volatile FiehnLib,FiehnLibVolatile0098,IIYFAKIEWZDVMP-UHFFFAOYSA-N,,,Rtx-5Sil MS,5% diphenyl / 95% dimethylpolysiloxane,Retention_index (alkane basis not explicit in export),GC-EI-TOF,yes; original MSP,MoNA-export-Volatile_FiehnLib(1).msp,GC oven: 50 C 1 min; 20 C/min to 330 C; hold 5 min. The distinct FAME retention index in Comments was not used.
1300.0,carvacrol,RI_Library,RI_Library.csv:288,,PSSC6,"Lucero et. al., Journal of Essential Oil Research 15 (2003) 108.",,,unspecified in source,,no,RI_Library(1).csv,Column and index definition were not supplied in this file.
1302.0,cyclohexanol acetate (trans-2-tert-butyl),MoNA Volatile FiehnLib,FiehnLibVolatile0112,FINOAUDUYKVGDS-UHFFFAOYSA-N,,,Rtx-5Sil MS,5% diphenyl / 95% dimethylpolysiloxane,Retention_index (alkane basis not explicit in export),GC-EI-TOF,yes; original MSP,MoNA-export-Volatile_FiehnLib(1).msp,GC oven: 50 C 1 min; 20 C/min to 330 C; hold 5 min. The distinct FAME retention index in Comments was not used.
1302.0,trans-ascaridole,RI_Library,RI_Library.csv:289,,PSSC6,"Lucero et. al., Journal of Essential Oil Research 15 (2003) 108.",,,unspecified in source,,no,RI_Library(1).csv,Column and index definition were not supplied in this file.
1306.0,"decadienal (2e,4e-)",MoNA Volatile FiehnLib,FiehnLibVolatile0091,JZQKTMZYLHNFPL-BLHCBFLLSA-N,,,Rtx-5Sil MS,5% diphenyl / 95% dimethylpolysiloxane,Retention_index (alkane basis not explicit in export),GC-EI-TOF,yes; original MSP,MoNA-export-Volatile_FiehnLib(1).msp,GC oven: 50 C 1 min; 20 C/min to 330 C; hold 5 min. The distinct FAME retention index in Comments was not used.
1306.0,undecanal,RI_Library,RI_Library.csv:290,,CEGR,"Lucero et. al.,  Journal of essential oil research (in press).",,,unspecified in source,,no,RI_Library(1).csv,Column and index definition were not supplied in this file.
1310.0,dibutylformamide,MoNA Volatile FiehnLib,FiehnLibVolatile0015,NZMAJUHVSZBJHL-UHFFFAOYSA-N,,,Rtx-5Sil MS,5% diphenyl / 95% dimethylpolysiloxane,Retention_index (alkane basis not explicit in export),GC-EI-TOF,yes; original MSP,MoNA-export-Volatile_FiehnLib(1).msp,GC oven: 50 C 1 min; 20 C/min to 330 C; hold 5 min. The distinct FAME retention index in Comments was not used.
1313.0,undecanal,MoNA Volatile FiehnLib,FiehnLibVolatile0039,KMPQYAYAQWNLME-UHFFFAOYSA-N,,,Rtx-5Sil MS,5% diphenyl / 95% dimethylpolysiloxane,Retention_index (alkane basis not explicit in export),GC-EI-TOF,yes; original MSP,MoNA-export-Volatile_FiehnLib(1).msp,GC oven: 50 C 1 min; 20 C/min to 330 C; hold 5 min. The distinct FAME retention index in Comments was not used.
1314.0,"2E,4E-decadienal",RI_Library,RI_Library.csv:291,,KOSP,current study,,,unspecified in source,,no,RI_Library(1).csv,Column and index definition were not supplied in this file.
1325.0,C10 FAME,MoNA Volatile FiehnLib,FiehnLibVolatile0005,YRHYCMZPEVDGFQ-UHFFFAOYSA-N,,,Rtx-5Sil MS,5% diphenyl / 95% dimethylpolysiloxane,Retention_index (alkane basis not explicit in export),GC-EI-TOF,yes; original MSP,MoNA-export-Volatile_FiehnLib(1).msp,GC oven: 50 C 1 min; 20 C/min to 330 C; hold 5 min. The distinct FAME retention index in Comments was not used.
1326.0,methyl geranate,MoNA Volatile FiehnLib,FiehnLibVolatile0177,ACOBBFVLNKYODD-CSKARUKUSA-N,,,Rtx-5Sil MS,5% diphenyl / 95% dimethylpolysiloxane,Retention_index (alkane basis not explicit in export),GC-EI-TOF,yes; original MSP,MoNA-export-Volatile_FiehnLib(1).msp,GC oven: 50 C 1 min; 20 C/min to 330 C; hold 5 min. The distinct FAME retention index in Comments was not used.
1328.0,hexenyl tiglate (3z-),MoNA Volatile FiehnLib,FiehnLibVolatile0108,JNWQKXUWZWKUAY-BAGHCZIJSA-N,,,Rtx-5Sil MS,5% diphenyl / 95% dimethylpolysiloxane,Retention_index (alkane basis not explicit in export),GC-EI-TOF,yes; original MSP,MoNA-export-Volatile_FiehnLib(1).msp,GC oven: 50 C 1 min; 20 C/min to 330 C; hold 5 min. The distinct FAME retention index in Comments was not used.
1339.0,d-elemene,RI_Library,RI_Library.csv:292,,ANCA,"Medina et. al, Journal of Agricultural and Food Chemistry 53 (2005) 8694.",,,unspecified in source,,no,RI_Library(1).csv,Column and index definition were not supplied in this file.
1339.0,d-elemene,RI_Library,RI_Library.csv:293,,FLCE,"Tellez et. al., Journal of essential oil research 9, 619 (Nov/Dec 1997).",,,unspecified in source,,no,RI_Library(1).csv,Column and index definition were not supplied in this file.
1345.0,7-epi-silphiperfol-5-ene,RI_Library,RI_Library.csv:294,,GUSA,"Lucero, et. al, Journal of Essential Oil Research 18 (2006) 121.",,,unspecified in source,,no,RI_Library(1).csv,Column and index definition were not supplied in this file.
1347.0,methyl ortho-anisate,MoNA Volatile FiehnLib,FiehnLibVolatile0095,PFYHAAAQPNMZHO-UHFFFAOYSA-N,,,Rtx-5Sil MS,5% diphenyl / 95% dimethylpolysiloxane,Retention_index (alkane basis not explicit in export),GC-EI-TOF,yes; original MSP,MoNA-export-Volatile_FiehnLib(1).msp,GC oven: 50 C 1 min; 20 C/min to 330 C; hold 5 min. The distinct FAME retention index in Comments was not used.
1352.0,a-cubebene,RI_Library,RI_Library.csv:295,,FLCE,"Tellez et. al., Journal of essential oil research 9, 619 (Nov/Dec 1997).",,,unspecified in source,,no,RI_Library(1).csv,Column and index definition were not supplied in this file.
1352.0,a-cubebene,RI_Library,RI_Library.csv:296,,GUSA,"Lucero, et. al, Journal of Essential Oil Research 18 (2006) 121.",,,unspecified in source,,no,RI_Library(1).csv,Column and index definition were not supplied in this file.
1355.0,undecanol (n-),MoNA Volatile FiehnLib,FiehnLibVolatile0118,KJIOQYGWTQBHNH-UHFFFAOYSA-N,,,Rtx-5Sil MS,5% diphenyl / 95% dimethylpolysiloxane,Retention_index (alkane basis not explicit in export),GC-EI-TOF,yes; original MSP,MoNA-export-Volatile_FiehnLib(1).msp,GC oven: 50 C 1 min; 20 C/min to 330 C; hold 5 min. The distinct FAME retention index in Comments was not used.
1356.0,eugenol,RI_Library,RI_Library.csv:297,,DYAC,"Tellez et. al., Journal of Agricultural and Food Chemistry 45, 3276 (1997).",,,unspecified in source,,no,RI_Library(1).csv,Column and index definition were not supplied in this file.
1357.0,eugenol,RI_Library,RI_Library.csv:298,,CEGR,"Lucero et. al.,  Journal of essential oil research (in press).",,,unspecified in source,,no,RI_Library(1).csv,Column and index definition were not supplied in this file.
1360.0,decanoic acid,MoNA Volatile FiehnLib,FiehnLibVolatile0160,GHVNFZFCNZKVNT-UHFFFAOYSA-N,,,Rtx-5Sil MS,5% diphenyl / 95% dimethylpolysiloxane,Retention_index (alkane basis not explicit in export),GC-EI-TOF,yes; original MSP,MoNA-export-Volatile_FiehnLib(1).msp,GC oven: 50 C 1 min; 20 C/min to 330 C; hold 5 min. The distinct FAME retention index in Comments was not used.
1363.0,neryl acetate,MoNA Volatile FiehnLib,FiehnLibVolatile0129,HIGQPQRQIQDZMP-FLIBITNWSA-N,,,Rtx-5Sil MS,5% diphenyl / 95% dimethylpolysiloxane,Retention_index (alkane basis not explicit in export),GC-EI-TOF,yes; original MSP,MoNA-export-Volatile_FiehnLib(1).msp,GC oven: 50 C 1 min; 20 C/min to 330 C; hold 5 min. The distinct FAME retention index in Comments was not used.
1365.0,neryl acetate,RI_Library,RI_Library.csv:299,,FLCE,"Tellez et. al., Journal of essential oil research 9, 619 (Nov/Dec 1997).",,,unspecified in source,,no,RI_Library(1).csv,Column and index definition were not supplied in this file.
1368.0,cubebene (alpha-),MoNA Volatile FiehnLib,FiehnLibVolatile0127,XUEHVOLRMXNRKQ-UHFFFAOYSA-N,,,Rtx-5Sil MS,5% diphenyl / 95% dimethylpolysiloxane,Retention_index (alkane basis not explicit in export),GC-EI-TOF,yes; original MSP,MoNA-export-Volatile_FiehnLib(1).msp,GC oven: 50 C 1 min; 20 C/min to 330 C; hold 5 min. The distinct FAME retention index in Comments was not used.
1368.0,cyclosativene,RI_Library,RI_Library.csv:300,,FLCE,"Tellez et. al., Journal of essential oil research 9, 619 (Nov/Dec 1997).",,,unspecified in source,,no,RI_Library(1).csv,Column and index definition were not supplied in this file.
1369.0,cyclosativene,RI_Library,RI_Library.csv:301,,GUSA,"Lucero, et. al, Journal of Essential Oil Research 18 (2006) 121.",,,unspecified in source,,no,RI_Library(1).csv,Column and index definition were not supplied in this file.
1373.0,a-ylangene,RI_Library,RI_Library.csv:302,,FLCE,"Tellez et. al., Journal of essential oil research 9, 619 (Nov/Dec 1997).",,,unspecified in source,,no,RI_Library(1).csv,Column and index definition were not supplied in this file.
1373.0,a-ylangene,RI_Library,RI_Library.csv:303,,GUSA,"Lucero, et. al, Journal of Essential Oil Research 18 (2006) 121.",,,unspecified in source,,no,RI_Library(1).csv,Column and index definition were not supplied in this file.
1373.0,a-ylangene,RI_Library,RI_Library.csv:304,,PSSC6,"Lucero et. al., Journal of Essential Oil Research 15 (2003) 108.",,,unspecified in source,,no,RI_Library(1).csv,Column and index definition were not supplied in this file.
1375.0,undecenal (2e-),MoNA Volatile FiehnLib,FiehnLibVolatile0085,PANBRUWVURLWGY-MDZDMXLPSA-N,,,Rtx-5Sil MS,5% diphenyl / 95% dimethylpolysiloxane,Retention_index (alkane basis not explicit in export),GC-EI-TOF,yes; original MSP,MoNA-export-Volatile_FiehnLib(1).msp,GC oven: 50 C 1 min; 20 C/min to 330 C; hold 5 min. The distinct FAME retention index in Comments was not used.
1376.0,a-copaene,RI_Library,RI_Library.csv:305,,DYAC,"Tellez et. al., Journal of Agricultural and Food Chemistry 45, 3276 (1997).",,,unspecified in source,,no,RI_Library(1).csv,Column and index definition were not supplied in this file.
1376.0,a-copaene,RI_Library,RI_Library.csv:306,,FLCE,"Tellez et. al., Journal of essential oil research 9, 619 (Nov/Dec 1997).",,,unspecified in source,,no,RI_Library(1).csv,Column and index definition were not supplied in this file.
1376.0,silphiperfol-6-ene,RI_Library,RI_Library.csv:307,,GUSA,"Lucero, et. al, Journal of Essential Oil Research 18 (2006) 121.",,,unspecified in source,,no,RI_Library(1).csv,Column and index definition were not supplied in this file.
1377.0,a-copaene,RI_Library,RI_Library.csv:308,,ANCA,"Medina et. al, Journal of Agricultural and Food Chemistry 53 (2005) 8694.",,,unspecified in source,,no,RI_Library(1).csv,Column and index definition were not supplied in this file.
1377.0,a-copaene,RI_Library,RI_Library.csv:309,,GUSA,"Lucero, et. al, Journal of Essential Oil Research 18 (2006) 121.",,,unspecified in source,,no,RI_Library(1).csv,Column and index definition were not supplied in this file.
1377.0,a-copaene,RI_Library,RI_Library.csv:310,,PSSC6,"Lucero et. al., Journal of Essential Oil Research 15 (2003) 108.",,,unspecified in source,,no,RI_Library(1).csv,Column and index definition were not supplied in this file.
1378.0,nonalactone (gamma-),MoNA Volatile FiehnLib,FiehnLibVolatile0066,OALYTRUKMRCXNH-UHFFFAOYSA-N,,,Rtx-5Sil MS,5% diphenyl / 95% dimethylpolysiloxane,Retention_index (alkane basis not explicit in export),GC-EI-TOF,yes; original MSP,MoNA-export-Volatile_FiehnLib(1).msp,GC oven: 50 C 1 min; 20 C/min to 330 C; hold 5 min. The distinct FAME retention index in Comments was not used.
1381.0,β-maaliene,RI_Library,RI_Library.csv:311,,GUSA,"Lucero, et. al, Journal of Essential Oil Research 18 (2006) 121.",,,unspecified in source,,no,RI_Library(1).csv,Column and index definition were not supplied in this file.
1383.0,geranyl acetate,MoNA Volatile FiehnLib,FiehnLibVolatile0126,HIGQPQRQIQDZMP-DHZHZOJOSA-N,,,Rtx-5Sil MS,5% diphenyl / 95% dimethylpolysiloxane,Retention_index (alkane basis not explicit in export),GC-EI-TOF,yes; original MSP,MoNA-export-Volatile_FiehnLib(1).msp,GC oven: 50 C 1 min; 20 C/min to 330 C; hold 5 min. The distinct FAME retention index in Comments was not used.
1383.0,(E)-β-damascenone,RI_Library,RI_Library.csv:312,,CEGR,"Lucero et. al.,  Journal of essential oil research (in press).",,,unspecified in source,,no,RI_Library(1).csv,Column and index definition were not supplied in this file.
1384.0,(E)-β-damascenone,RI_Library,RI_Library.csv:313,,PSSC6,"Lucero et. al., Journal of Essential Oil Research 15 (2003) 108.",,,unspecified in source,,no,RI_Library(1).csv,Column and index definition were not supplied in this file.
1384.0,β-bourbonene,RI_Library,RI_Library.csv:314,,PSSC6,"Lucero et. al., Journal of Essential Oil Research 15 (2003) 108.",,,unspecified in source,,no,RI_Library(1).csv,Column and index definition were not supplied in this file.
1385.0,hexenyl hexenoate (3z-),MoNA Volatile FiehnLib,FiehnLibVolatile0110,WAZKUHYKUCORDK-SUTBWYPISA-N,,,Rtx-5Sil MS,5% diphenyl / 95% dimethylpolysiloxane,Retention_index (alkane basis not explicit in export),GC-EI-TOF,yes; original MSP,MoNA-export-Volatile_FiehnLib(1).msp,GC oven: 50 C 1 min; 20 C/min to 330 C; hold 5 min. The distinct FAME retention index in Comments was not used.
1385.0,β-bourbonene,RI_Library,RI_Library.csv:315,,CHPU4,"Tellez et. al., Journal of Essential Oils Research 10, 201 (Mar/Apr 1998).",,,unspecified in source,,no,RI_Library(1).csv,Column and index definition were not supplied in this file.
1385.0,β-bourbonene,RI_Library,RI_Library.csv:316,,FLCE,"Tellez et. al., Journal of essential oil research 9, 619 (Nov/Dec 1997).",,,unspecified in source,,no,RI_Library(1).csv,Column and index definition were not supplied in this file.
1385.0,β-bourbonene,RI_Library,RI_Library.csv:317,,GUSA,"Lucero, et. al, Journal of Essential Oil Research 18 (2006) 121.",,,unspecified in source,,no,RI_Library(1).csv,Column and index definition were not supplied in this file.
1386.0,isocornene,RI_Library,RI_Library.csv:318,,CHPU4,"Tellez et. al., Journal of Essential Oils Research 10, 201 (Mar/Apr 1998).",,,unspecified in source,,no,RI_Library(1).csv,Column and index definition were not supplied in this file.
1387.0,isocomene,RI_Library,RI_Library.csv:319,,GUSA,"Lucero, et. al, Journal of Essential Oil Research 18 (2006) 121.",,,unspecified in source,,no,RI_Library(1).csv,Column and index definition were not supplied in this file.
1389.0,hexenyl-(3z)-hexenoate (3z-),MoNA Volatile FiehnLib,FiehnLibVolatile0111,UZJQQWFHPLYECS-SFECMWDFSA-N,,,Rtx-5Sil MS,5% diphenyl / 95% dimethylpolysiloxane,Retention_index (alkane basis not explicit in export),GC-EI-TOF,yes; original MSP,MoNA-export-Volatile_FiehnLib(1).msp,GC oven: 50 C 1 min; 20 C/min to 330 C; hold 5 min. The distinct FAME retention index in Comments was not used.
1389.0,"propanoic acid, 2-methyl-, 3-hydroxy-2,4,4-trimethylpentyl ester",MoNA Volatile FiehnLib,FiehnLibVolatile0053,WXFRFCWHHBELIH-UHFFFAOYSA-N,,,Rtx-5Sil MS,5% diphenyl / 95% dimethylpolysiloxane,Retention_index (alkane basis not explicit in export),GC-EI-TOF,yes; original MSP,MoNA-export-Volatile_FiehnLib(1).msp,GC oven: 50 C 1 min; 20 C/min to 330 C; hold 5 min. The distinct FAME retention index in Comments was not used.
1389.0,isolongifolene,RI_Library,RI_Library.csv:320,,CHPU4,"Tellez et. al., Journal of Essential Oils Research 10, 201 (Mar/Apr 1998).",,,unspecified in source,,no,RI_Library(1).csv,Column and index definition were not supplied in this file.
1389.0,β-cubebene,RI_Library,RI_Library.csv:321,,DYAC,"Tellez et. al., Journal of Agricultural and Food Chemistry 45, 3276 (1997).",,,unspecified in source,,no,RI_Library(1).csv,Column and index definition were not supplied in this file.
1391.0,β-cubebene,RI_Library,RI_Library.csv:322,,FLCE,"Tellez et. al., Journal of essential oil research 9, 619 (Nov/Dec 1997).",,,unspecified in source,,no,RI_Library(1).csv,Column and index definition were not supplied in this file.
1391.0,β-cubebene,RI_Library,RI_Library.csv:323,,GUSA,"Lucero, et. al, Journal of Essential Oil Research 18 (2006) 121.",,,unspecified in source,,no,RI_Library(1).csv,Column and index definition were not supplied in this file.
1392.0,ionol (alpha-e-),MoNA Volatile FiehnLib,FiehnLibVolatile0100,PWDOJWCZWKWKSE-BQYQJAHWSA-N,,,Rtx-5Sil MS,5% diphenyl / 95% dimethylpolysiloxane,Retention_index (alkane basis not explicit in export),GC-EI-TOF,yes; original MSP,MoNA-export-Volatile_FiehnLib(1).msp,GC oven: 50 C 1 min; 20 C/min to 330 C; hold 5 min. The distinct FAME retention index in Comments was not used.
1392.0,β-elemene,RI_Library,RI_Library.csv:324,,ANCA,"Medina et. al, Journal of Agricultural and Food Chemistry 53 (2005) 8694.",,,unspecified in source,,no,RI_Library(1).csv,Column and index definition were not supplied in this file.
1392.0,β-elernene,RI_Library,RI_Library.csv:325,,GUSA,"Lucero, et. al, Journal of Essential Oil Research 18 (2006) 121.",,,unspecified in source,,no,RI_Library(1).csv,Column and index definition were not supplied in this file.
1394.0,ylangene (alpha-),MoNA Volatile FiehnLib,FiehnLibVolatile0102,VLXDPFLIRFYIME-UHFFFAOYSA-N,,,Rtx-5Sil MS,5% diphenyl / 95% dimethylpolysiloxane,Retention_index (alkane basis not explicit in export),GC-EI-TOF,yes; original MSP,MoNA-export-Volatile_FiehnLib(1).msp,GC oven: 50 C 1 min; 20 C/min to 330 C; hold 5 min. The distinct FAME retention index in Comments was not used.
1394.0,cis-jasmone,RI_Library,RI_Library.csv:326,,FLCE,"Tellez et. al., Journal of essential oil research 9, 619 (Nov/Dec 1997).",,,unspecified in source,,no,RI_Library(1).csv,Column and index definition were not supplied in this file.
1396.0,Z-jasmone,RI_Library,RI_Library.csv:327,,PSSC6,"Lucero et. al., Journal of Essential Oil Research 15 (2003) 108.",,,unspecified in source,,no,RI_Library(1).csv,Column and index definition were not supplied in this file.
1397.0,tetradecene (1-),MoNA Volatile FiehnLib,FiehnLibVolatile0119,HFDVRLIODXPAHB-UHFFFAOYSA-N,,,Rtx-5Sil MS,5% diphenyl / 95% dimethylpolysiloxane,Retention_index (alkane basis not explicit in export),GC-EI-TOF,yes; original MSP,MoNA-export-Volatile_FiehnLib(1).msp,GC oven: 50 C 1 min; 20 C/min to 330 C; hold 5 min. The distinct FAME retention index in Comments was not used.
1398.0,ethyl decanoate,MoNA Volatile FiehnLib,FiehnLibVolatile0036,RGXWDWUGBIJHDO-UHFFFAOYSA-N,,,Rtx-5Sil MS,5% diphenyl / 95% dimethylpolysiloxane,Retention_index (alkane basis not explicit in export),GC-EI-TOF,yes; original MSP,MoNA-export-Volatile_FiehnLib(1).msp,GC oven: 50 C 1 min; 20 C/min to 330 C; hold 5 min. The distinct FAME retention index in Comments was not used.
1399.0,"1,7-di-epi-a-cedrene",RI_Library,RI_Library.csv:328,,CHPU4,"Tellez et. al., Journal of Essential Oils Research 10, 201 (Mar/Apr 1998).",,,unspecified in source,,no,RI_Library(1).csv,Column and index definition were not supplied in this file.
1400.0,tetradecane,IPPN-UFRJ measured n-alkane standards,IPPN-STD-C14,,,"Measured C8–C30 n-alkane calibration supplied by Ricardo M Borges, IPPN-UFRJ",DB-5MS,5% phenyl / 95% dimethylpolysiloxane,linear retention index; n-alkane calibration point,GC-MS,not provided,KOVATS_from_MZMine2.53(1).csv,"Known n-alkane standard; measured RT 1428.00 s (23.8000 min). RI 1400 by definition at this calibration point. Same-run calibration, not independent validation of compound identity."
1400.0,damascenone (e-beta),MoNA Volatile FiehnLib,FiehnLibVolatile0076,POIARNZEYGURDG-FNORWQNLSA-N,,,Rtx-5Sil MS,5% diphenyl / 95% dimethylpolysiloxane,Retention_index (alkane basis not explicit in export),GC-EI-TOF,yes; original MSP,MoNA-export-Volatile_FiehnLib(1).msp,GC oven: 50 C 1 min; 20 C/min to 330 C; hold 5 min. The distinct FAME retention index in Comments was not used.
1402.0,methyleugenol,RI_Library,RI_Library.csv:329,,DYAC,"Tellez et. al., Journal of Agricultural and Food Chemistry 45, 3276 (1997).",,,unspecified in source,,no,RI_Library(1).csv,Column and index definition were not supplied in this file.
1403.0,italicene,RI_Library,RI_Library.csv:330,,PSSC6,"Lucero et. al., Journal of Essential Oil Research 15 (2003) 108.",,,unspecified in source,,no,RI_Library(1).csv,Column and index definition were not supplied in this file.
1403.0,methyleugenol,RI_Library,RI_Library.csv:331,,ANCA,"Medina et. al, Journal of Agricultural and Food Chemistry 53 (2005) 8694.",,,unspecified in source,,no,RI_Library(1).csv,Column and index definition were not supplied in this file.
1404.0,methyl decyl ketone,MoNA Volatile FiehnLib,FiehnLibVolatile0157,LSKONYYRONEBKA-UHFFFAOYSA-N,,,Rtx-5Sil MS,5% diphenyl / 95% dimethylpolysiloxane,Retention_index (alkane basis not explicit in export),GC-EI-TOF,yes; original MSP,MoNA-export-Volatile_FiehnLib(1).msp,GC oven: 50 C 1 min; 20 C/min to 330 C; hold 5 min. The distinct FAME retention index in Comments was not used.
1404.0,longifolene (or p-isocornene),RI_Library,RI_Library.csv:332,,CHPU4,"Tellez et. al., Journal of Essential Oils Research 10, 201 (Mar/Apr 1998).",,,unspecified in source,,no,RI_Library(1).csv,Column and index definition were not supplied in this file.
1405.0,tetradecane,MoNA Volatile FiehnLib,FiehnLibVolatile0183,BGHCVCJVXZWKCC-UHFFFAOYSA-N,,,Rtx-5Sil MS,5% diphenyl / 95% dimethylpolysiloxane,Retention_index (alkane basis not explicit in export),GC-EI-TOF,yes; original MSP,MoNA-export-Volatile_FiehnLib(1).msp,GC oven: 50 C 1 min; 20 C/min to 330 C; hold 5 min. The distinct FAME retention index in Comments was not used.
1405.0,β-isocomene,RI_Library,RI_Library.csv:333,,GUSA,"Lucero, et. al, Journal of Essential Oil Research 18 (2006) 121.",,,unspecified in source,,no,RI_Library(1).csv,Column and index definition were not supplied in this file.
1408.0,n-dodecanal,RI_Library,RI_Library.csv:334,,CEGR,"Lucero et. al.,  Journal of essential oil research (in press).",,,unspecified in source,,no,RI_Library(1).csv,Column and index definition were not supplied in this file.
1410.0,a-gurjunene,RI_Library,RI_Library.csv:335,,PSSC6,"Lucero et. al., Journal of Essential Oil Research 15 (2003) 108.",,,unspecified in source,,no,RI_Library(1).csv,Column and index definition were not supplied in this file.
1411.0,carvone hydrate,MoNA Volatile FiehnLib,FiehnLibVolatile0062,DJOOMNLGIUGRKD-UHFFFAOYSA-N,,,Rtx-5Sil MS,5% diphenyl / 95% dimethylpolysiloxane,Retention_index (alkane basis not explicit in export),GC-EI-TOF,yes; original MSP,MoNA-export-Volatile_FiehnLib(1).msp,GC oven: 50 C 1 min; 20 C/min to 330 C; hold 5 min. The distinct FAME retention index in Comments was not used.
1411.0,a-cedrene,RI_Library,RI_Library.csv:336,,CHPU4,"Tellez et. al., Journal of Essential Oils Research 10, 201 (Mar/Apr 1998).",,,unspecified in source,,no,RI_Library(1).csv,Column and index definition were not supplied in this file.
1411.0,a-cedrene,RI_Library,RI_Library.csv:337,,FLCE,"Tellez et. al., Journal of essential oil research 9, 619 (Nov/Dec 1997).",,,unspecified in source,,no,RI_Library(1).csv,Column and index definition were not supplied in this file.
1412.0,a-cedrene,RI_Library,RI_Library.csv:338,,PSSC6,"Lucero et. al., Journal of Essential Oil Research 15 (2003) 108.",,,unspecified in source,,no,RI_Library(1).csv,Column and index definition were not supplied in this file.
1414.0,Surfynol (surfactant),MoNA Volatile FiehnLib,FiehnLibVolatile0054,NECRQCBKTGZNMH-UHFFFAOYSA-N,,,Rtx-5Sil MS,5% diphenyl / 95% dimethylpolysiloxane,Retention_index (alkane basis not explicit in export),GC-EI-TOF,yes; original MSP,MoNA-export-Volatile_FiehnLib(1).msp,GC oven: 50 C 1 min; 20 C/min to 330 C; hold 5 min. The distinct FAME retention index in Comments was not used.
1414.0,caryophyllene (z-),MoNA Volatile FiehnLib,FiehnLibVolatile0166,NPNUFJAVOOONJE-BLOBHPOZSA-N,,,Rtx-5Sil MS,5% diphenyl / 95% dimethylpolysiloxane,Retention_index (alkane basis not explicit in export),GC-EI-TOF,yes; original MSP,MoNA-export-Volatile_FiehnLib(1).msp,GC oven: 50 C 1 min; 20 C/min to 330 C; hold 5 min. The distinct FAME retention index in Comments was not used.
1415.0,cis-a-bergarnotene,RI_Library,RI_Library.csv:339,,CHPU4,"Tellez et. al., Journal of Essential Oils Research 10, 201 (Mar/Apr 1998).",,,unspecified in source,,no,RI_Library(1).csv,Column and index definition were not supplied in this file.
1419.0,dodecanal,MoNA Volatile FiehnLib,FiehnLibVolatile0037,HFJRKMMYBMWEAD-UHFFFAOYSA-N,,,Rtx-5Sil MS,5% diphenyl / 95% dimethylpolysiloxane,Retention_index (alkane basis not explicit in export),GC-EI-TOF,yes; original MSP,MoNA-export-Volatile_FiehnLib(1).msp,GC oven: 50 C 1 min; 20 C/min to 330 C; hold 5 min. The distinct FAME retention index in Comments was not used.
1419.0,β-caryophyllene,RI_Library,RI_Library.csv:340,,CELAS2,"Lucero et. al., in Sosebee, D. et. al. (Editors), 13th Wildland Shrub Symposium:  Shrubland Dynamics: Fire & Water, U.S. Department of Agriculture, Forest Service, Rocky Mountain Research Station., Lubbock, TX, USA, 2004, p. 142.",,,unspecified in source,,no,RI_Library(1).csv,Column and index definition were not supplied in this file.
1419.0,β-caryophyllene,RI_Library,RI_Library.csv:341,,CHPU4,"Tellez et. al., Journal of Essential Oils Research 10, 201 (Mar/Apr 1998).",,,unspecified in source,,no,RI_Library(1).csv,Column and index definition were not supplied in this file.
1419.0,β-caryophyllene,RI_Library,RI_Library.csv:342,,DYAC,"Tellez et. al., Journal of Agricultural and Food Chemistry 45, 3276 (1997).",,,unspecified in source,,no,RI_Library(1).csv,Column and index definition were not supplied in this file.
1419.0,β-caryophyllene,RI_Library,RI_Library.csv:343,,FLCE,"Tellez et. al., Journal of essential oil research 9, 619 (Nov/Dec 1997).",,,unspecified in source,,no,RI_Library(1).csv,Column and index definition were not supplied in this file.
1420.0,β-caroyophyllene,RI_Library,RI_Library.csv:344,,GUSA,"Lucero, et. al, Journal of Essential Oil Research 18 (2006) 121.",,,unspecified in source,,no,RI_Library(1).csv,Column and index definition were not supplied in this file.
1420.0,β-caryophyllene,RI_Library,RI_Library.csv:345,,ANCA,"Medina et. al, Journal of Agricultural and Food Chemistry 53 (2005) 8694.",,,unspecified in source,,no,RI_Library(1).csv,Column and index definition were not supplied in this file.
1420.0,β-caryophyllene,RI_Library,RI_Library.csv:346,,PSSC6,"Lucero et. al., Journal of Essential Oil Research 15 (2003) 108.",,,unspecified in source,,no,RI_Library(1).csv,Column and index definition were not supplied in this file.
1423.0,"cymene(2,5-dimethoxy-p-)",MoNA Volatile FiehnLib,FiehnLibVolatile0175,VTRMVHBUTNPBTP-UHFFFAOYSA-N,,,Rtx-5Sil MS,5% diphenyl / 95% dimethylpolysiloxane,Retention_index (alkane basis not explicit in export),GC-EI-TOF,yes; original MSP,MoNA-export-Volatile_FiehnLib(1).msp,GC oven: 50 C 1 min; 20 C/min to 330 C; hold 5 min. The distinct FAME retention index in Comments was not used.
1429.0,methyl undecanoate,MoNA Volatile FiehnLib,FiehnLibVolatile0208,XPQPWPZFBULGKT-UHFFFAOYSA-N,,,Rtx-5Sil MS,5% diphenyl / 95% dimethylpolysiloxane,Retention_index (alkane basis not explicit in export),GC-EI-TOF,yes; original MSP,MoNA-export-Volatile_FiehnLib(1).msp,GC oven: 50 C 1 min; 20 C/min to 330 C; hold 5 min. The distinct FAME retention index in Comments was not used.
1430.0,β-copaene,RI_Library,RI_Library.csv:347,,GUSA,"Lucero, et. al, Journal of Essential Oil Research 18 (2006) 121.",,,unspecified in source,,no,RI_Library(1).csv,Column and index definition were not supplied in this file.
1431.0,damascone (e-beta-),MoNA Volatile FiehnLib,FiehnLibVolatile0077,BGTBFNDXYDYBEY-FNORWQNLSA-N,,,Rtx-5Sil MS,5% diphenyl / 95% dimethylpolysiloxane,Retention_index (alkane basis not explicit in export),GC-EI-TOF,yes; original MSP,MoNA-export-Volatile_FiehnLib(1).msp,GC oven: 50 C 1 min; 20 C/min to 330 C; hold 5 min. The distinct FAME retention index in Comments was not used.
1435.0,trans-a-bergamotene,RI_Library,RI_Library.csv:348,,FLCE,"Tellez et. al., Journal of essential oil research 9, 619 (Nov/Dec 1997).",,,unspecified in source,,no,RI_Library(1).csv,Column and index definition were not supplied in this file.
1437.0,"guaiadiene (6,9-)",MoNA Volatile FiehnLib,FiehnLibVolatile0117,IFJYSOWCCJPUJS-UHFFFAOYSA-N,,,Rtx-5Sil MS,5% diphenyl / 95% dimethylpolysiloxane,Retention_index (alkane basis not explicit in export),GC-EI-TOF,yes; original MSP,MoNA-export-Volatile_FiehnLib(1).msp,GC oven: 50 C 1 min; 20 C/min to 330 C; hold 5 min. The distinct FAME retention index in Comments was not used.
1437.0,trans-a-bergamotene,RI_Library,RI_Library.csv:349,,ANCA,"Medina et. al, Journal of Agricultural and Food Chemistry 53 (2005) 8694.",,,unspecified in source,,no,RI_Library(1).csv,Column and index definition were not supplied in this file.
1437.0,trans-a-bergamotene,RI_Library,RI_Library.csv:350,,CHPU4,"Tellez et. al., Journal of Essential Oils Research 10, 201 (Mar/Apr 1998).",,,unspecified in source,,no,RI_Library(1).csv,Column and index definition were not supplied in this file.
1437.0,trans-a-bergamotene,RI_Library,RI_Library.csv:351,,PSSC6,"Lucero et. al., Journal of Essential Oil Research 15 (2003) 108.",,,unspecified in source,,no,RI_Library(1).csv,Column and index definition were not supplied in this file.
1438.0,trans-a-bergamotene,RI_Library,RI_Library.csv:352,,GUSA,"Lucero, et. al, Journal of Essential Oil Research 18 (2006) 121.",,,unspecified in source,,no,RI_Library(1).csv,Column and index definition were not supplied in this file.
1440.0,a-guaiene,RI_Library,RI_Library.csv:353,,ANCA,"Medina et. al, Journal of Agricultural and Food Chemistry 53 (2005) 8694.",,,unspecified in source,,no,RI_Library(1).csv,Column and index definition were not supplied in this file.
1440.0,aromadendrene,RI_Library,RI_Library.csv:354,,PSSC6,"Lucero et. al., Journal of Essential Oil Research 15 (2003) 108.",,,unspecified in source,,no,RI_Library(1).csv,Column and index definition were not supplied in this file.
1446.0,Z-β-farnesene,RI_Library,RI_Library.csv:355,,GUSA,"Lucero, et. al, Journal of Essential Oil Research 18 (2006) 121.",,,unspecified in source,,no,RI_Library(1).csv,Column and index definition were not supplied in this file.
1453.0,geranyl acetone,RI_Library,RI_Library.csv:356,,KOSP,current study,,,unspecified in source,,no,RI_Library(1).csv,Column and index definition were not supplied in this file.
1454.0,a-humulene,RI_Library,RI_Library.csv:357,,ANCA,"Medina et. al, Journal of Agricultural and Food Chemistry 53 (2005) 8694.",,,unspecified in source,,no,RI_Library(1).csv,Column and index definition were not supplied in this file.
1454.0,a-humulene,RI_Library,RI_Library.csv:358,,CHPU4,"Tellez et. al., Journal of Essential Oils Research 10, 201 (Mar/Apr 1998).",,,unspecified in source,,no,RI_Library(1).csv,Column and index definition were not supplied in this file.
1454.0,a-humulene,RI_Library,RI_Library.csv:359,,DYAC,"Tellez et. al., Journal of Agricultural and Food Chemistry 45, 3276 (1997).",,,unspecified in source,,no,RI_Library(1).csv,Column and index definition were not supplied in this file.
1454.0,a-humulene,RI_Library,RI_Library.csv:360,,FLCE,"Tellez et. al., Journal of essential oil research 9, 619 (Nov/Dec 1997).",,,unspecified in source,,no,RI_Library(1).csv,Column and index definition were not supplied in this file.
1455.0,a-humulene,RI_Library,RI_Library.csv:361,,PSSC6,"Lucero et. al., Journal of Essential Oil Research 15 (2003) 108.",,,unspecified in source,,no,RI_Library(1).csv,Column and index definition were not supplied in this file.
1458.0,(E)-β-farnesene,RI_Library,RI_Library.csv:362,,ANCA,"Medina et. al, Journal of Agricultural and Food Chemistry 53 (2005) 8694.",,,unspecified in source,,no,RI_Library(1).csv,Column and index definition were not supplied in this file.
1458.0,a-humulene,RI_Library,RI_Library.csv:363,,CELAS2,"Lucero et. al., in Sosebee, D. et. al. (Editors), 13th Wildland Shrub Symposium:  Shrubland Dynamics: Fire & Water, U.S. Department of Agriculture, Forest Service, Rocky Mountain Research Station., Lubbock, TX, USA, 2004, p. 142.",,,unspecified in source,,no,RI_Library(1).csv,Column and index definition were not supplied in this file.
1459.0,(E)-β-farnesene,RI_Library,RI_Library.csv:364,,CHPU4,"Tellez et. al., Journal of Essential Oils Research 10, 201 (Mar/Apr 1998).",,,unspecified in source,,no,RI_Library(1).csv,Column and index definition were not supplied in this file.
1459.0,sesquisabinene,RI_Library,RI_Library.csv:365,,GUSA,"Lucero, et. al, Journal of Essential Oil Research 18 (2006) 121.",,,unspecified in source,,no,RI_Library(1).csv,Column and index definition were not supplied in this file.
1460.0,geranyl acetone,MoNA Volatile FiehnLib,FiehnLibVolatile0038,HNZUNIKWNYHEJJ-FMIVXFBMSA-N,,,Rtx-5Sil MS,5% diphenyl / 95% dimethylpolysiloxane,Retention_index (alkane basis not explicit in export),GC-EI-TOF,yes; original MSP,MoNA-export-Volatile_FiehnLib(1).msp,GC oven: 50 C 1 min; 20 C/min to 330 C; hold 5 min. The distinct FAME retention index in Comments was not used.
1461.0,seychellene,RI_Library,RI_Library.csv:366,,FLCE,"Tellez et. al., Journal of essential oil research 9, 619 (Nov/Dec 1997).",,,unspecified in source,,no,RI_Library(1).csv,Column and index definition were not supplied in this file.
1462.0,allo-aromadendrene,RI_Library,RI_Library.csv:367,,PSSC6,"Lucero et. al., Journal of Essential Oil Research 15 (2003) 108.",,,unspecified in source,,no,RI_Library(1).csv,Column and index definition were not supplied in this file.
1464.0,a-acoradiene,RI_Library,RI_Library.csv:368,,FLCE,"Tellez et. al., Journal of essential oil research 9, 619 (Nov/Dec 1997).",,,unspecified in source,,no,RI_Library(1).csv,Column and index definition were not supplied in this file.
1469.0,"aristolochene (4,5-di-epi)",MoNA Volatile FiehnLib,FiehnLibVolatile0105,YONHOSLUBQJXPR-UMVBOHGHSA-N,,,Rtx-5Sil MS,5% diphenyl / 95% dimethylpolysiloxane,Retention_index (alkane basis not explicit in export),GC-EI-TOF,yes; original MSP,MoNA-export-Volatile_FiehnLib(1).msp,GC oven: 50 C 1 min; 20 C/min to 330 C; hold 5 min. The distinct FAME retention index in Comments was not used.
1469.0,dimethyl phthalate,MoNA Volatile FiehnLib,FiehnLibVolatile0059,NIQCNGHVCWTJSM-UHFFFAOYSA-N,,,Rtx-5Sil MS,5% diphenyl / 95% dimethylpolysiloxane,Retention_index (alkane basis not explicit in export),GC-EI-TOF,yes; original MSP,MoNA-export-Volatile_FiehnLib(1).msp,GC oven: 50 C 1 min; 20 C/min to 330 C; hold 5 min. The distinct FAME retention index in Comments was not used.
1469.0,"drima-7,9(11)-diene",RI_Library,RI_Library.csv:369,,FLCE,"Tellez et. al., Journal of essential oil research 9, 619 (Nov/Dec 1997).",,,unspecified in source,,no,RI_Library(1).csv,Column and index definition were not supplied in this file.
1473.0,gamma-gurjunene,RI_Library,RI_Library.csv:370,,PSSC6,"Lucero et. al., Journal of Essential Oil Research 15 (2003) 108.",,,unspecified in source,,no,RI_Library(1).csv,Column and index definition were not supplied in this file.
1474.0,b-cadinene,RI_Library,RI_Library.csv:371,,FLCE,"Tellez et. al., Journal of essential oil research 9, 619 (Nov/Dec 1997).",,,unspecified in source,,no,RI_Library(1).csv,Column and index definition were not supplied in this file.
1474.0,gamma-gurgenene,RI_Library,RI_Library.csv:372,,GUSA,"Lucero, et. al, Journal of Essential Oil Research 18 (2006) 121.",,,unspecified in source,,no,RI_Library(1).csv,Column and index definition were not supplied in this file.
1474.0,β-cadinene,RI_Library,RI_Library.csv:373,,CHPU4,"Tellez et. al., Journal of Essential Oils Research 10, 201 (Mar/Apr 1998).",,,unspecified in source,,no,RI_Library(1).csv,Column and index definition were not supplied in this file.
1475.0,"trans-cadina-1,(6),4-diene",RI_Library,RI_Library.csv:374,,GUSA,"Lucero, et. al, Journal of Essential Oil Research 18 (2006) 121.",,,unspecified in source,,no,RI_Library(1).csv,Column and index definition were not supplied in this file.
1476.0,sesquisabinene,MoNA Volatile FiehnLib,FiehnLibVolatile0176,DYUSFBWNOCHOFP-UHFFFAOYSA-N,,,Rtx-5Sil MS,5% diphenyl / 95% dimethylpolysiloxane,Retention_index (alkane basis not explicit in export),GC-EI-TOF,yes; original MSP,MoNA-export-Volatile_FiehnLib(1).msp,GC oven: 50 C 1 min; 20 C/min to 330 C; hold 5 min. The distinct FAME retention index in Comments was not used.
1476.0,g-muurolene,RI_Library,RI_Library.csv:375,,FLCE,"Tellez et. al., Journal of essential oil research 9, 619 (Nov/Dec 1997).",,,unspecified in source,,no,RI_Library(1).csv,Column and index definition were not supplied in this file.
1476.0,g-muurolene,RI_Library,RI_Library.csv:376,,PSSC6,"Lucero et. al., Journal of Essential Oil Research 15 (2003) 108.",,,unspecified in source,,no,RI_Library(1).csv,Column and index definition were not supplied in this file.
1477.0,y-rnuurolene,RI_Library,RI_Library.csv:377,,CHPU4,"Tellez et. al., Journal of Essential Oils Research 10, 201 (Mar/Apr 1998).",,,unspecified in source,,no,RI_Library(1).csv,Column and index definition were not supplied in this file.
1479.0,y-curcurnene,RI_Library,RI_Library.csv:378,,FLCE,"Tellez et. al., Journal of essential oil research 9, 619 (Nov/Dec 1997).",,,unspecified in source,,no,RI_Library(1).csv,Column and index definition were not supplied in this file.
1480.0,germacrene D,RI_Library,RI_Library.csv:379,,FLCE,"Tellez et. al., Journal of essential oil research 9, 619 (Nov/Dec 1997).",,,unspecified in source,,no,RI_Library(1).csv,Column and index definition were not supplied in this file.
1481.0,germacrene D,RI_Library,RI_Library.csv:380,,DYAC,"Tellez et. al., Journal of Agricultural and Food Chemistry 45, 3276 (1997).",,,unspecified in source,,no,RI_Library(1).csv,Column and index definition were not supplied in this file.
1481.0,y-curcurnene,RI_Library,RI_Library.csv:381,,CHPU4,"Tellez et. al., Journal of Essential Oils Research 10, 201 (Mar/Apr 1998).",,,unspecified in source,,no,RI_Library(1).csv,Column and index definition were not supplied in this file.
1483.0,AR-curcumene,RI_Library,RI_Library.csv:382,,CHPU4,"Tellez et. al., Journal of Essential Oils Research 10, 201 (Mar/Apr 1998).",,,unspecified in source,,no,RI_Library(1).csv,Column and index definition were not supplied in this file.
1484.0,dodecanol,MoNA Volatile FiehnLib,FiehnLibVolatile0020,LQZZUXJYWNFBMV-UHFFFAOYSA-N,,,Rtx-5Sil MS,5% diphenyl / 95% dimethylpolysiloxane,Retention_index (alkane basis not explicit in export),GC-EI-TOF,yes; original MSP,MoNA-export-Volatile_FiehnLib(1).msp,GC oven: 50 C 1 min; 20 C/min to 330 C; hold 5 min. The distinct FAME retention index in Comments was not used.
1485.0,(E)-β-ionone,RI_Library,RI_Library.csv:383,,CEGR,"Lucero et. al.,  Journal of essential oil research (in press).",,,unspecified in source,,no,RI_Library(1).csv,Column and index definition were not supplied in this file.
1485.0,germacrene D,RI_Library,RI_Library.csv:384,,ANCA,"Medina et. al, Journal of Agricultural and Food Chemistry 53 (2005) 8694.",,,unspecified in source,,no,RI_Library(1).csv,Column and index definition were not supplied in this file.
1485.0,germacrene D,RI_Library,RI_Library.csv:385,,CELAS2,"Lucero et. al., in Sosebee, D. et. al. (Editors), 13th Wildland Shrub Symposium:  Shrubland Dynamics: Fire & Water, U.S. Department of Agriculture, Forest Service, Rocky Mountain Research Station., Lubbock, TX, USA, 2004, p. 142.",,,unspecified in source,,no,RI_Library(1).csv,Column and index definition were not supplied in this file.
1485.0,selinene,RI_Library,RI_Library.csv:386,,FLCE,"Tellez et. al., Journal of essential oil research 9, 619 (Nov/Dec 1997).",,,unspecified in source,,no,RI_Library(1).csv,Column and index definition were not supplied in this file.
1485.0,β-selinene,RI_Library,RI_Library.csv:387,,CHPU4,"Tellez et. al., Journal of Essential Oils Research 10, 201 (Mar/Apr 1998).",,,unspecified in source,,no,RI_Library(1).csv,Column and index definition were not supplied in this file.
1486.0,AR-curcumene,RI_Library,RI_Library.csv:388,,CELAS2,"Lucero et. al., in Sosebee, D. et. al. (Editors), 13th Wildland Shrub Symposium:  Shrubland Dynamics: Fire & Water, U.S. Department of Agriculture, Forest Service, Rocky Mountain Research Station., Lubbock, TX, USA, 2004, p. 142.",,,unspecified in source,,no,RI_Library(1).csv,Column and index definition were not supplied in this file.
1486.0,β-selinene,RI_Library,RI_Library.csv:389,,PSSC6,"Lucero et. al., Journal of Essential Oil Research 15 (2003) 108.",,,unspecified in source,,no,RI_Library(1).csv,Column and index definition were not supplied in this file.
1488.0,cis-β-guaiene,RI_Library,RI_Library.csv:390,,ANCA,"Medina et. al, Journal of Agricultural and Food Chemistry 53 (2005) 8694.",,,unspecified in source,,no,RI_Library(1).csv,Column and index definition were not supplied in this file.
1490.0,cumacrene,MoNA Volatile FiehnLib,FiehnLibVolatile0106,UKALNKISFJHNPX-QLFBSQMISA-N,,,Rtx-5Sil MS,5% diphenyl / 95% dimethylpolysiloxane,Retention_index (alkane basis not explicit in export),GC-EI-TOF,yes; original MSP,MoNA-export-Volatile_FiehnLib(1).msp,GC oven: 50 C 1 min; 20 C/min to 330 C; hold 5 min. The distinct FAME retention index in Comments was not used.
1490.0,ethyl cinnamate (e-),MoNA Volatile FiehnLib,FiehnLibVolatile0094,KBEBGUQPQBELIU-CMDGGOBGSA-N,,,Rtx-5Sil MS,5% diphenyl / 95% dimethylpolysiloxane,Retention_index (alkane basis not explicit in export),GC-EI-TOF,yes; original MSP,MoNA-export-Volatile_FiehnLib(1).msp,GC oven: 50 C 1 min; 20 C/min to 330 C; hold 5 min. The distinct FAME retention index in Comments was not used.
1490.0,cis-β-guaiene,RI_Library,RI_Library.csv:391,,FLCE,"Tellez et. al., Journal of essential oil research 9, 619 (Nov/Dec 1997).",,,unspecified in source,,no,RI_Library(1).csv,Column and index definition were not supplied in this file.
1491.0,cis-β-guaiene,RI_Library,RI_Library.csv:392,,PSSC6,"Lucero et. al., Journal of Essential Oil Research 15 (2003) 108.",,,unspecified in source,,no,RI_Library(1).csv,Column and index definition were not supplied in this file.
1493.0,viridiflorene,RI_Library,RI_Library.csv:393,,FLCE,"Tellez et. al., Journal of essential oil research 9, 619 (Nov/Dec 1997).",,,unspecified in source,,no,RI_Library(1).csv,Column and index definition were not supplied in this file.
1494.0,epi-cubebol,RI_Library,RI_Library.csv:394,,FLCE,"Tellez et. al., Journal of essential oil research 9, 619 (Nov/Dec 1997).",,,unspecified in source,,no,RI_Library(1).csv,Column and index definition were not supplied in this file.
1495.0,a-zingiberene,RI_Library,RI_Library.csv:395,,CHPU4,"Tellez et. al., Journal of Essential Oils Research 10, 201 (Mar/Apr 1998).",,,unspecified in source,,no,RI_Library(1).csv,Column and index definition were not supplied in this file.
1495.0,bicyclogermacrene,RI_Library,RI_Library.csv:396,,DYAC,"Tellez et. al., Journal of Agricultural and Food Chemistry 45, 3276 (1997).",,,unspecified in source,,no,RI_Library(1).csv,Column and index definition were not supplied in this file.
1495.0,bicyclogermacrene,RI_Library,RI_Library.csv:397,,FLCE,"Tellez et. al., Journal of essential oil research 9, 619 (Nov/Dec 1997).",,,unspecified in source,,no,RI_Library(1).csv,Column and index definition were not supplied in this file.
1498.0,a-muurolene,RI_Library,RI_Library.csv:398,,FLCE,"Tellez et. al., Journal of essential oil research 9, 619 (Nov/Dec 1997).",,,unspecified in source,,no,RI_Library(1).csv,Column and index definition were not supplied in this file.
1498.0,epizonarene,RI_Library,RI_Library.csv:399,,CHPU4,"Tellez et. al., Journal of Essential Oils Research 10, 201 (Mar/Apr 1998).",,,unspecified in source,,no,RI_Library(1).csv,Column and index definition were not supplied in this file.
1498.0,epizonarene,RI_Library,RI_Library.csv:400,,PSSC6,"Lucero et. al., Journal of Essential Oil Research 15 (2003) 108.",,,unspecified in source,,no,RI_Library(1).csv,Column and index definition were not supplied in this file.
1499.0,a-muurolene,RI_Library,RI_Library.csv:401,,CHPU4,"Tellez et. al., Journal of Essential Oils Research 10, 201 (Mar/Apr 1998).",,,unspecified in source,,no,RI_Library(1).csv,Column and index definition were not supplied in this file.
1500.0,pentadecane,IPPN-UFRJ measured n-alkane standards,IPPN-STD-C15,,,"Measured C8–C30 n-alkane calibration supplied by Ricardo M Borges, IPPN-UFRJ",DB-5MS,5% phenyl / 95% dimethylpolysiloxane,linear retention index; n-alkane calibration point,GC-MS,not provided,KOVATS_from_MZMine2.53(1).csv,"Known n-alkane standard; measured RT 1674.90 s (27.9150 min). RI 1500 by definition at this calibration point. Same-run calibration, not independent validation of compound identity."
1505.0,ionone (e-beta-),MoNA Volatile FiehnLib,FiehnLibVolatile0030,PSQYTAPXSHCGMF-BQYQJAHWSA-N,,,Rtx-5Sil MS,5% diphenyl / 95% dimethylpolysiloxane,Retention_index (alkane basis not explicit in export),GC-EI-TOF,yes; original MSP,MoNA-export-Volatile_FiehnLib(1).msp,GC oven: 50 C 1 min; 20 C/min to 330 C; hold 5 min. The distinct FAME retention index in Comments was not used.
1506.0,d-selinene,RI_Library,RI_Library.csv:402,,FLCE,"Tellez et. al., Journal of essential oil research 9, 619 (Nov/Dec 1997).",,,unspecified in source,,no,RI_Library(1).csv,Column and index definition were not supplied in this file.
1508.0,bulnesene (alpha-),MoNA Volatile FiehnLib,FiehnLibVolatile0138,YHAJBLWYOIUHHM-UHFFFAOYSA-N,,,Rtx-5Sil MS,5% diphenyl / 95% dimethylpolysiloxane,Retention_index (alkane basis not explicit in export),GC-EI-TOF,yes; original MSP,MoNA-export-Volatile_FiehnLib(1).msp,GC oven: 50 C 1 min; 20 C/min to 330 C; hold 5 min. The distinct FAME retention index in Comments was not used.
1509.0,pentadecane,MoNA Volatile FiehnLib,FiehnLibVolatile0048,YCOZIPAWZNQLMR-UHFFFAOYSA-N,,,Rtx-5Sil MS,5% diphenyl / 95% dimethylpolysiloxane,Retention_index (alkane basis not explicit in export),GC-EI-TOF,yes; original MSP,MoNA-export-Volatile_FiehnLib(1).msp,GC oven: 50 C 1 min; 20 C/min to 330 C; hold 5 min. The distinct FAME retention index in Comments was not used.
1509.0,β-bisabolene,RI_Library,RI_Library.csv:403,,CHPU4,"Tellez et. al., Journal of Essential Oils Research 10, 201 (Mar/Apr 1998).",,,unspecified in source,,no,RI_Library(1).csv,Column and index definition were not supplied in this file.
1509.0,β-bisabolene,RI_Library,RI_Library.csv:404,,GUSA,"Lucero, et. al, Journal of Essential Oil Research 18 (2006) 121.",,,unspecified in source,,no,RI_Library(1).csv,Column and index definition were not supplied in this file.
1510.0,b-curcumene,RI_Library,RI_Library.csv:405,,FLCE,"Tellez et. al., Journal of essential oil research 9, 619 (Nov/Dec 1997).",,,unspecified in source,,no,RI_Library(1).csv,Column and index definition were not supplied in this file.
1512.0,(E)-β-ionone,RI_Library,RI_Library.csv:406,,CELAS2,"Lucero et. al., in Sosebee, D. et. al. (Editors), 13th Wildland Shrub Symposium:  Shrubland Dynamics: Fire & Water, U.S. Department of Agriculture, Forest Service, Rocky Mountain Research Station., Lubbock, TX, USA, 2004, p. 142.",,,unspecified in source,,no,RI_Library(1).csv,Column and index definition were not supplied in this file.
1512.0,β-curcumene,RI_Library,RI_Library.csv:407,,PSSC6,"Lucero et. al., Journal of Essential Oil Research 15 (2003) 108.",,,unspecified in source,,no,RI_Library(1).csv,Column and index definition were not supplied in this file.
1513.0,g-cadinene,RI_Library,RI_Library.csv:408,,DYAC,"Tellez et. al., Journal of Agricultural and Food Chemistry 45, 3276 (1997).",,,unspecified in source,,no,RI_Library(1).csv,Column and index definition were not supplied in this file.
1513.0,g-cadinene,RI_Library,RI_Library.csv:409,,FLCE,"Tellez et. al., Journal of essential oil research 9, 619 (Nov/Dec 1997).",,,unspecified in source,,no,RI_Library(1).csv,Column and index definition were not supplied in this file.
1514.0,sesquicineole,RI_Library,RI_Library.csv:410,,CHPU4,"Tellez et. al., Journal of Essential Oils Research 10, 201 (Mar/Apr 1998).",,,unspecified in source,,no,RI_Library(1).csv,Column and index definition were not supplied in this file.
1514.0,trans-g-cadinene,RI_Library,RI_Library.csv:411,,PSSC6,"Lucero et. al., Journal of Essential Oil Research 15 (2003) 108.",,,unspecified in source,,no,RI_Library(1).csv,Column and index definition were not supplied in this file.
1515.0,amorphene (gamma),MoNA Volatile FiehnLib,FiehnLibVolatile0101,WRHGORWNJGOVQY-SOUVJXGZSA-N,,,Rtx-5Sil MS,5% diphenyl / 95% dimethylpolysiloxane,Retention_index (alkane basis not explicit in export),GC-EI-TOF,yes; original MSP,MoNA-export-Volatile_FiehnLib(1).msp,GC oven: 50 C 1 min; 20 C/min to 330 C; hold 5 min. The distinct FAME retention index in Comments was not used.
1517.0,"farnesene (e,e-alpha-)",MoNA Volatile FiehnLib,FiehnLibVolatile0114,CXENHBSYCFFKJS-VDQVFBMKSA-N,,,Rtx-5Sil MS,5% diphenyl / 95% dimethylpolysiloxane,Retention_index (alkane basis not explicit in export),GC-EI-TOF,yes; original MSP,MoNA-export-Volatile_FiehnLib(1).msp,GC oven: 50 C 1 min; 20 C/min to 330 C; hold 5 min. The distinct FAME retention index in Comments was not used.
1519.0,methyl biphenyl (4-),MoNA Volatile FiehnLib,FiehnLibVolatile0190,ZZLCFHIKESPLTH-UHFFFAOYSA-N,,,Rtx-5Sil MS,5% diphenyl / 95% dimethylpolysiloxane,Retention_index (alkane basis not explicit in export),GC-EI-TOF,yes; original MSP,MoNA-export-Volatile_FiehnLib(1).msp,GC oven: 50 C 1 min; 20 C/min to 330 C; hold 5 min. The distinct FAME retention index in Comments was not used.
1521.0,cis-calamenene,RI_Library,RI_Library.csv:412,,FLCE,"Tellez et. al., Journal of essential oil research 9, 619 (Nov/Dec 1997).",,,unspecified in source,,no,RI_Library(1).csv,Column and index definition were not supplied in this file.
1523.0,d-cadinene,RI_Library,RI_Library.csv:413,,DYAC,"Tellez et. al., Journal of Agricultural and Food Chemistry 45, 3276 (1997).",,,unspecified in source,,no,RI_Library(1).csv,Column and index definition were not supplied in this file.
1523.0,d-cadinene,RI_Library,RI_Library.csv:414,,FLCE,"Tellez et. al., Journal of essential oil research 9, 619 (Nov/Dec 1997).",,,unspecified in source,,no,RI_Library(1).csv,Column and index definition were not supplied in this file.
1524.0,tridecanal,MoNA Volatile FiehnLib,FiehnLibVolatile0161,BGEHHAVMRVXCGR-UHFFFAOYSA-N,,,Rtx-5Sil MS,5% diphenyl / 95% dimethylpolysiloxane,Retention_index (alkane basis not explicit in export),GC-EI-TOF,yes; original MSP,MoNA-export-Volatile_FiehnLib(1).msp,GC oven: 50 C 1 min; 20 C/min to 330 C; hold 5 min. The distinct FAME retention index in Comments was not used.
1524.0,d-cadinene,RI_Library,RI_Library.csv:415,,CHPU4,"Tellez et. al., Journal of Essential Oils Research 10, 201 (Mar/Apr 1998).",,,unspecified in source,,no,RI_Library(1).csv,Column and index definition were not supplied in this file.
1524.0,d-cadinene,RI_Library,RI_Library.csv:416,,PSSC6,"Lucero et. al., Journal of Essential Oil Research 15 (2003) 108.",,,unspecified in source,,no,RI_Library(1).csv,Column and index definition were not supplied in this file.
1525.0,eugenyl acetate,RI_Library,RI_Library.csv:417,,DYAC,"Tellez et. al., Journal of Agricultural and Food Chemistry 45, 3276 (1997).",,,unspecified in source,,no,RI_Library(1).csv,Column and index definition were not supplied in this file.
1530.0,sesquiphellandrene (beta-),MoNA Volatile FiehnLib,FiehnLibVolatile0130,PHWISBHSBNDZDX-UHFFFAOYSA-N,,,Rtx-5Sil MS,5% diphenyl / 95% dimethylpolysiloxane,Retention_index (alkane basis not explicit in export),GC-EI-TOF,yes; original MSP,MoNA-export-Volatile_FiehnLib(1).msp,GC oven: 50 C 1 min; 20 C/min to 330 C; hold 5 min. The distinct FAME retention index in Comments was not used.
1532.0,C12 FAME,MoNA Volatile FiehnLib,FiehnLibVolatile0012,UQDUPQYQJKYHQI-UHFFFAOYSA-N,,,Rtx-5Sil MS,5% diphenyl / 95% dimethylpolysiloxane,Retention_index (alkane basis not explicit in export),GC-EI-TOF,yes; original MSP,MoNA-export-Volatile_FiehnLib(1).msp,GC oven: 50 C 1 min; 20 C/min to 330 C; hold 5 min. The distinct FAME retention index in Comments was not used.
1532.0,"cadina-1,4-diene",RI_Library,RI_Library.csv:418,,CHPU4,"Tellez et. al., Journal of Essential Oils Research 10, 201 (Mar/Apr 1998).",,,unspecified in source,,no,RI_Library(1).csv,Column and index definition were not supplied in this file.
1532.0,"cadina-1,4-diene",RI_Library,RI_Library.csv:419,,FLCE,"Tellez et. al., Journal of essential oil research 9, 619 (Nov/Dec 1997).",,,unspecified in source,,no,RI_Library(1).csv,Column and index definition were not supplied in this file.
1533.0,"cadina-1,4-diene1",RI_Library,RI_Library.csv:420,,PSSC6,"Lucero et. al., Journal of Essential Oil Research 15 (2003) 108.",,,unspecified in source,,no,RI_Library(1).csv,Column and index definition were not supplied in this file.
1538.0,a-cadinene,RI_Library,RI_Library.csv:421,,CHPU4,"Tellez et. al., Journal of Essential Oils Research 10, 201 (Mar/Apr 1998).",,,unspecified in source,,no,RI_Library(1).csv,Column and index definition were not supplied in this file.
1538.0,a-cadinene,RI_Library,RI_Library.csv:422,,FLCE,"Tellez et. al., Journal of essential oil research 9, 619 (Nov/Dec 1997).",,,unspecified in source,,no,RI_Library(1).csv,Column and index definition were not supplied in this file.
1538.0,a-cadinene,RI_Library,RI_Library.csv:423,,PSSC6,"Lucero et. al., Journal of Essential Oil Research 15 (2003) 108.",,,unspecified in source,,no,RI_Library(1).csv,Column and index definition were not supplied in this file.
1542.0,a-cadinene,RI_Library,RI_Library.csv:424,,FLCE,"Tellez et. al., Journal of essential oil research 9, 619 (Nov/Dec 1997).",,,unspecified in source,,no,RI_Library(1).csv,Column and index definition were not supplied in this file.
1542.0,"selina-3,7(11)-diene",RI_Library,RI_Library.csv:425,,CHPU4,"Tellez et. al., Journal of Essential Oils Research 10, 201 (Mar/Apr 1998).",,,unspecified in source,,no,RI_Library(1).csv,Column and index definition were not supplied in this file.
1543.0,a-calacorene,RI_Library,RI_Library.csv:426,,PSSC6,"Lucero et. al., Journal of Essential Oil Research 15 (2003) 108.",,,unspecified in source,,no,RI_Library(1).csv,Column and index definition were not supplied in this file.
1548.0,cadinene (delta-),MoNA Volatile FiehnLib,FiehnLibVolatile0122,FUCYIEXQVQJBKY-UHFFFAOYSA-N,,,Rtx-5Sil MS,5% diphenyl / 95% dimethylpolysiloxane,Retention_index (alkane basis not explicit in export),GC-EI-TOF,yes; original MSP,MoNA-export-Volatile_FiehnLib(1).msp,GC oven: 50 C 1 min; 20 C/min to 330 C; hold 5 min. The distinct FAME retention index in Comments was not used.
1548.0,elemol,RI_Library,RI_Library.csv:427,,FLCE,"Tellez et. al., Journal of essential oil research 9, 619 (Nov/Dec 1997).",,,unspecified in source,,no,RI_Library(1).csv,Column and index definition were not supplied in this file.
1549.0,elemol,RI_Library,RI_Library.csv:428,,KOSP,current study,,,unspecified in source,,no,RI_Library(1).csv,Column and index definition were not supplied in this file.
1551.0,elemol,RI_Library,RI_Library.csv:429,,GUSA,"Lucero, et. al, Journal of Essential Oil Research 18 (2006) 121.",,,unspecified in source,,no,RI_Library(1).csv,Column and index definition were not supplied in this file.
1552.0,elemicin,RI_Library,RI_Library.csv:430,,ANCA,"Medina et. al, Journal of Agricultural and Food Chemistry 53 (2005) 8694.",,,unspecified in source,,no,RI_Library(1).csv,Column and index definition were not supplied in this file.
1555.0,calamenene (cis-),MoNA Volatile FiehnLib,FiehnLibVolatile0146,PGTJIOWQJWHTJJ-UHFFFAOYSA-N,,,Rtx-5Sil MS,5% diphenyl / 95% dimethylpolysiloxane,Retention_index (alkane basis not explicit in export),GC-EI-TOF,yes; original MSP,MoNA-export-Volatile_FiehnLib(1).msp,GC oven: 50 C 1 min; 20 C/min to 330 C; hold 5 min. The distinct FAME retention index in Comments was not used.
1557.0,germacrene B,RI_Library,RI_Library.csv:431,,FLCE,"Tellez et. al., Journal of essential oil research 9, 619 (Nov/Dec 1997).",,,unspecified in source,,no,RI_Library(1).csv,Column and index definition were not supplied in this file.
1557.0,gerrnacrene B,RI_Library,RI_Library.csv:432,,CHPU4,"Tellez et. al., Journal of Essential Oils Research 10, 201 (Mar/Apr 1998).",,,unspecified in source,,no,RI_Library(1).csv,Column and index definition were not supplied in this file.
1562.0,(E)-nerolidol,RI_Library,RI_Library.csv:433,,FLCE,"Tellez et. al., Journal of essential oil research 9, 619 (Nov/Dec 1997).",,,unspecified in source,,no,RI_Library(1).csv,Column and index definition were not supplied in this file.
1564.0,β-calacorene,RI_Library,RI_Library.csv:434,,PSSC6,"Lucero et. al., Journal of Essential Oil Research 15 (2003) 108.",,,unspecified in source,,no,RI_Library(1).csv,Column and index definition were not supplied in this file.
1565.0,(E)-nerolidol,RI_Library,RI_Library.csv:435,,GUSA,"Lucero, et. al, Journal of Essential Oil Research 18 (2006) 121.",,,unspecified in source,,no,RI_Library(1).csv,Column and index definition were not supplied in this file.
1566.0,dodecanoic acid,MoNA Volatile FiehnLib,FiehnLibVolatile0202,POULHZVOKOAJMA-UHFFFAOYSA-N,,,Rtx-5Sil MS,5% diphenyl / 95% dimethylpolysiloxane,Retention_index (alkane basis not explicit in export),GC-EI-TOF,yes; original MSP,MoNA-export-Volatile_FiehnLib(1).msp,GC oven: 50 C 1 min; 20 C/min to 330 C; hold 5 min. The distinct FAME retention index in Comments was not used.
1571.0,thymohydroquinone,MoNA Volatile FiehnLib,FiehnLibVolatile0140,OQIOHYHRGZNZCW-UHFFFAOYSA-N,,,Rtx-5Sil MS,5% diphenyl / 95% dimethylpolysiloxane,Retention_index (alkane basis not explicit in export),GC-EI-TOF,yes; original MSP,MoNA-export-Volatile_FiehnLib(1).msp,GC oven: 50 C 1 min; 20 C/min to 330 C; hold 5 min. The distinct FAME retention index in Comments was not used.
1574.0,prenopsan-8-ol,RI_Library,RI_Library.csv:436,,GUSA,"Lucero, et. al, Journal of Essential Oil Research 18 (2006) 121.",,,unspecified in source,,no,RI_Library(1).csv,Column and index definition were not supplied in this file.
1575.0,germacrene D-4-ol,RI_Library,RI_Library.csv:437,,FLCE,"Tellez et. al., Journal of essential oil research 9, 619 (Nov/Dec 1997).",,,unspecified in source,,no,RI_Library(1).csv,Column and index definition were not supplied in this file.
1576.0,spathulenol,RI_Library,RI_Library.csv:438,,DYAC,"Tellez et. al., Journal of Agricultural and Food Chemistry 45, 3276 (1997).",,,unspecified in source,,no,RI_Library(1).csv,Column and index definition were not supplied in this file.
1576.0,spathulenol,RI_Library,RI_Library.csv:439,,FLCE,"Tellez et. al., Journal of essential oil research 9, 619 (Nov/Dec 1997).",,,unspecified in source,,no,RI_Library(1).csv,Column and index definition were not supplied in this file.
1577.0,himachalene epoxide,RI_Library,RI_Library.csv:440,,GUSA,"Lucero, et. al, Journal of Essential Oil Research 18 (2006) 121.",,,unspecified in source,,no,RI_Library(1).csv,Column and index definition were not supplied in this file.
1578.0,spathulenol,RI_Library,RI_Library.csv:441,,GUSA,"Lucero, et. al, Journal of Essential Oil Research 18 (2006) 121.",,,unspecified in source,,no,RI_Library(1).csv,Column and index definition were not supplied in this file.
1578.0,spathulenol,RI_Library,RI_Library.csv:442,,PSSC6,"Lucero et. al., Journal of Essential Oil Research 15 (2003) 108.",,,unspecified in source,,no,RI_Library(1).csv,Column and index definition were not supplied in this file.
1582.0,caryophyllene oxide,RI_Library,RI_Library.csv:443,,ANCA,"Medina et. al, Journal of Agricultural and Food Chemistry 53 (2005) 8694.",,,unspecified in source,,no,RI_Library(1).csv,Column and index definition were not supplied in this file.
1582.0,caryophyllene oxide,RI_Library,RI_Library.csv:444,,DYAC,"Tellez et. al., Journal of Agricultural and Food Chemistry 45, 3276 (1997).",,,unspecified in source,,no,RI_Library(1).csv,Column and index definition were not supplied in this file.
1582.0,caryophyllene oxide,RI_Library,RI_Library.csv:445,,FLCE,"Tellez et. al., Journal of essential oil research 9, 619 (Nov/Dec 1997).",,,unspecified in source,,no,RI_Library(1).csv,Column and index definition were not supplied in this file.
1583.0,caryophyllene oxide,RI_Library,RI_Library.csv:446,,GUSA,"Lucero, et. al, Journal of Essential Oil Research 18 (2006) 121.",,,unspecified in source,,no,RI_Library(1).csv,Column and index definition were not supplied in this file.
1584.0,globulol,RI_Library,RI_Library.csv:447,,PSSC6,"Lucero et. al., Journal of Essential Oil Research 15 (2003) 108.",,,unspecified in source,,no,RI_Library(1).csv,Column and index definition were not supplied in this file.
1585.0,gleenol,RI_Library,RI_Library.csv:448,,GUSA,"Lucero, et. al, Journal of Essential Oil Research 18 (2006) 121.",,,unspecified in source,,no,RI_Library(1).csv,Column and index definition were not supplied in this file.
1590.0,viridflorol,RI_Library,RI_Library.csv:449,,FLCE,"Tellez et. al., Journal of essential oil research 9, 619 (Nov/Dec 1997).",,,unspecified in source,,no,RI_Library(1).csv,Column and index definition were not supplied in this file.
1600.0,hexadecane,IPPN-UFRJ measured n-alkane standards,IPPN-STD-C16,,,"Measured C8–C30 n-alkane calibration supplied by Ricardo M Borges, IPPN-UFRJ",DB-5MS,5% phenyl / 95% dimethylpolysiloxane,linear retention index; n-alkane calibration point,GC-MS,not provided,KOVATS_from_MZMine2.53(1).csv,"Known n-alkane standard; measured RT 1910.70 s (31.8450 min). RI 1600 by definition at this calibration point. Same-run calibration, not independent validation of compound identity."
1603.0,ethyl dodecanoate,MoNA Volatile FiehnLib,FiehnLibVolatile0042,MMXKVMNBHPAILY-UHFFFAOYSA-N,,,Rtx-5Sil MS,5% diphenyl / 95% dimethylpolysiloxane,Retention_index (alkane basis not explicit in export),GC-EI-TOF,yes; original MSP,MoNA-export-Volatile_FiehnLib(1).msp,GC oven: 50 C 1 min; 20 C/min to 330 C; hold 5 min. The distinct FAME retention index in Comments was not used.
1607.0,"propanoic acid, 2-methyl-, 1-(1,1-dimethylethyl)-2-methyl-1,3-propanediyl ester",MoNA Volatile FiehnLib,FiehnLibVolatile0016,LQAPKVCNYIQTER-UHFFFAOYSA-N,,,Rtx-5Sil MS,5% diphenyl / 95% dimethylpolysiloxane,Retention_index (alkane basis not explicit in export),GC-EI-TOF,yes; original MSP,MoNA-export-Volatile_FiehnLib(1).msp,GC oven: 50 C 1 min; 20 C/min to 330 C; hold 5 min. The distinct FAME retention index in Comments was not used.
1607.0,b-oplopenone,RI_Library,RI_Library.csv:450,,FLCE,"Tellez et. al., Journal of essential oil research 9, 619 (Nov/Dec 1997).",,,unspecified in source,,no,RI_Library(1).csv,Column and index definition were not supplied in this file.
1608.0,humulene epoxide II,RI_Library,RI_Library.csv:451,,PSSC6,"Lucero et. al., Journal of Essential Oil Research 15 (2003) 108.",,,unspecified in source,,no,RI_Library(1).csv,Column and index definition were not supplied in this file.
1609.0,humulene epoxide II,RI_Library,RI_Library.csv:452,,GUSA,"Lucero, et. al, Journal of Essential Oil Research 18 (2006) 121.",,,unspecified in source,,no,RI_Library(1).csv,Column and index definition were not supplied in this file.
1610.0,diethyl phthalate,MoNA Volatile FiehnLib,FiehnLibVolatile0049,FLKPEMZONWLCSK-UHFFFAOYSA-N,,,Rtx-5Sil MS,5% diphenyl / 95% dimethylpolysiloxane,Retention_index (alkane basis not explicit in export),GC-EI-TOF,yes; original MSP,MoNA-export-Volatile_FiehnLib(1).msp,GC oven: 50 C 1 min; 20 C/min to 330 C; hold 5 min. The distinct FAME retention index in Comments was not used.
1611.0,hexadecane,MoNA Volatile FiehnLib,FiehnLibVolatile0043,DCAYPVUWAIABOU-UHFFFAOYSA-N,,,Rtx-5Sil MS,5% diphenyl / 95% dimethylpolysiloxane,Retention_index (alkane basis not explicit in export),GC-EI-TOF,yes; original MSP,MoNA-export-Volatile_FiehnLib(1).msp,GC oven: 50 C 1 min; 20 C/min to 330 C; hold 5 min. The distinct FAME retention index in Comments was not used.
1612.0,tetradecanal,RI_Library,RI_Library.csv:453,,CEGR,"Lucero et. al.,  Journal of essential oil research (in press).",,,unspecified in source,,no,RI_Library(1).csv,Column and index definition were not supplied in this file.
1612.0,β-himachalene oxide,RI_Library,RI_Library.csv:454,,GUSA,"Lucero, et. al, Journal of Essential Oil Research 18 (2006) 121.",,,unspecified in source,,no,RI_Library(1).csv,Column and index definition were not supplied in this file.
1619.0,10-epi-gamma-eudesmol,RI_Library,RI_Library.csv:455,,FLCE,"Tellez et. al., Journal of essential oil research 9, 619 (Nov/Dec 1997).",,,unspecified in source,,no,RI_Library(1).csv,Column and index definition were not supplied in this file.
1623.0,silphiperfol-6-en-5-one,RI_Library,RI_Library.csv:456,,GUSA,"Lucero, et. al, Journal of Essential Oil Research 18 (2006) 121.",,,unspecified in source,,no,RI_Library(1).csv,Column and index definition were not supplied in this file.
1628.0,1-epi-cubenol,RI_Library,RI_Library.csv:457,,FLCE,"Tellez et. al., Journal of essential oil research 9, 619 (Nov/Dec 1997).",,,unspecified in source,,no,RI_Library(1).csv,Column and index definition were not supplied in this file.
1628.0,1-epi-cubenol,RI_Library,RI_Library.csv:458,,PSSC6,"Lucero et. al., Journal of Essential Oil Research 15 (2003) 108.",,,unspecified in source,,no,RI_Library(1).csv,Column and index definition were not supplied in this file.
1629.0,tetradecanal,MoNA Volatile FiehnLib,FiehnLibVolatile0137,UHUFTBALEZWWIH-UHFFFAOYSA-N,,,Rtx-5Sil MS,5% diphenyl / 95% dimethylpolysiloxane,Retention_index (alkane basis not explicit in export),GC-EI-TOF,yes; original MSP,MoNA-export-Volatile_FiehnLib(1).msp,GC oven: 50 C 1 min; 20 C/min to 330 C; hold 5 min. The distinct FAME retention index in Comments was not used.
1629.0,1-epi-cubenol,RI_Library,RI_Library.csv:460,,GUSA,"Lucero, et. al, Journal of Essential Oil Research 18 (2006) 121.",,,unspecified in source,,no,RI_Library(1).csv,Column and index definition were not supplied in this file.
1629.0,eremoligensol,RI_Library,RI_Library.csv:459,,KOSP,current study,,,unspecified in source,,no,RI_Library(1).csv,Column and index definition were not supplied in this file.
1631.0,g-eudesmol,RI_Library,RI_Library.csv:461,,FLCE,"Tellez et. al., Journal of essential oil research 9, 619 (Nov/Dec 1997).",,,unspecified in source,,no,RI_Library(1).csv,Column and index definition were not supplied in this file.
1632.0,(Z)-3-hexenyl-phenyl-acetate,RI_Library,RI_Library.csv:462,,CEGR,"Lucero et. al.,  Journal of essential oil research (in press).",,,unspecified in source,,no,RI_Library(1).csv,Column and index definition were not supplied in this file.
1633.0,y-eudesmol,RI_Library,RI_Library.csv:463,,GUSA,"Lucero, et. al, Journal of Essential Oil Research 18 (2006) 121.",,,unspecified in source,,no,RI_Library(1).csv,Column and index definition were not supplied in this file.
1639.0,hinesol,RI_Library,RI_Library.csv:464,,FLCE,"Tellez et. al., Journal of essential oil research 9, 619 (Nov/Dec 1997).",,,unspecified in source,,no,RI_Library(1).csv,Column and index definition were not supplied in this file.
1640.0,epi-a-cadinol,RI_Library,RI_Library.csv:465,,DYAC,"Tellez et. al., Journal of Agricultural and Food Chemistry 45, 3276 (1997).",,,unspecified in source,,no,RI_Library(1).csv,Column and index definition were not supplied in this file.
1641.0,muurolol,RI_Library,RI_Library.csv:466,,KOSP,current study,,,unspecified in source,,no,RI_Library(1).csv,Column and index definition were not supplied in this file.
1642.0,cubenol,RI_Library,RI_Library.csv:467,,FLCE,"Tellez et. al., Journal of essential oil research 9, 619 (Nov/Dec 1997).",,,unspecified in source,,no,RI_Library(1).csv,Column and index definition were not supplied in this file.
1642.0,epi-a-muurolol,RI_Library,RI_Library.csv:468,,FLCE,"Tellez et. al., Journal of essential oil research 9, 619 (Nov/Dec 1997).",,,unspecified in source,,no,RI_Library(1).csv,Column and index definition were not supplied in this file.
1643.0,cubenol,RI_Library,RI_Library.csv:469,,GUSA,"Lucero, et. al, Journal of Essential Oil Research 18 (2006) 121.",,,unspecified in source,,no,RI_Library(1).csv,Column and index definition were not supplied in this file.
1646.0,a-muurolol,RI_Library,RI_Library.csv:470,,DYAC,"Tellez et. al., Journal of Agricultural and Food Chemistry 45, 3276 (1997).",,,unspecified in source,,no,RI_Library(1).csv,Column and index definition were not supplied in this file.
1646.0,a-muurolol,RI_Library,RI_Library.csv:471,,PSSC6,"Lucero et. al., Journal of Essential Oil Research 15 (2003) 108.",,,unspecified in source,,no,RI_Library(1).csv,Column and index definition were not supplied in this file.
1646.0,himachalol,RI_Library,RI_Library.csv:472,,FLCE,"Tellez et. al., Journal of essential oil research 9, 619 (Nov/Dec 1997).",,,unspecified in source,,no,RI_Library(1).csv,Column and index definition were not supplied in this file.
1650.0,β-eudesmol,RI_Library,RI_Library.csv:473,,CEGR,"Lucero et. al.,  Journal of essential oil research (in press).",,,unspecified in source,,no,RI_Library(1).csv,Column and index definition were not supplied in this file.
1650.0,β-eudesmol,RI_Library,RI_Library.csv:474,,FLCE,"Tellez et. al., Journal of essential oil research 9, 619 (Nov/Dec 1997).",,,unspecified in source,,no,RI_Library(1).csv,Column and index definition were not supplied in this file.
1650.0,β-eudesmol,RI_Library,RI_Library.csv:475,,PSSC6,"Lucero et. al., Journal of Essential Oil Research 15 (2003) 108.",,,unspecified in source,,no,RI_Library(1).csv,Column and index definition were not supplied in this file.
1651.0,β-eudesmol,RI_Library,RI_Library.csv:476,,GUSA,"Lucero, et. al, Journal of Essential Oil Research 18 (2006) 121.",,,unspecified in source,,no,RI_Library(1).csv,Column and index definition were not supplied in this file.
1651.0,β-eudesmol,RI_Library,RI_Library.csv:477,,KOSP,current study,,,unspecified in source,,no,RI_Library(1).csv,Column and index definition were not supplied in this file.
1653.0,a-cadinol,RI_Library,RI_Library.csv:478,,DYAC,"Tellez et. al., Journal of Agricultural and Food Chemistry 45, 3276 (1997).",,,unspecified in source,,no,RI_Library(1).csv,Column and index definition were not supplied in this file.
1653.0,a-eudesmol,RI_Library,RI_Library.csv:479,,FLCE,"Tellez et. al., Journal of essential oil research 9, 619 (Nov/Dec 1997).",,,unspecified in source,,no,RI_Library(1).csv,Column and index definition were not supplied in this file.
1653.0,selin-11-en-4alpha-ol,RI_Library,RI_Library.csv:480,,FLCE,"Tellez et. al., Journal of essential oil research 9, 619 (Nov/Dec 1997).",,,unspecified in source,,no,RI_Library(1).csv,Column and index definition were not supplied in this file.
1656.0,neo-intermedeol,RI_Library,RI_Library.csv:481,,GUSA,"Lucero, et. al, Journal of Essential Oil Research 18 (2006) 121.",,,unspecified in source,,no,RI_Library(1).csv,Column and index definition were not supplied in this file.
1658.0,1-epi-a-eudesmol,RI_Library,RI_Library.csv:482,,FLCE,"Tellez et. al., Journal of essential oil research 9, 619 (Nov/Dec 1997).",,,unspecified in source,,no,RI_Library(1).csv,Column and index definition were not supplied in this file.
1668.0,bulnesol,RI_Library,RI_Library.csv:483,,FLCE,"Tellez et. al., Journal of essential oil research 9, 619 (Nov/Dec 1997).",,,unspecified in source,,no,RI_Library(1).csv,Column and index definition were not supplied in this file.
1668.0,bulnesol,RI_Library,RI_Library.csv:484,,GUSA,"Lucero, et. al, Journal of Essential Oil Research 18 (2006) 121.",,,unspecified in source,,no,RI_Library(1).csv,Column and index definition were not supplied in this file.
1670.0,methyl dihydrojasmonate (cis),MoNA Volatile FiehnLib,FiehnLibVolatile0205,KVWWIYGFBYDJQC-WDEREUQCSA-N,,,Rtx-5Sil MS,5% diphenyl / 95% dimethylpolysiloxane,Retention_index (alkane basis not explicit in export),GC-EI-TOF,yes; original MSP,MoNA-export-Volatile_FiehnLib(1).msp,GC oven: 50 C 1 min; 20 C/min to 330 C; hold 5 min. The distinct FAME retention index in Comments was not used.
1672.0,benzophenone,MoNA Volatile FiehnLib,FiehnLibVolatile0064,RWCCWEUUXYIKHB-UHFFFAOYSA-N,,,Rtx-5Sil MS,5% diphenyl / 95% dimethylpolysiloxane,Retention_index (alkane basis not explicit in export),GC-EI-TOF,yes; original MSP,MoNA-export-Volatile_FiehnLib(1).msp,GC oven: 50 C 1 min; 20 C/min to 330 C; hold 5 min. The distinct FAME retention index in Comments was not used.
1672.0,β-bisabolol,RI_Library,RI_Library.csv:485,,PSSC6,"Lucero et. al., Journal of Essential Oil Research 15 (2003) 108.",,,unspecified in source,,no,RI_Library(1).csv,Column and index definition were not supplied in this file.
1674.0,cadalene,RI_Library,RI_Library.csv:486,,PSSC6,"Lucero et. al., Journal of Essential Oil Research 15 (2003) 108.",,,unspecified in source,,no,RI_Library(1).csv,Column and index definition were not supplied in this file.
1675.0,methyl-epi-jasmonate,RI_Library,RI_Library.csv:487,,FLCE,"Tellez et. al., Journal of essential oil research 9, 619 (Nov/Dec 1997).",,,unspecified in source,,no,RI_Library(1).csv,Column and index definition were not supplied in this file.
1682.0,a-bisabolol,RI_Library,RI_Library.csv:488,,FLCE,"Tellez et. al., Journal of essential oil research 9, 619 (Nov/Dec 1997).",,,unspecified in source,,no,RI_Library(1).csv,Column and index definition were not supplied in this file.
1684.0,epi-a-bisabolol,RI_Library,RI_Library.csv:489,,GUSA,"Lucero, et. al, Journal of Essential Oil Research 18 (2006) 121.",,,unspecified in source,,no,RI_Library(1).csv,Column and index definition were not supplied in this file.
1686.0,8-cedren-13-ol,RI_Library,RI_Library.csv:490,,FLCE,"Tellez et. al., Journal of essential oil research 9, 619 (Nov/Dec 1997).",,,unspecified in source,,no,RI_Library(1).csv,Column and index definition were not supplied in this file.
1692.0,tetradecanol (n),MoNA Volatile FiehnLib,FiehnLibVolatile0172,HLZKNKRTKFSKGZ-UHFFFAOYSA-N,,,Rtx-5Sil MS,5% diphenyl / 95% dimethylpolysiloxane,Retention_index (alkane basis not explicit in export),GC-EI-TOF,yes; original MSP,MoNA-export-Volatile_FiehnLib(1).msp,GC oven: 50 C 1 min; 20 C/min to 330 C; hold 5 min. The distinct FAME retention index in Comments was not used.
1700.0,heptadecane,IPPN-UFRJ measured n-alkane standards,IPPN-STD-C17,,,"Measured C8–C30 n-alkane calibration supplied by Ricardo M Borges, IPPN-UFRJ",DB-5MS,5% phenyl / 95% dimethylpolysiloxane,linear retention index; n-alkane calibration point,GC-MS,not provided,KOVATS_from_MZMine2.53(1).csv,"Known n-alkane standard; measured RT 2135.40 s (35.5900 min). RI 1700 by definition at this calibration point. Same-run calibration, not independent validation of compound identity."
1700.0,methyl dihydrojasmonate (trans),MoNA Volatile FiehnLib,FiehnLibVolatile0089,KVWWIYGFBYDJQC-QWRGUYRKSA-N,,,Rtx-5Sil MS,5% diphenyl / 95% dimethylpolysiloxane,Retention_index (alkane basis not explicit in export),GC-EI-TOF,yes; original MSP,MoNA-export-Volatile_FiehnLib(1).msp,GC oven: 50 C 1 min; 20 C/min to 330 C; hold 5 min. The distinct FAME retention index in Comments was not used.
1711.0,heptadecane,MoNA Volatile FiehnLib,FiehnLibVolatile0027,NDJKXXJCMXVBJW-UHFFFAOYSA-N,,,Rtx-5Sil MS,5% diphenyl / 95% dimethylpolysiloxane,Retention_index (alkane basis not explicit in export),GC-EI-TOF,yes; original MSP,MoNA-export-Volatile_FiehnLib(1).msp,GC oven: 50 C 1 min; 20 C/min to 330 C; hold 5 min. The distinct FAME retention index in Comments was not used.
1719.0,sinensal (beta-),MoNA Volatile FiehnLib,FiehnLibVolatile0123,NOPLRNXKHZRXHT-YFVJMOTDSA-N,,,Rtx-5Sil MS,5% diphenyl / 95% dimethylpolysiloxane,Retention_index (alkane basis not explicit in export),GC-EI-TOF,yes; original MSP,MoNA-export-Volatile_FiehnLib(1).msp,GC oven: 50 C 1 min; 20 C/min to 330 C; hold 5 min. The distinct FAME retention index in Comments was not used.
1735.0,C14 FAME,MoNA Volatile FiehnLib,FiehnLibVolatile0006,ZAZKJZBWRNNLDS-UHFFFAOYSA-N,,,Rtx-5Sil MS,5% diphenyl / 95% dimethylpolysiloxane,Retention_index (alkane basis not explicit in export),GC-EI-TOF,yes; original MSP,MoNA-export-Volatile_FiehnLib(1).msp,GC oven: 50 C 1 min; 20 C/min to 330 C; hold 5 min. The distinct FAME retention index in Comments was not used.
1735.0,oplopanone,RI_Library,RI_Library.csv:491,,FLCE,"Tellez et. al., Journal of essential oil research 9, 619 (Nov/Dec 1997).",,,unspecified in source,,no,RI_Library(1).csv,Column and index definition were not supplied in this file.
1747.0,6S-7R-bisabolone,RI_Library,RI_Library.csv:492,,GUSA,"Lucero, et. al, Journal of Essential Oil Research 18 (2006) 121.",,,unspecified in source,,no,RI_Library(1).csv,Column and index definition were not supplied in this file.
1749.0,xanthorrizol,RI_Library,RI_Library.csv:493,,FLCE,"Tellez et. al., Journal of essential oil research 9, 619 (Nov/Dec 1997).",,,unspecified in source,,no,RI_Library(1).csv,Column and index definition were not supplied in this file.
1761.0,benzyl-benzoate,RI_Library,RI_Library.csv:494,,CEGR,"Lucero et. al.,  Journal of essential oil research (in press).",,,unspecified in source,,no,RI_Library(1).csv,Column and index definition were not supplied in this file.
1774.0,sinensal (alpha-),MoNA Volatile FiehnLib,FiehnLibVolatile0136,PFSTYGCNVAVZBK-JQGMZEBDSA-N,,,Rtx-5Sil MS,5% diphenyl / 95% dimethylpolysiloxane,Retention_index (alkane basis not explicit in export),GC-EI-TOF,yes; original MSP,MoNA-export-Volatile_FiehnLib(1).msp,GC oven: 50 C 1 min; 20 C/min to 330 C; hold 5 min. The distinct FAME retention index in Comments was not used.
1789.0,8-a-acetoxyelemol,RI_Library,RI_Library.csv:495,,KOSP,current study,,,unspecified in source,,no,RI_Library(1).csv,Column and index definition were not supplied in this file.
1794.0,pentadecanol (n-),MoNA Volatile FiehnLib,FiehnLibVolatile0206,REIUXOLGHVXAEO-UHFFFAOYSA-N,,,Rtx-5Sil MS,5% diphenyl / 95% dimethylpolysiloxane,Retention_index (alkane basis not explicit in export),GC-EI-TOF,yes; original MSP,MoNA-export-Volatile_FiehnLib(1).msp,GC oven: 50 C 1 min; 20 C/min to 330 C; hold 5 min. The distinct FAME retention index in Comments was not used.
1798.0,nootkatone,RI_Library,RI_Library.csv:496,,FLCE,"Tellez et. al., Journal of essential oil research 9, 619 (Nov/Dec 1997).",,,unspecified in source,,no,RI_Library(1).csv,Column and index definition were not supplied in this file.
1800.0,octadecane,IPPN-UFRJ measured n-alkane standards,IPPN-STD-C18,,,"Measured C8–C30 n-alkane calibration supplied by Ricardo M Borges, IPPN-UFRJ",DB-5MS,5% phenyl / 95% dimethylpolysiloxane,linear retention index; n-alkane calibration point,GC-MS,not provided,KOVATS_from_MZMine2.53(1).csv,"Known n-alkane standard; measured RT 2349.00 s (39.1500 min). RI 1800 by definition at this calibration point. Same-run calibration, not independent validation of compound identity."
1803.0,ethyl tetradecanoate,MoNA Volatile FiehnLib,FiehnLibVolatile0040,MMKRHZKQPFCLLS-UHFFFAOYSA-N,,,Rtx-5Sil MS,5% diphenyl / 95% dimethylpolysiloxane,Retention_index (alkane basis not explicit in export),GC-EI-TOF,yes; original MSP,MoNA-export-Volatile_FiehnLib(1).msp,GC oven: 50 C 1 min; 20 C/min to 330 C; hold 5 min. The distinct FAME retention index in Comments was not used.
1805.0,octadecene (1-),MoNA Volatile FiehnLib,FiehnLibVolatile0198,CCCMONHAUSKTEQ-UHFFFAOYSA-N,,,Rtx-5Sil MS,5% diphenyl / 95% dimethylpolysiloxane,Retention_index (alkane basis not explicit in export),GC-EI-TOF,yes; original MSP,MoNA-export-Volatile_FiehnLib(1).msp,GC oven: 50 C 1 min; 20 C/min to 330 C; hold 5 min. The distinct FAME retention index in Comments was not used.
1807.0,benzyl benzoate,MoNA Volatile FiehnLib,FiehnLibVolatile0178,SESFRYSPDFLNCH-UHFFFAOYSA-N,,,Rtx-5Sil MS,5% diphenyl / 95% dimethylpolysiloxane,Retention_index (alkane basis not explicit in export),GC-EI-TOF,yes; original MSP,MoNA-export-Volatile_FiehnLib(1).msp,GC oven: 50 C 1 min; 20 C/min to 330 C; hold 5 min. The distinct FAME retention index in Comments was not used.
1812.0,octadecane,MoNA Volatile FiehnLib,FiehnLibVolatile0019,RZJRJXONCZWCBN-UHFFFAOYSA-N,,,Rtx-5Sil MS,5% diphenyl / 95% dimethylpolysiloxane,Retention_index (alkane basis not explicit in export),GC-EI-TOF,yes; original MSP,MoNA-export-Volatile_FiehnLib(1).msp,GC oven: 50 C 1 min; 20 C/min to 330 C; hold 5 min. The distinct FAME retention index in Comments was not used.
1827.0,isopropyl tetradecanoate,RI_Library,RI_Library.csv:497,,CEGR,"Lucero et. al.,  Journal of essential oil research (in press).",,,unspecified in source,,no,RI_Library(1).csv,Column and index definition were not supplied in this file.
1832.0,isopropyl tetradecanoate,MoNA Volatile FiehnLib,FiehnLibVolatile0164,AXISYYRBXTVTFY-UHFFFAOYSA-N,,,Rtx-5Sil MS,5% diphenyl / 95% dimethylpolysiloxane,Retention_index (alkane basis not explicit in export),GC-EI-TOF,yes; original MSP,MoNA-export-Volatile_FiehnLib(1).msp,GC oven: 50 C 1 min; 20 C/min to 330 C; hold 5 min. The distinct FAME retention index in Comments was not used.
1867.0,flourensiadiol,RI_Library,RI_Library.csv:498,,FLCE,"Tellez et. al., Journal of essential oil research 9, 619 (Nov/Dec 1997).",,,unspecified in source,,no,RI_Library(1).csv,Column and index definition were not supplied in this file.
1879.0,hexadecanol,RI_Library,RI_Library.csv:499,,KOSP,current study,,,unspecified in source,,no,RI_Library(1).csv,Column and index definition were not supplied in this file.
1894.0,hexadecanol,MoNA Volatile FiehnLib,FiehnLibVolatile0162,BXWNKGSJHAJOGX-UHFFFAOYSA-N,,,Rtx-5Sil MS,5% diphenyl / 95% dimethylpolysiloxane,Retention_index (alkane basis not explicit in export),GC-EI-TOF,yes; original MSP,MoNA-export-Volatile_FiehnLib(1).msp,GC oven: 50 C 1 min; 20 C/min to 330 C; hold 5 min. The distinct FAME retention index in Comments was not used.
1900.0,nonadecane,IPPN-UFRJ measured n-alkane standards,IPPN-STD-C19,,,"Measured C8–C30 n-alkane calibration supplied by Ricardo M Borges, IPPN-UFRJ",DB-5MS,5% phenyl / 95% dimethylpolysiloxane,linear retention index; n-alkane calibration point,GC-MS,not provided,KOVATS_from_MZMine2.53(1).csv,"Known n-alkane standard; measured RT 2552.40 s (42.5400 min). RI 1900 by definition at this calibration point. Same-run calibration, not independent validation of compound identity."
1910.0,nonadecane,MoNA Volatile FiehnLib,FiehnLibVolatile0197,LQERIDTXQFOHKA-UHFFFAOYSA-N,,,Rtx-5Sil MS,5% diphenyl / 95% dimethylpolysiloxane,Retention_index (alkane basis not explicit in export),GC-EI-TOF,yes; original MSP,MoNA-export-Volatile_FiehnLib(1).msp,GC oven: 50 C 1 min; 20 C/min to 330 C; hold 5 min. The distinct FAME retention index in Comments was not used.
1927.0,methyl hexadecanoate,RI_Library,RI_Library.csv:500,,KOSP,current study,,,unspecified in source,,no,RI_Library(1).csv,Column and index definition were not supplied in this file.
1933.0,C16 FAME,MoNA Volatile FiehnLib,FiehnLibVolatile0007,FLIACVVOZYBSBS-UHFFFAOYSA-N,,,Rtx-5Sil MS,5% diphenyl / 95% dimethylpolysiloxane,Retention_index (alkane basis not explicit in export),GC-EI-TOF,yes; original MSP,MoNA-export-Volatile_FiehnLib(1).msp,GC oven: 50 C 1 min; 20 C/min to 330 C; hold 5 min. The distinct FAME retention index in Comments was not used.
1937.0,Metalaxyl (pesticide),MoNA Volatile FiehnLib,FiehnLibVolatile0052,ZQEIXNIJLIKNTD-UHFFFAOYSA-N,,,Rtx-5Sil MS,5% diphenyl / 95% dimethylpolysiloxane,Retention_index (alkane basis not explicit in export),GC-EI-TOF,yes; original MSP,MoNA-export-Volatile_FiehnLib(1).msp,GC oven: 50 C 1 min; 20 C/min to 330 C; hold 5 min. The distinct FAME retention index in Comments was not used.
1967.0,hexadecanoic acid,MoNA Volatile FiehnLib,FiehnLibVolatile0065,IPCSVZSSVZVIGE-UHFFFAOYSA-N,,,Rtx-5Sil MS,5% diphenyl / 95% dimethylpolysiloxane,Retention_index (alkane basis not explicit in export),GC-EI-TOF,yes; original MSP,MoNA-export-Volatile_FiehnLib(1).msp,GC oven: 50 C 1 min; 20 C/min to 330 C; hold 5 min. The distinct FAME retention index in Comments was not used.
1999.0,eicosane,RI_Library,RI_Library.csv:501,,DYAC,"Tellez et. al., Journal of Agricultural and Food Chemistry 45, 3276 (1997).",,,unspecified in source,,no,RI_Library(1).csv,Column and index definition were not supplied in this file.
2000.0,icosane,IPPN-UFRJ measured n-alkane standards,IPPN-STD-C20,,,"Measured C8–C30 n-alkane calibration supplied by Ricardo M Borges, IPPN-UFRJ",DB-5MS,5% phenyl / 95% dimethylpolysiloxane,linear retention index; n-alkane calibration point,GC-MS,not provided,KOVATS_from_MZMine2.53(1).csv,"Known n-alkane standard; measured RT 2746.80 s (45.7800 min). RI 2000 by definition at this calibration point. Same-run calibration, not independent validation of compound identity."
2005.0,eicosane,MoNA Volatile FiehnLib,FiehnLibVolatile0201,CBFCDTFDPHXCNY-UHFFFAOYSA-N,,,Rtx-5Sil MS,5% diphenyl / 95% dimethylpolysiloxane,Retention_index (alkane basis not explicit in export),GC-EI-TOF,yes; original MSP,MoNA-export-Volatile_FiehnLib(1).msp,GC oven: 50 C 1 min; 20 C/min to 330 C; hold 5 min. The distinct FAME retention index in Comments was not used.
2024.0,isopropyl hexadecanoate,MoNA Volatile FiehnLib,FiehnLibVolatile0093,XUGNVMKQXJXZCD-UHFFFAOYSA-N,,,Rtx-5Sil MS,5% diphenyl / 95% dimethylpolysiloxane,Retention_index (alkane basis not explicit in export),GC-EI-TOF,yes; original MSP,MoNA-export-Volatile_FiehnLib(1).msp,GC oven: 50 C 1 min; 20 C/min to 330 C; hold 5 min. The distinct FAME retention index in Comments was not used.
2073.0,Cyprodinil (pesticide),MoNA Volatile FiehnLib,FiehnLibVolatile0051,HAORKNGNJCEJBX-UHFFFAOYSA-N,,,Rtx-5Sil MS,5% diphenyl / 95% dimethylpolysiloxane,Retention_index (alkane basis not explicit in export),GC-EI-TOF,yes; original MSP,MoNA-export-Volatile_FiehnLib(1).msp,GC oven: 50 C 1 min; 20 C/min to 330 C; hold 5 min. The distinct FAME retention index in Comments was not used.
2089.0,octadecanol,MoNA Volatile FiehnLib,FiehnLibVolatile0024,GLDOVTGHNKAZLK-UHFFFAOYSA-N,,,Rtx-5Sil MS,5% diphenyl / 95% dimethylpolysiloxane,Retention_index (alkane basis not explicit in export),GC-EI-TOF,yes; original MSP,MoNA-export-Volatile_FiehnLib(1).msp,GC oven: 50 C 1 min; 20 C/min to 330 C; hold 5 min. The distinct FAME retention index in Comments was not used.
2099.0,heneicosane,RI_Library,RI_Library.csv:502,,DYAC,"Tellez et. al., Journal of Agricultural and Food Chemistry 45, 3276 (1997).",,,unspecified in source,,no,RI_Library(1).csv,Column and index definition were not supplied in this file.
2100.0,henicosane,IPPN-UFRJ measured n-alkane standards,IPPN-STD-C21,,,"Measured C8–C30 n-alkane calibration supplied by Ricardo M Borges, IPPN-UFRJ",DB-5MS,5% phenyl / 95% dimethylpolysiloxane,linear retention index; n-alkane calibration point,GC-MS,not provided,KOVATS_from_MZMine2.53(1).csv,"Known n-alkane standard; measured RT 2932.50 s (48.8750 min). RI 2100 by definition at this calibration point. Same-run calibration, not independent validation of compound identity."
2123.0,C18 FAME,MoNA Volatile FiehnLib,FiehnLibVolatile0008,HPEUJPJOZXNMSJ-UHFFFAOYSA-N,,,Rtx-5Sil MS,5% diphenyl / 95% dimethylpolysiloxane,Retention_index (alkane basis not explicit in export),GC-EI-TOF,yes; original MSP,MoNA-export-Volatile_FiehnLib(1).msp,GC oven: 50 C 1 min; 20 C/min to 330 C; hold 5 min. The distinct FAME retention index in Comments was not used.
2133.0,Folpet (fungicide),MoNA Volatile FiehnLib,FiehnLibVolatile0068,HKIOYBQGHSTUDB-UHFFFAOYSA-N,,,Rtx-5Sil MS,5% diphenyl / 95% dimethylpolysiloxane,Retention_index (alkane basis not explicit in export),GC-EI-TOF,yes; original MSP,MoNA-export-Volatile_FiehnLib(1).msp,GC oven: 50 C 1 min; 20 C/min to 330 C; hold 5 min. The distinct FAME retention index in Comments was not used.
2155.0,octadecanoic acid,MoNA Volatile FiehnLib,FiehnLibVolatile0060,QIQXTHQIDYTFRH-UHFFFAOYSA-N,,,Rtx-5Sil MS,5% diphenyl / 95% dimethylpolysiloxane,Retention_index (alkane basis not explicit in export),GC-EI-TOF,yes; original MSP,MoNA-export-Volatile_FiehnLib(1).msp,GC oven: 50 C 1 min; 20 C/min to 330 C; hold 5 min. The distinct FAME retention index in Comments was not used.
2157.0,osthole,MoNA Volatile FiehnLib,FiehnLibVolatile0121,MBRLOUHOWLUMFF-UHFFFAOYSA-N,,,Rtx-5Sil MS,5% diphenyl / 95% dimethylpolysiloxane,Retention_index (alkane basis not explicit in export),GC-EI-TOF,yes; original MSP,MoNA-export-Volatile_FiehnLib(1).msp,GC oven: 50 C 1 min; 20 C/min to 330 C; hold 5 min. The distinct FAME retention index in Comments was not used.
2192.0,docosane,MoNA Volatile FiehnLib,FiehnLibVolatile0199,HOWGUJZVBDQJKV-UHFFFAOYSA-N,,,Rtx-5Sil MS,5% diphenyl / 95% dimethylpolysiloxane,Retention_index (alkane basis not explicit in export),GC-EI-TOF,yes; original MSP,MoNA-export-Volatile_FiehnLib(1).msp,GC oven: 50 C 1 min; 20 C/min to 330 C; hold 5 min. The distinct FAME retention index in Comments was not used.
2194.0,1-docosene,RI_Library,RI_Library.csv:503,,DYAC,"Tellez et. al., Journal of Agricultural and Food Chemistry 45, 3276 (1997).",,,unspecified in source,,no,RI_Library(1).csv,Column and index definition were not supplied in this file.
2197.0,octadecanol acetate,MoNA Volatile FiehnLib,FiehnLibVolatile0207,OIZXRZCQJDXPFO-UHFFFAOYSA-N,,,Rtx-5Sil MS,5% diphenyl / 95% dimethylpolysiloxane,Retention_index (alkane basis not explicit in export),GC-EI-TOF,yes; original MSP,MoNA-export-Volatile_FiehnLib(1).msp,GC oven: 50 C 1 min; 20 C/min to 330 C; hold 5 min. The distinct FAME retention index in Comments was not used.
2200.0,docosane,IPPN-UFRJ measured n-alkane standards,IPPN-STD-C22,,,"Measured C8–C30 n-alkane calibration supplied by Ricardo M Borges, IPPN-UFRJ",DB-5MS,5% phenyl / 95% dimethylpolysiloxane,linear retention index; n-alkane calibration point,GC-MS,not provided,KOVATS_from_MZMine2.53(1).csv,"Known n-alkane standard; measured RT 3110.70 s (51.8450 min). RI 2200 by definition at this calibration point. Same-run calibration, not independent validation of compound identity."
2201.0,n-docosane,RI_Library,RI_Library.csv:504,,DYAC,"Tellez et. al., Journal of Agricultural and Food Chemistry 45, 3276 (1997).",,,unspecified in source,,no,RI_Library(1).csv,Column and index definition were not supplied in this file.
2210.0,Myclobutanil (pesticide),MoNA Volatile FiehnLib,FiehnLibVolatile0078,HZJKXKUJVSEEFU-UHFFFAOYSA-N,,,Rtx-5Sil MS,5% diphenyl / 95% dimethylpolysiloxane,Retention_index (alkane basis not explicit in export),GC-EI-TOF,yes; original MSP,MoNA-export-Volatile_FiehnLib(1).msp,GC oven: 50 C 1 min; 20 C/min to 330 C; hold 5 min. The distinct FAME retention index in Comments was not used.
2219.0,Applaud (fungicide),MoNA Volatile FiehnLib,FiehnLibVolatile0196,PRLVTUNWOQKEAI-VKAVYKQESA-N,,,Rtx-5Sil MS,5% diphenyl / 95% dimethylpolysiloxane,Retention_index (alkane basis not explicit in export),GC-EI-TOF,yes; original MSP,MoNA-export-Volatile_FiehnLib(1).msp,GC oven: 50 C 1 min; 20 C/min to 330 C; hold 5 min. The distinct FAME retention index in Comments was not used.
2282.0,tricosane,MoNA Volatile FiehnLib,FiehnLibVolatile0088,FIGVVZUWCLSUEI-UHFFFAOYSA-N,,,Rtx-5Sil MS,5% diphenyl / 95% dimethylpolysiloxane,Retention_index (alkane basis not explicit in export),GC-EI-TOF,yes; original MSP,MoNA-export-Volatile_FiehnLib(1).msp,GC oven: 50 C 1 min; 20 C/min to 330 C; hold 5 min. The distinct FAME retention index in Comments was not used.
2300.0,tricosane,IPPN-UFRJ measured n-alkane standards,IPPN-STD-C23,,,"Measured C8–C30 n-alkane calibration supplied by Ricardo M Borges, IPPN-UFRJ",DB-5MS,5% phenyl / 95% dimethylpolysiloxane,linear retention index; n-alkane calibration point,GC-MS,not provided,KOVATS_from_MZMine2.53(1).csv,"Known n-alkane standard; measured RT 3281.10 s (54.6850 min). RI 2300 by definition at this calibration point. Same-run calibration, not independent validation of compound identity."
2302.0,tricosane,RI_Library,RI_Library.csv:505,,DYAC,"Tellez et. al., Journal of Agricultural and Food Chemistry 45, 3276 (1997).",,,unspecified in source,,no,RI_Library(1).csv,Column and index definition were not supplied in this file.
2307.0,C20 FAME,MoNA Volatile FiehnLib,FiehnLibVolatile0009,QGBRLVONZXHAKJ-UHFFFAOYSA-N,,,Rtx-5Sil MS,5% diphenyl / 95% dimethylpolysiloxane,Retention_index (alkane basis not explicit in export),GC-EI-TOF,yes; original MSP,MoNA-export-Volatile_FiehnLib(1).msp,GC oven: 50 C 1 min; 20 C/min to 330 C; hold 5 min. The distinct FAME retention index in Comments was not used.
2371.0,tetracosane,MoNA Volatile FiehnLib,FiehnLibVolatile0063,POOSGDOYLQNASK-UHFFFAOYSA-N,,,Rtx-5Sil MS,5% diphenyl / 95% dimethylpolysiloxane,Retention_index (alkane basis not explicit in export),GC-EI-TOF,yes; original MSP,MoNA-export-Volatile_FiehnLib(1).msp,GC oven: 50 C 1 min; 20 C/min to 330 C; hold 5 min. The distinct FAME retention index in Comments was not used.
2400.0,tetracosane,IPPN-UFRJ measured n-alkane standards,IPPN-STD-C24,,,"Measured C8–C30 n-alkane calibration supplied by Ricardo M Borges, IPPN-UFRJ",DB-5MS,5% phenyl / 95% dimethylpolysiloxane,linear retention index; n-alkane calibration point,GC-MS,not provided,KOVATS_from_MZMine2.53(1).csv,"Known n-alkane standard; measured RT 3445.20 s (57.4200 min). RI 2400 by definition at this calibration point. Same-run calibration, not independent validation of compound identity."
2403.0,tetracosane,RI_Library,RI_Library.csv:506,,DYAC,"Tellez et. al., Journal of Agricultural and Food Chemistry 45, 3276 (1997).",,,unspecified in source,,no,RI_Library(1).csv,Column and index definition were not supplied in this file.
2464.0,hexacosane,MoNA Volatile FiehnLib,FiehnLibVolatile0058,HMSWAIKSFDFLKN-UHFFFAOYSA-N,,,Rtx-5Sil MS,5% diphenyl / 95% dimethylpolysiloxane,Retention_index (alkane basis not explicit in export),GC-EI-TOF,yes; original MSP,MoNA-export-Volatile_FiehnLib(1).msp,GC oven: 50 C 1 min; 20 C/min to 330 C; hold 5 min. The distinct FAME retention index in Comments was not used.
2492.0,C22 FAME,MoNA Volatile FiehnLib,FiehnLibVolatile0010,QSQLTHHMFHEFIY-UHFFFAOYSA-N,,,Rtx-5Sil MS,5% diphenyl / 95% dimethylpolysiloxane,Retention_index (alkane basis not explicit in export),GC-EI-TOF,yes; original MSP,MoNA-export-Volatile_FiehnLib(1).msp,GC oven: 50 C 1 min; 20 C/min to 330 C; hold 5 min. The distinct FAME retention index in Comments was not used.
2500.0,pentacosane,IPPN-UFRJ measured n-alkane standards,IPPN-STD-C25,,,"Measured C8–C30 n-alkane calibration supplied by Ricardo M Borges, IPPN-UFRJ",DB-5MS,5% phenyl / 95% dimethylpolysiloxane,linear retention index; n-alkane calibration point,GC-MS,not provided,KOVATS_from_MZMine2.53(1).csv,"Known n-alkane standard; measured RT 3603.00 s (60.0500 min). RI 2500 by definition at this calibration point. Same-run calibration, not independent validation of compound identity."
2566.0,heptacosane,MoNA Volatile FiehnLib,FiehnLibVolatile0056,BJQWYEJQWHSSCJ-UHFFFAOYSA-N,,,Rtx-5Sil MS,5% diphenyl / 95% dimethylpolysiloxane,Retention_index (alkane basis not explicit in export),GC-EI-TOF,yes; original MSP,MoNA-export-Volatile_FiehnLib(1).msp,GC oven: 50 C 1 min; 20 C/min to 330 C; hold 5 min. The distinct FAME retention index in Comments was not used.
2600.0,hexacosane,IPPN-UFRJ measured n-alkane standards,IPPN-STD-C26,,,"Measured C8–C30 n-alkane calibration supplied by Ricardo M Borges, IPPN-UFRJ",DB-5MS,5% phenyl / 95% dimethylpolysiloxane,linear retention index; n-alkane calibration point,GC-MS,not provided,KOVATS_from_MZMine2.53(1).csv,"Known n-alkane standard; measured RT 3754.50 s (62.5750 min). RI 2600 by definition at this calibration point. Same-run calibration, not independent validation of compound identity."
2676.0,nonacosane,MoNA Volatile FiehnLib,FiehnLibVolatile0200,IGGUPRCHHJZPBS-UHFFFAOYSA-N,,,Rtx-5Sil MS,5% diphenyl / 95% dimethylpolysiloxane,Retention_index (alkane basis not explicit in export),GC-EI-TOF,yes; original MSP,MoNA-export-Volatile_FiehnLib(1).msp,GC oven: 50 C 1 min; 20 C/min to 330 C; hold 5 min. The distinct FAME retention index in Comments was not used.
2700.0,heptacosane,IPPN-UFRJ measured n-alkane standards,IPPN-STD-C27,,,"Measured C8–C30 n-alkane calibration supplied by Ricardo M Borges, IPPN-UFRJ",DB-5MS,5% phenyl / 95% dimethylpolysiloxane,linear retention index; n-alkane calibration point,GC-MS,not provided,KOVATS_from_MZMine2.53(1).csv,"Known n-alkane standard; measured RT 3901.20 s (65.0200 min). RI 2700 by definition at this calibration point. Same-run calibration, not independent validation of compound identity."
2714.0,C24 FAME,MoNA Volatile FiehnLib,FiehnLibVolatile0011,XUDJZDNUVZHSKZ-UHFFFAOYSA-N,,,Rtx-5Sil MS,5% diphenyl / 95% dimethylpolysiloxane,Retention_index (alkane basis not explicit in export),GC-EI-TOF,yes; original MSP,MoNA-export-Volatile_FiehnLib(1).msp,GC oven: 50 C 1 min; 20 C/min to 330 C; hold 5 min. The distinct FAME retention index in Comments was not used.
2800.0,octacosane,IPPN-UFRJ measured n-alkane standards,IPPN-STD-C28,,,"Measured C8–C30 n-alkane calibration supplied by Ricardo M Borges, IPPN-UFRJ",DB-5MS,5% phenyl / 95% dimethylpolysiloxane,linear retention index; n-alkane calibration point,GC-MS,not provided,KOVATS_from_MZMine2.53(1).csv,"Known n-alkane standard; measured RT 4042.80 s (67.3800 min). RI 2800 by definition at this calibration point. Same-run calibration, not independent validation of compound identity."
2900.0,nonacosane,IPPN-UFRJ measured n-alkane standards,IPPN-STD-C29,,,"Measured C8–C30 n-alkane calibration supplied by Ricardo M Borges, IPPN-UFRJ",DB-5MS,5% phenyl / 95% dimethylpolysiloxane,linear retention index; n-alkane calibration point,GC-MS,not provided,KOVATS_from_MZMine2.53(1).csv,"Known n-alkane standard; measured RT 4179.30 s (69.6550 min). RI 2900 by definition at this calibration point. Same-run calibration, not independent validation of compound identity."
2962.0,2-methyl-nonadecane,MoNA Volatile FiehnLib,FiehnLibVolatile0086,LEEDMQGKBNGPDN-UHFFFAOYSA-N,,,Rtx-5Sil MS,5% diphenyl / 95% dimethylpolysiloxane,Retention_index (alkane basis not explicit in export),GC-EI-TOF,yes; original MSP,MoNA-export-Volatile_FiehnLib(1).msp,GC oven: 50 C 1 min; 20 C/min to 330 C; hold 5 min. The distinct FAME retention index in Comments was not used.
3000.0,triacontane,IPPN-UFRJ measured n-alkane standards,IPPN-STD-C30,,,"Measured C8–C30 n-alkane calibration supplied by Ricardo M Borges, IPPN-UFRJ",DB-5MS,5% phenyl / 95% dimethylpolysiloxane,linear retention index; n-alkane calibration point,GC-MS,not provided,KOVATS_from_MZMine2.53(1).csv,"Known n-alkane standard; measured RT 4311.90 s (71.8650 min). RI 3000 by definition at this calibration point. Same-run calibration, not independent validation of compound identity."
