RT,I
2.6,3076.0
2.605,2914.0
2.61,2559.0
2.615,2311.0
2.6199999999999997,2177.0
2.625,2106.0
2.6300000000000003,2102.0
2.635,2065.0
2.64,1969.0
2.645,1933.0
2.65,1961.0
2.6550000000000002,1937.0
2.6599999999999997,1968.0
2.665,1854.0
2.67,1720.0
2.675,1721.0
2.68,1721.0
2.685,1679.0
2.69,1626.0
2.695,1666.0
2.7,1748.0
2.705,1911.0
2.71,1943.0
2.7150000000000003,1734.0
2.7199999999999998,1598.0
2.725,1639.0
2.73,1729.0
2.735,1828.0
2.74,1775.0
2.7449999999999997,1751.0
2.75,1737.0
2.7550000000000003,1876.0
2.76,1905.0
2.765,1892.0
2.77,1726.0
2.775,1652.0
2.7800000000000002,1511.0
2.7849999999999997,1428.0
2.79,1439.0
2.795,1498.0
2.8,1564.0
2.805,1485.0
2.81,1468.0
2.815,1573.0
2.82,2287.0
2.825,3396.0
2.83,4130.0
2.835,3979.0
2.8400000000000003,3169.0
2.8449999999999998,2276.0
2.85,1774.0
2.855,1530.0
2.86,1387.0
2.865,1382.0
2.8699999999999997,1466.0
2.875,1438.0
2.8800000000000003,1327.0
2.885,1278.0
2.89,1273.0
2.895,1283.0
2.9,1412.0
2.9050000000000002,1413.0
2.9099999999999997,1290.0
2.915,1396.0
2.92,1247.0
2.925,1287.0
2.93,1361.0
2.935,1317.0
2.94,1306.0
2.945,1732.0
2.95,2480.0
2.955,3099.0
2.96,3350.0
2.9650000000000003,3193.0
2.9699999999999998,2612.0
2.975,2066.0
2.98,1660.0
2.985,1414.0
2.99,1610.0
2.9949999999999997,2309.0
3.0,3399.0
3.0050000000000003,4374.0
3.01,4507.0
3.015,3860.0
3.02,3113.0
3.025,2486.0
3.0300000000000002,1951.0
3.0349999999999997,1714.0
3.04,1681.0
3.045,1540.0
3.05,1404.0
3.055,1378.0
3.06,1305.0
3.065,1305.0
3.07,1294.0
3.075,1257.0
3.08,1298.0
3.085,1351.0
3.0900000000000003,1546.0
3.0949999999999998,4069.0
3.1,16589.0
3.105,62679.0
3.11,170662.0
3.115,326606.0
3.1199999999999997,449164.0
3.125,446522.0
3.1300000000000003,321223.0
3.135,168714.0
3.14,65073.0
3.145,19177.0
3.15,5620.0
3.1550000000000002,2450.0
3.1599999999999997,1882.0
3.165,1779.0
3.17,1609.0
3.175,1383.0
3.18,1230.0
3.185,1249.0
3.19,1348.0
3.195,1294.0
3.2,1180.0
3.205,1177.0
3.21,1198.0
3.2150000000000003,1223.0
3.2199999999999998,1217.0
3.225,1124.0
3.23,1112.0
3.235,1254.0
3.24,1214.0
3.2449999999999997,1087.0
3.25,1087.0
3.2550000000000003,1106.0
3.26,1105.0
3.265,1097.0
3.27,1070.0
3.275,918.0
3.2800000000000002,988.0
3.2849999999999997,1033.0
3.29,1150.0
3.295,1081.0
3.3,970.0
3.305,908.0
3.31,998.0
3.315,1012.0
3.32,1075.0
3.325,1022.0
3.33,908.0
3.335,924.0
3.3400000000000003,983.0
3.3449999999999998,1004.0
3.35,1010.0
3.355,945.0
3.36,881.0
3.365,908.0
3.3699999999999997,921.0
3.375,935.0
3.3800000000000003,1032.0
3.385,1081.0
3.39,1105.0
3.395,1137.0
3.4,1110.0
3.4050000000000002,1076.0
3.4099999999999997,942.0
3.415,871.0
3.42,904.0
3.425,1006.0
3.43,924.0
3.435,835.0
3.44,875.0
3.445,923.0
3.45,916.0
3.455,865.0
3.46,879.0
3.4650000000000003,858.0
3.4699999999999998,890.0
3.475,868.0
3.48,828.0
3.485,813.0
3.49,853.0
3.4949999999999997,887.0
3.5,886.0
3.5050000000000003,827.0
3.51,795.0
3.515,790.0
3.52,802.0
3.525,753.0
3.5300000000000002,735.0
3.5349999999999997,784.0
3.54,837.0
3.545,922.0
3.55,913.0
3.555,857.0
3.56,814.0
3.565,834.0
3.57,806.0
3.575,778.0
3.58,798.0
3.585,820.0
3.5900000000000003,863.0
3.5949999999999998,879.0
3.6,833.0
3.605,801.0
3.61,844.0
3.615,894.0
3.6199999999999997,842.0
3.625,767.0
3.6300000000000003,789.0
3.635,756.0
3.64,722.0
3.645,711.0
3.65,688.0
3.6550000000000002,698.0
3.6599999999999997,774.0
3.665,813.0
3.67,754.0
3.675,783.0
3.68,827.0
3.685,846.0
3.69,766.0
3.695,823.0
3.7,804.0
3.705,759.0
3.71,705.0
3.7150000000000003,700.0
3.7199999999999998,743.0
3.725,766.0
3.73,814.0
3.735,812.0
3.74,791.0
3.7449999999999997,801.0
3.75,799.0
3.7550000000000003,745.0
3.76,740.0
3.765,751.0
3.77,724.0
3.775,705.0
3.7800000000000002,738.0
3.7849999999999997,722.0
3.79,703.0
3.795,698.0
3.8,678.0
3.805,754.0
3.81,807.0
3.815,777.0
3.82,722.0
3.825,708.0
3.83,754.0
3.835,734.0
3.8400000000000003,637.0
3.8449999999999998,689.0
3.85,756.0
3.855,729.0
3.86,669.0
3.865,598.0
3.8699999999999997,631.0
3.875,671.0
3.8800000000000003,687.0
3.885,721.0
3.89,705.0
3.895,650.0
3.9,672.0
3.9050000000000002,712.0
3.9099999999999997,714.0
3.915,703.0
3.92,698.0
3.925,684.0
3.93,724.0
3.935,719.0
3.94,727.0
3.945,776.0
3.95,717.0
3.955,572.0
3.96,543.0
3.9650000000000003,649.0
3.9699999999999998,746.0
3.975,686.0
3.98,656.0
3.985,604.0
3.99,566.0
3.9949999999999997,585.0
4.0,615.0
4.005,644.0
4.01,644.0
4.015,607.0
4.02,631.0
4.025,657.0
4.03,669.0
4.035,785.0
4.04,953.0
4.045,1034.0
4.05,1065.0
4.055000000000001,1026.0
4.06,875.0
4.065,812.0
4.069999999999999,887.0
4.075,903.0
4.08,956.0
4.085,990.0
4.09,918.0
4.095,807.0
4.1,718.0
4.105,620.0
4.11,654.0
4.115,672.0
4.12,618.0
4.125,607.0
4.13,604.0
4.135,559.0
4.14,582.0
4.145,580.0
4.15,637.0
4.155,648.0
4.16,700.0
4.165,638.0
4.17,610.0
4.175,679.0
4.180000000000001,703.0
4.185,757.0
4.19,799.0
4.194999999999999,935.0
4.2,1074.0
4.205,1230.0
4.21,1218.0
4.215,943.0
4.22,728.0
4.225,644.0
4.23,614.0
4.235,618.0
4.24,588.0
4.245,564.0
4.25,610.0
4.255,641.0
4.26,636.0
4.265,639.0
4.27,572.0
4.275,533.0
4.28,588.0
4.285,606.0
4.29,554.0
4.295,558.0
4.3,602.0
4.305000000000001,657.0
4.3100000000000005,607.0
4.3149999999999995,553.0
4.319999999999999,570.0
4.325,607.0
4.33,562.0
4.335,530.0
4.34,567.0
4.345,612.0
4.35,612.0
4.355,582.0
4.36,638.0
4.364999999999999,639.0
4.37,528.0
4.375,512.0
4.38,601.0
4.385000000000001,617.0
4.39,598.0
4.395,612.0
4.4,572.0
4.405,542.0
4.41,568.0
4.415,569.0
4.42,531.0
4.425,545.0
4.430000000000001,577.0
4.4350000000000005,593.0
4.4399999999999995,607.0
4.444999999999999,578.0
4.45,526.0
4.455,542.0
4.46,582.0
4.465,586.0
4.47,626.0
4.475,616.0
4.48,548.0
4.485,515.0
4.489999999999999,510.0
4.495,554.0
4.5,593.0
4.505,567.0
4.510000000000001,529.0
4.515,534.0
4.52,615.0
4.525,614.0
4.53,586.0
4.535,580.0
4.54,550.0
4.545,537.0
4.55,547.0
4.555000000000001,553.0
4.5600000000000005,569.0
4.5649999999999995,588.0
4.569999999999999,588.0
4.575,613.0
4.58,575.0
4.585,545.0
4.59,535.0
4.595,514.0
4.6,465.0
4.605,465.0
4.61,535.0
4.614999999999999,597.0
4.62,592.0
4.625,568.0
4.63,566.0
4.635000000000001,509.0
4.64,476.0
4.645,516.0
4.65,527.0
4.655,550.0
4.66,593.0
4.665,1006.0
4.67,2428.0
4.675,4537.0
4.680000000000001,6862.0
4.6850000000000005,9118.0
4.6899999999999995,10636.0
4.694999999999999,10346.0
4.7,8465.0
4.705,6343.0
4.71,4590.0
4.715,3078.0
4.72,1958.0
4.725,1447.0
4.73,2287.0
4.735,7052.0
4.739999999999999,20366.0
4.745,52449.0
4.75,113594.0
4.755,203089.0
4.760000000000001,295954.0
4.765,355186.0
4.77,351810.0
4.775,284114.0
4.78,190100.0
4.785,106708.0
4.79,49034.0
4.795,19238.0
4.8,7238.0
4.805000000000001,3020.0
4.8100000000000005,1772.0
4.8149999999999995,1343.0
4.819999999999999,1164.0
4.825,1138.0
4.83,1090.0
4.835,932.0
4.84,814.0
4.845,812.0
4.85,762.0
4.855,700.0
4.86,662.0
4.864999999999999,577.0
4.87,542.0
4.875,577.0
4.88,598.0
4.885000000000001,550.0
4.89,505.0
4.895,583.0
4.9,566.0
4.905,568.0
4.91,602.0
4.915,618.0
4.92,630.0
4.925,562.0
4.930000000000001,638.0
4.9350000000000005,609.0
4.9399999999999995,499.0
4.944999999999999,465.0
4.95,554.0
4.955,625.0
4.96,617.0
4.965,602.0
4.97,603.0
4.975,567.0
4.98,511.0
4.985,500.0
4.989999999999999,505.0
4.995,490.0
5.0,503.0
5.005,526.0
5.010000000000001,556.0
5.015,555.0
5.02,505.0
5.025,524.0
5.03,542.0
5.035,538.0
5.04,548.0
5.045,615.0
5.05,597.0
5.055000000000001,514.0
5.0600000000000005,556.0
5.0649999999999995,584.0
5.069999999999999,617.0
5.075,557.0
5.08,588.0
5.085,632.0
5.09,591.0
5.095,550.0
5.1,531.0
5.105,563.0
5.11,604.0
5.114999999999999,620.0
5.12,599.0
5.125,574.0
5.13,505.0
5.135000000000001,489.0
5.14,560.0
5.145,576.0
5.15,599.0
5.155,572.0
5.16,553.0
5.165,514.0
5.17,551.0
5.175,564.0
5.180000000000001,491.0
5.1850000000000005,546.0
5.1899999999999995,564.0
5.194999999999999,540.0
5.2,553.0
5.205,526.0
5.21,509.0
5.215,502.0
5.22,570.0
5.225,622.0
5.23,567.0
5.235,530.0
5.239999999999999,468.0
5.245,566.0
5.25,524.0
5.255,506.0
5.260000000000001,577.0
5.265,623.0
5.27,657.0
5.275,643.0
5.28,529.0
5.285,465.0
5.29,504.0
5.295,519.0
5.3,502.0
5.305000000000001,524.0
5.3100000000000005,509.0
5.3149999999999995,485.0
5.319999999999999,492.0
5.325,489.0
5.33,514.0
5.335,548.0
5.34,514.0
5.345,516.0
5.35,538.0
5.355,542.0
5.36,523.0
5.364999999999999,538.0
5.37,538.0
5.375,510.0
5.38,529.0
5.385000000000001,564.0
5.39,523.0
5.395,526.0
5.4,519.0
5.405,507.0
5.41,509.0
5.415,543.0
5.42,577.0
5.425,618.0
5.430000000000001,632.0
5.4350000000000005,592.0
5.4399999999999995,536.0
5.444999999999999,532.0
5.45,561.0
5.455,580.0
5.46,623.0
5.465,673.0
5.47,630.0
5.475,577.0
5.48,568.0
5.485,564.0
5.489999999999999,528.0
5.495,551.0
5.5,543.0
5.505,535.0
5.510000000000001,545.0
5.515,553.0
5.52,558.0
5.525,556.0
5.53,586.0
5.535,614.0
5.54,577.0
5.545,575.0
5.55,604.0
5.555000000000001,572.0
5.5600000000000005,593.0
5.5649999999999995,676.0
5.569999999999999,682.0
5.575,611.0
5.58,562.0
5.585,540.0
5.59,515.0
5.595,477.0
5.6,490.0
5.605,502.0
5.61,486.0
5.614999999999999,503.0
5.62,526.0
5.625,540.0
5.63,582.0
5.635000000000001,554.0
5.64,545.0
5.645,521.0
5.65,462.0
5.655,442.0
5.66,455.0
5.665,478.0
5.67,506.0
5.675,566.0
5.680000000000001,616.0
5.6850000000000005,587.0
5.6899999999999995,545.0
5.694999999999999,536.0
5.7,567.0
5.705,596.0
5.71,583.0
5.715,546.0
5.72,545.0
5.725,522.0
5.73,476.0
5.735,494.0
5.739999999999999,516.0
5.745,459.0
5.75,441.0
5.755,496.0
5.760000000000001,569.0
5.765,574.0
5.77,509.0
5.775,472.0
5.78,497.0
5.785,532.0
5.79,633.0
5.795,623.0
5.8,523.0
5.805000000000001,496.0
5.8100000000000005,487.0
5.8149999999999995,490.0
5.819999999999999,463.0
5.825,455.0
5.83,484.0
5.835,525.0
5.84,536.0
5.845,506.0
5.85,516.0
5.855,553.0
5.86,575.0
5.864999999999999,537.0
5.87,467.0
5.875,426.0
5.88,447.0
5.885000000000001,472.0
5.89,456.0
5.895,438.0
5.9,524.0
5.905,539.0
5.91,532.0
5.915,585.0
5.92,588.0
5.925,518.0
5.930000000000001,534.0
5.9350000000000005,592.0
5.9399999999999995,586.0
5.944999999999999,518.0
5.95,556.0
5.955,626.0
5.96,604.0
5.965,570.0
5.97,562.0
5.975,506.0
5.98,473.0
5.985,484.0
5.989999999999999,468.0
5.995,448.0
6.0,480.0
6.005,507.0
6.010000000000001,548.0
6.015,567.0
6.02,538.0
6.025,543.0
6.03,553.0
6.035,541.0
6.04,523.0
6.045,545.0
6.05,554.0
6.055000000000001,575.0
6.0600000000000005,590.0
6.0649999999999995,535.0
6.069999999999999,521.0
6.075,530.0
6.08,497.0
6.085,481.0
6.09,556.0
6.095,626.0
6.1,567.0
6.105,494.0
6.11,515.0
6.114999999999999,551.0
6.12,519.0
6.125,522.0
6.13,572.0
6.135000000000001,596.0
6.14,553.0
6.145,522.0
6.15,537.0
6.155,555.0
6.16,599.0
6.165,618.0
6.17,573.0
6.175,510.0
6.180000000000001,510.0
6.1850000000000005,534.0
6.1899999999999995,552.0
6.194999999999999,564.0
6.2,630.0
6.205,590.0
6.21,519.0
6.215,466.0
6.22,446.0
6.225,419.0
6.23,447.0
6.235,489.0
6.239999999999999,466.0
6.245,428.0
6.25,439.0
6.255,477.0
6.260000000000001,494.0
6.265,535.0
6.27,561.0
6.275,556.0
6.28,543.0
6.285,518.0
6.29,507.0
6.295,485.0
6.3,527.0
6.305000000000001,598.0
6.3100000000000005,545.0
6.3149999999999995,464.0
6.319999999999999,534.0
6.325,571.0
6.33,510.0
6.335,499.0
6.34,493.0
6.345,522.0
6.35,575.0
6.355,560.0
6.36,558.0
6.364999999999999,587.0
6.37,560.0
6.375,486.0
6.38,494.0
6.385000000000001,509.0
6.39,462.0
6.395,423.0
6.4,460.0
6.405,526.0
6.41,524.0
6.415,490.0
6.42,497.0
6.425,553.0
6.430000000000001,583.0
6.4350000000000005,545.0
6.4399999999999995,554.0
6.444999999999999,621.0
6.45,657.0
6.455,578.0
6.46,512.0
6.465,557.0
6.47,572.0
6.475,524.0
6.48,514.0
6.485,504.0
6.489999999999999,483.0
6.495,518.0
6.5,541.0
6.505,488.0
6.510000000000001,492.0
6.515,524.0
6.52,542.0
6.525,563.0
6.53,575.0
6.535,636.0
6.54,735.0
6.545,850.0
6.55,985.0
6.555000000000001,985.0
6.5600000000000005,854.0
6.5649999999999995,674.0
6.569999999999999,581.0
6.575,580.0
6.58,575.0
6.585,558.0
6.59,558.0
6.595,547.0
6.6,488.0
6.605,478.0
6.61,540.0
6.614999999999999,599.0
6.62,594.0
6.625,538.0
6.63,547.0
6.635000000000001,571.0
6.64,497.0
6.645,486.0
6.65,571.0
6.655,567.0
6.66,538.0
6.665,551.0
6.67,495.0
6.675,514.0
6.680000000000001,590.0
6.6850000000000005,526.0
6.6899999999999995,491.0
6.694999999999999,537.0
6.7,547.0
6.705,516.0
6.71,502.0
6.715,514.0
6.72,507.0
6.725,515.0
6.73,576.0
6.735,610.0
6.739999999999999,575.0
6.745,529.0
6.75,470.0
6.755,446.0
6.760000000000001,534.0
6.765,634.0
6.77,608.0
6.775,570.0
6.78,612.0
6.785,597.0
6.79,516.0
6.795,449.0
6.8,479.0
6.805000000000001,529.0
6.8100000000000005,487.0
6.8149999999999995,423.0
6.819999999999999,464.0
6.825,502.0
6.83,525.0
6.835,579.0
6.84,571.0
6.845,554.0
6.85,550.0
6.855,525.0
6.86,546.0
6.864999999999999,538.0
6.87,508.0
6.875,545.0
6.88,568.0
6.885000000000001,546.0
6.89,535.0
6.895,532.0
6.9,540.0
6.905,516.0
6.91,487.0
6.915,482.0
6.92,486.0
6.925,534.0
6.930000000000001,608.0
6.9350000000000005,582.0
6.9399999999999995,519.0
6.944999999999999,504.0
6.95,513.0
6.955,532.0
6.96,531.0
6.965,533.0
6.97,495.0
6.975,455.0
6.98,502.0
6.985,502.0
6.989999999999999,459.0
6.995,517.0
7.0,543.0
7.005,503.0
7.010000000000001,529.0
7.015,556.0
7.02,553.0
7.025,530.0
7.03,505.0
7.035,554.0
7.04,585.0
7.045,542.0
7.05,562.0
7.055000000000001,572.0
7.0600000000000005,516.0
7.0649999999999995,500.0
7.069999999999999,509.0
7.075,518.0
7.08,588.0
7.085,617.0
7.09,560.0
7.095,501.0
7.1,485.0
7.105,524.0
7.11,570.0
7.114999999999999,589.0
7.12,594.0
7.125,591.0
7.13,554.0
7.135000000000001,537.0
7.14,539.0
7.145,500.0
7.15,539.0
7.155,607.0
7.16,592.0
7.165,521.0
7.17,500.0
7.175,534.0
7.180000000000001,578.0
7.1850000000000005,577.0
7.1899999999999995,537.0
7.194999999999999,500.0
7.2,446.0
7.205,458.0
7.21,503.0
7.215,576.0
7.22,635.0
7.225,582.0
7.23,487.0
7.235,463.0
7.239999999999999,495.0
7.245,551.0
7.25,589.0
7.255,619.0
7.260000000000001,575.0
7.265,492.0
7.27,519.0
7.275,585.0
7.28,534.0
7.285,498.0
7.29,473.0
7.295,445.0
7.3,441.0
7.305000000000001,468.0
7.3100000000000005,514.0
7.3149999999999995,561.0
7.319999999999999,582.0
7.325,559.0
7.33,522.0
7.335,495.0
7.34,550.0
7.345,598.0
7.35,549.0
7.355,514.0
7.36,535.0
7.364999999999999,546.0
7.37,566.0
7.375,590.0
7.38,796.0
7.385000000000001,2015.0
7.39,5055.0
7.395,11306.0
7.4,23697.0
7.405,45452.0
7.41,79660.0
7.415,126895.0
7.42,180532.0
7.425,231239.0
7.430000000000001,269130.0
7.4350000000000005,281788.0
7.4399999999999995,261217.0
7.444999999999999,213380.0
7.45,156167.0
7.455,104580.0
7.46,63993.0
7.465,34799.0
7.47,16679.0
7.475,7737.0
7.48,3812.0
7.485,2025.0
7.489999999999999,1369.0
7.495,1116.0
7.5,882.0
7.505,785.0
7.510000000000001,786.0
7.515,772.0
7.52,724.0
7.525,687.0
7.53,668.0
7.535,612.0
7.54,529.0
7.545,524.0
7.55,617.0
7.555000000000001,648.0
7.5600000000000005,593.0
7.5649999999999995,612.0
7.569999999999999,604.0
7.575,583.0
7.58,586.0
7.585,546.0
7.59,542.0
7.595,572.0
7.6,540.0
7.605,519.0
7.61,550.0
7.614999999999999,522.0
7.62,543.0
7.625,560.0
7.63,636.0
7.635000000000001,620.0
7.64,542.0
7.645,489.0
7.65,522.0
7.655,542.0
7.66,511.0
7.665,508.0
7.67,554.0
7.675,562.0
7.680000000000001,529.0
7.6850000000000005,490.0
7.6899999999999995,505.0
7.694999999999999,514.0
7.7,457.0
7.705,474.0
7.71,487.0
7.715,507.0
7.72,551.0
7.725,526.0
7.73,488.0
7.735,500.0
7.739999999999999,519.0
7.745,525.0
7.75,577.0
7.755,573.0
7.760000000000001,506.0
7.765,471.0
7.77,498.0
7.775,523.0
7.78,487.0
7.785,489.0
7.79,583.0
7.795,614.0
7.8,526.0
7.805000000000001,442.0
7.8100000000000005,446.0
7.8149999999999995,503.0
7.819999999999999,528.0
7.825,542.0
7.83,562.0
7.835,610.0
7.84,644.0
7.845,644.0
7.85,626.0
7.855,550.0
7.86,462.0
7.864999999999999,468.0
7.87,519.0
7.875,492.0
7.88,479.0
7.885000000000001,599.0
7.89,652.0
7.895,578.0
7.9,545.0
7.905,596.0
7.91,582.0
7.915,536.0
7.92,556.0
7.925,557.0
7.930000000000001,551.0
7.9350000000000005,583.0
7.9399999999999995,587.0
7.944999999999999,554.0
7.95,508.0
7.955,458.0
7.96,465.0
7.965,505.0
7.97,513.0
7.975,538.0
7.98,569.0
7.985,610.0
7.989999999999999,614.0
7.995,570.0
8.0,548.0
8.005,554.0
8.01,574.0
8.014999999999999,564.0
8.02,559.0
8.025,578.0
8.03,594.0
8.035,598.0
8.04,601.0
8.045,558.0
8.05,465.0
8.055,502.0
8.06,538.0
8.065,500.0
8.07,494.0
8.075,488.0
8.08,481.0
8.085,477.0
8.09,471.0
8.095,490.0
8.1,530.0
8.105,572.0
8.110000000000001,578.0
8.115,546.0
8.12,532.0
8.125,540.0
8.13,548.0
8.135,529.0
8.139999999999999,564.0
8.145,636.0
8.15,600.0
8.155,521.0
8.16,482.0
8.165,467.0
8.17,504.0
8.175,547.0
8.18,553.0
8.185,527.0
8.19,490.0
8.195,528.0
8.2,608.0
8.205,629.0
8.21,536.0
8.215,466.0
8.22,498.0
8.225,523.0
8.23,530.0
8.235000000000001,588.0
8.24,589.0
8.245,506.0
8.25,476.0
8.255,454.0
8.26,437.0
8.264999999999999,482.0
8.27,507.0
8.275,547.0
8.28,562.0
8.285,542.0
8.29,551.0
8.295,542.0
8.3,461.0
8.305,412.0
8.31,454.0
8.315,468.0
8.32,466.0
8.325,510.0
8.33,518.0
8.335,465.0
8.34,498.0
8.345,565.0
8.35,508.0
8.355,440.0
8.360000000000001,462.0
8.365,527.0
8.37,582.0
8.375,612.0
8.38,545.0
8.385,468.0
8.389999999999999,487.0
8.395,506.0
8.4,498.0
8.405,519.0
8.41,506.0
8.415,473.0
8.42,496.0
8.425,489.0
8.43,502.0
8.435,591.0
8.44,763.0
8.445,1196.0
8.45,1646.0
8.455,1975.0
8.46,2081.0
8.465,2020.0
8.47,1882.0
8.475,1673.0
8.48,1377.0
8.485000000000001,1066.0
8.49,783.0
8.495,557.0
8.5,554.0
8.505,570.0
8.51,521.0
8.514999999999999,500.0
8.52,503.0
8.525,465.0
8.53,446.0
8.535,479.0
8.54,530.0
8.545,550.0
8.55,538.0
8.555,576.0
8.56,589.0
8.565,564.0
8.57,559.0
8.575,558.0
8.58,558.0
8.585,606.0
8.59,625.0
8.595,574.0
8.6,546.0
8.604999999999999,524.0
8.610000000000001,497.0
8.615,454.0
8.620000000000001,441.0
8.625,506.0
8.629999999999999,546.0
8.635,561.0
8.639999999999999,583.0
8.645000000000001,546.0
8.65,524.0
8.655,540.0
8.66,526.0
8.665,518.0
8.67,519.0
8.675,494.0
8.68,521.0
8.685,585.0
8.69,598.0
8.695,638.0
8.7,679.0
8.705,644.0
8.71,561.0
8.715,478.0
8.72,428.0
8.725,486.0
8.729999999999999,648.0
8.735000000000001,674.0
8.74,553.0
8.745000000000001,498.0
8.75,465.0
8.754999999999999,429.0
8.76,440.0
8.764999999999999,526.0
8.770000000000001,572.0
8.775,511.0
8.78,475.0
8.785,543.0
8.79,623.0
8.795,575.0
8.8,498.0
8.805,478.0
8.81,538.0
8.815,599.0
8.82,612.0
8.825,550.0
8.83,518.0
8.835,523.0
8.84,554.0
8.845,603.0
8.85,618.0
8.854999999999999,607.0
8.860000000000001,563.0
8.865,497.0
8.870000000000001,521.0
8.875,572.0
8.879999999999999,538.0
8.885,500.0
8.889999999999999,495.0
8.895000000000001,507.0
8.9,505.0
8.905,465.0
8.91,463.0
8.915,487.0
8.92,514.0
8.925,545.0
8.93,561.0
8.935,536.0
8.94,473.0
8.945,458.0
8.95,523.0
8.955,590.0
8.96,575.0
8.965,530.0
8.97,476.0
8.975,444.0
8.979999999999999,452.0
8.985000000000001,452.0
8.99,460.0
8.995000000000001,489.0
9.0,547.0
9.004999999999999,582.0
9.01,524.0
9.014999999999999,500.0
9.020000000000001,514.0
9.025,478.0
9.03,487.0
9.035,532.0
9.04,498.0
9.045,482.0
9.05,568.0
9.055,632.0
9.06,599.0
9.065,565.0
9.07,554.0
9.075,537.0
9.08,501.0
9.085,521.0
9.09,561.0
9.095,532.0
9.1,443.0
9.104999999999999,492.0
9.110000000000001,511.0
9.115,570.0
9.120000000000001,592.0
9.125,538.0
9.129999999999999,476.0
9.135,484.0
9.139999999999999,527.0
9.145000000000001,529.0
9.15,508.0
9.155,514.0
9.16,516.0
9.165,545.0
9.17,553.0
9.175,537.0
9.18,503.0
9.185,489.0
9.19,465.0
9.195,449.0
9.2,518.0
9.205,563.0
9.21,529.0
9.215,537.0
9.22,583.0
9.225,569.0
9.229999999999999,523.0
9.235000000000001,537.0
9.24,567.0
9.245000000000001,530.0
9.25,521.0
9.254999999999999,578.0
9.26,595.0
9.264999999999999,558.0
9.270000000000001,470.0
9.275,431.0
9.28,513.0
9.285,540.0
9.29,506.0
9.295,562.0
9.3,620.0
9.305,551.0
9.31,489.0
9.315,485.0
9.32,498.0
9.325,502.0
9.33,522.0
9.335,566.0
9.34,569.0
9.345,508.0
9.35,442.0
9.354999999999999,494.0
9.360000000000001,594.0
9.365,594.0
9.370000000000001,505.0
9.375,476.0
9.379999999999999,522.0
9.385,508.0
9.389999999999999,511.0
9.395000000000001,554.0
9.4,561.0
9.405,536.0
9.41,491.0
9.415,518.0
9.42,601.0
9.425,595.0
9.43,511.0
9.435,424.0
9.44,426.0
9.445,485.0
9.45,466.0
9.455,448.0
9.46,528.0
9.465,570.0
9.47,551.0
9.475,572.0
9.479999999999999,627.0
9.485000000000001,619.0
9.49,513.0
9.495000000000001,428.0
9.5,454.0
9.504999999999999,506.0
9.51,558.0
9.514999999999999,562.0
9.520000000000001,538.0
9.525,527.0
9.53,523.0
9.535,527.0
9.54,564.0
9.545,625.0
9.55,617.0
9.555,530.0
9.56,495.0
9.565,489.0
9.57,503.0
9.575,548.0
9.58,534.0
9.585,504.0
9.59,476.0
9.595,447.0
9.6,450.0
9.604999999999999,482.0
9.610000000000001,518.0
9.615,493.0
9.620000000000001,440.0
9.625,434.0
9.629999999999999,474.0
9.635,530.0
9.639999999999999,514.0
9.645000000000001,462.0
9.65,443.0
9.655,465.0
9.66,499.0
9.665,500.0
9.67,515.0
9.675,560.0
9.68,606.0
9.685,572.0
9.69,494.0
9.695,521.0
9.7,626.0
9.705,612.0
9.71,497.0
9.715,450.0
9.72,468.0
9.725,534.0
9.729999999999999,534.0
9.735000000000001,476.0
9.74,460.0
9.745000000000001,446.0
9.75,420.0
9.754999999999999,431.0
9.76,421.0
9.764999999999999,465.0
9.770000000000001,530.0
9.775,534.0
9.78,466.0
9.785,426.0
9.79,476.0
9.795,567.0
9.8,642.0
9.805,626.0
9.81,524.0
9.815,475.0
9.82,495.0
9.825,513.0
9.83,562.0
9.835,612.0
9.84,606.0
9.845,577.0
9.85,559.0
9.854999999999999,528.0
9.860000000000001,556.0
9.865,591.0
9.870000000000001,530.0
9.875,506.0
9.879999999999999,553.0
9.885,570.0
9.889999999999999,587.0
9.895000000000001,624.0
9.9,619.0
9.905,611.0
9.91,601.0
9.915,580.0
9.92,551.0
9.925,522.0
9.93,530.0
9.935,547.0
9.94,537.0
9.945,486.0
9.95,433.0
9.955,433.0
9.96,476.0
9.965,493.0
9.97,530.0
9.975,615.0
9.979999999999999,625.0
9.985000000000001,570.0
9.99,545.0
9.995000000000001,521.0
10.0,588.0
10.004999999999999,649.0
10.01,581.0
10.014999999999999,568.0
10.020000000000001,625.0
10.025,583.0
10.03,514.0
10.035,488.0
10.04,500.0
10.045,568.0
10.05,572.0
10.055,534.0
10.06,560.0
10.065,537.0
10.07,497.0
10.075,508.0
10.08,514.0
10.085,513.0
10.09,516.0
10.095,490.0
10.1,448.0
10.104999999999999,471.0
10.110000000000001,529.0
10.115,558.0
10.120000000000001,535.0
10.125,490.0
10.129999999999999,516.0
10.135,498.0
10.139999999999999,435.0
10.145000000000001,431.0
10.15,493.0
10.155,541.0
10.16,559.0
10.165,539.0
10.17,480.0
10.175,473.0
10.18,486.0
10.185,524.0
10.19,580.0
10.195,520.0
10.2,466.0
10.205,479.0
10.21,534.0
10.215,577.0
10.22,553.0
10.225,482.0
10.229999999999999,446.0
10.235000000000001,482.0
10.24,521.0
10.245000000000001,526.0
10.25,497.0
10.254999999999999,493.0
10.26,536.0
10.264999999999999,527.0
10.270000000000001,484.0
10.275,507.0
10.28,527.0
10.285,462.0
10.29,452.0
10.295,508.0
10.3,514.0
10.305,537.0
10.31,539.0
10.315,512.0
10.32,542.0
10.325,581.0
10.33,617.0
10.335,627.0
10.34,546.0
10.345,478.0
10.35,532.0
10.354999999999999,598.0
10.360000000000001,586.0
10.365,495.0
10.370000000000001,464.0
10.375,490.0
10.379999999999999,508.0
10.385,546.0
10.389999999999999,572.0
10.395000000000001,575.0
10.4,554.0
10.405,525.0
10.41,502.0
10.415,488.0
10.42,529.0
10.425,592.0
10.43,630.0
10.435,574.0
10.44,486.0
10.445,468.0
10.45,471.0
10.455,424.0
10.46,392.0
10.465,433.0
10.47,505.0
10.475,551.0
10.479999999999999,526.0
10.485000000000001,474.0
10.49,457.0
10.495000000000001,469.0
10.5,464.0
10.504999999999999,478.0
10.51,516.0
10.514999999999999,499.0
10.520000000000001,490.0
10.525,471.0
10.53,460.0
10.535,524.0
10.54,573.0
10.545,540.0
10.55,511.0
10.555,522.0
10.56,532.0
10.565,516.0
10.57,514.0
10.575,545.0
10.58,493.0
10.585,489.0
10.59,534.0
10.595,590.0
10.6,596.0
10.604999999999999,521.0
10.610000000000001,502.0
10.615,502.0
10.620000000000001,495.0
10.625,521.0
10.629999999999999,514.0
10.635,543.0
10.639999999999999,559.0
10.645000000000001,529.0
10.65,562.0
10.655,543.0
10.66,471.0
10.665,498.0
10.67,547.0
10.675,553.0
10.68,561.0
10.685,519.0
10.69,482.0
10.695,481.0
10.7,462.0
10.705,475.0
10.71,522.0
10.715,542.0
10.72,511.0
10.725,505.0
10.729999999999999,532.0
10.735000000000001,522.0
10.74,470.0
10.745000000000001,468.0
10.75,526.0
10.754999999999999,567.0
10.76,594.0
10.764999999999999,562.0
10.770000000000001,534.0
10.775,604.0
10.78,620.0
10.785,531.0
10.79,465.0
10.795,471.0
10.8,481.0
10.805,494.0
10.81,524.0
10.815,527.0
10.82,543.0
10.825,569.0
10.83,545.0
10.835,574.0
10.84,588.0
10.845,497.0
10.85,450.0
10.854999999999999,463.0
10.860000000000001,504.0
10.865,527.0
10.870000000000001,463.0
10.875,438.0
10.879999999999999,442.0
10.885,453.0
10.889999999999999,500.0
10.895000000000001,511.0
10.9,473.0
10.905,410.0
10.91,424.0
10.915,466.0
10.92,455.0
10.925,440.0
10.93,416.0
10.935,402.0
10.94,455.0
10.945,500.0
10.95,452.0
10.955,655.0
10.96,1303.0
10.965,2430.0
10.97,5028.0
10.975,10311.0
10.979999999999999,19052.0
10.985000000000001,32428.0
10.99,51550.0
10.995000000000001,77265.0
11.0,109057.0
11.004999999999999,144289.0
11.01,181154.0
11.014999999999999,212753.0
11.020000000000001,232847.0
11.025,241146.0
11.03,232596.0
11.035,205375.0
11.04,165902.0
11.045,122818.0
11.05,84116.0
11.055,53356.0
11.06,31394.0
11.065,17644.0
11.07,9641.0
11.075,5207.0
11.08,2915.0
11.085,1728.0
11.09,1287.0
11.095,1175.0
11.1,1033.0
11.104999999999999,938.0
11.110000000000001,894.0
11.115,836.0
11.120000000000001,724.0
11.125,634.0
11.129999999999999,689.0
11.135,751.0
11.139999999999999,620.0
11.145000000000001,520.0
11.15,545.0
11.155,553.0
11.16,572.0
11.165,527.0
11.17,519.0
11.175,578.0
11.18,578.0
11.185,527.0
11.19,518.0
11.195,587.0
11.2,604.0
11.205,548.0
11.21,537.0
11.215,562.0
11.22,478.0
11.225,479.0
11.229999999999999,450.0
11.235000000000001,559.0
11.24,615.0
11.245000000000001,606.0
11.25,561.0
11.254999999999999,546.0
11.26,511.0
11.264999999999999,540.0
11.270000000000001,614.0
11.275,596.0
11.28,586.0
11.285,591.0
11.29,559.0
11.295,549.0
11.3,520.0
11.305,498.0
11.31,538.0
11.315,535.0
11.32,513.0
11.325,526.0
11.33,556.0
11.335,557.0
11.34,500.0
11.345,436.0
11.35,417.0
11.354999999999999,476.0
11.360000000000001,554.0
11.365,534.0
11.370000000000001,501.0
11.375,498.0
11.379999999999999,455.0
11.385,447.0
11.389999999999999,511.0
11.395000000000001,551.0
11.4,543.0
11.405,519.0
11.41,488.0
11.415,482.0
11.42,484.0
11.425,519.0
11.43,562.0
11.435,503.0
11.44,446.0
11.445,532.0
11.45,612.0
11.455,594.0
11.46,558.0
11.465,495.0
11.47,474.0
11.475,523.0
11.479999999999999,512.0
11.485000000000001,489.0
11.49,524.0
11.495000000000001,556.0
11.5,582.0
11.504999999999999,602.0
11.51,577.0
11.514999999999999,526.0
11.520000000000001,498.0
11.525,460.0
11.53,447.0
11.535,516.0
11.54,550.0
11.545,553.0
11.55,576.0
11.555,572.0
11.56,529.0
11.565,470.0
11.57,457.0
11.575,467.0
11.58,460.0
11.585,492.0
11.59,498.0
11.595,518.0
11.6,543.0
11.604999999999999,538.0
11.610000000000001,530.0
11.615,530.0
11.620000000000001,508.0
11.625,484.0
11.629999999999999,500.0
11.635,520.0
11.639999999999999,528.0
11.645000000000001,532.0
11.65,535.0
11.655,513.0
11.66,479.0
11.665,513.0
11.67,594.0
11.675,570.0
11.68,473.0
11.685,403.0
11.69,390.0
11.695,471.0
11.7,569.0
11.705,552.0
11.71,503.0
11.715,465.0
11.72,436.0
11.725,512.0
11.729999999999999,606.0
11.735000000000001,595.0
11.74,535.0
11.745000000000001,476.0
11.75,433.0
11.754999999999999,465.0
11.76,516.0
11.764999999999999,523.0
11.770000000000001,538.0
11.775,586.0
11.78,582.0
11.785,546.0
11.79,522.0
11.795,502.0
11.8,532.0
11.805,563.0
11.81,566.0
11.815,593.0
11.82,574.0
11.825,533.0
11.83,518.0
11.835,530.0
11.84,522.0
11.845,551.0
11.85,593.0
11.854999999999999,583.0
11.860000000000001,589.0
11.865,569.0
11.870000000000001,490.0
11.875,468.0
11.879999999999999,460.0
11.885,454.0
11.889999999999999,501.0
11.895000000000001,591.0
11.9,593.0
11.905,558.0
11.91,537.0
11.915,490.0
11.92,447.0
11.925,484.0
11.93,561.0
11.935,529.0
11.94,463.0
11.945,470.0
11.95,483.0
11.955,498.0
11.96,488.0
11.965,466.0
11.97,563.0
11.975,619.0
11.979999999999999,527.0
11.985000000000001,502.0
11.99,505.0
11.995000000000001,457.0
12.0,430.0
12.004999999999999,397.0
12.01,429.0
12.014999999999999,479.0
12.020000000000001,489.0
12.025,502.0
12.03,510.0
12.035,462.0
12.04,409.0
12.045,444.0
12.05,543.0
12.055,570.0
12.06,491.0
12.065,445.0
12.07,434.0
12.075,441.0
12.08,493.0
12.085,528.0
12.09,507.0
12.095,487.0
12.1,489.0
12.104999999999999,470.0
12.110000000000001,462.0
12.115,479.0
12.120000000000001,483.0
12.125,534.0
12.129999999999999,577.0
12.135,577.0
12.139999999999999,540.0
12.145000000000001,478.0
12.15,466.0
12.155,463.0
12.16,457.0
12.165,473.0
12.17,466.0
12.175,472.0
12.18,489.0
12.185,506.0
12.19,547.0
12.195,530.0
12.2,462.0
12.205,463.0
12.21,536.0
12.215,550.0
12.22,548.0
12.225,537.0
12.229999999999999,574.0
12.235000000000001,617.0
12.24,568.0
12.245000000000001,524.0
12.25,521.0
12.254999999999999,502.0
12.26,518.0
12.264999999999999,545.0
12.270000000000001,496.0
12.275,485.0
12.28,523.0
12.285,524.0
12.29,544.0
12.295,610.0
12.3,617.0
12.305,567.0
12.31,562.0
12.315,530.0
12.32,508.0
12.325,567.0
12.33,570.0
12.335,515.0
12.34,529.0
12.345,550.0
12.35,510.0
12.354999999999999,484.0
12.360000000000001,468.0
12.365,479.0
12.370000000000001,476.0
12.375,455.0
12.379999999999999,504.0
12.385,555.0
12.389999999999999,553.0
12.395000000000001,529.0
12.4,479.0
12.405,487.0
12.41,518.0
12.415,527.0
12.42,558.0
12.425,657.0
12.43,677.0
12.435,536.0
12.44,436.0
12.445,410.0
12.45,434.0
12.455,495.0
12.46,511.0
12.465,496.0
12.47,488.0
12.475,526.0
12.479999999999999,546.0
12.485000000000001,505.0
12.49,470.0
12.495000000000001,466.0
12.5,436.0
12.504999999999999,448.0
12.51,484.0
12.514999999999999,477.0
12.520000000000001,484.0
12.525,543.0
12.53,580.0
12.535,530.0
12.54,498.0
12.545,503.0
12.55,492.0
12.555,517.0
12.56,563.0
12.565,601.0
12.57,609.0
12.575,561.0
12.58,553.0
12.585,570.0
12.59,573.0
12.595,535.0
12.6,489.0
12.604999999999999,498.0
12.610000000000001,506.0
12.615,467.0
12.620000000000001,449.0
12.625,465.0
12.629999999999999,478.0
12.635,489.0
12.639999999999999,488.0
12.645000000000001,480.0
12.65,476.0
12.655,459.0
12.66,414.0
12.665,406.0
12.67,476.0
12.675,495.0
12.68,481.0
12.685,486.0
12.69,518.0
12.695,466.0
12.7,459.0
12.705,539.0
12.71,542.0
12.715,545.0
12.72,556.0
12.725,583.0
12.729999999999999,546.0
12.735000000000001,457.0
12.74,444.0
12.745000000000001,441.0
12.75,390.0
12.754999999999999,442.0
12.76,586.0
12.764999999999999,627.0
12.770000000000001,548.0
12.775,501.0
12.78,522.0
12.785,482.0
12.79,420.0
12.795,457.0
12.8,528.0
12.805,509.0
12.81,437.0
12.815,426.0
12.82,494.0
12.825,486.0
12.83,423.0
12.835,473.0
12.84,551.0
12.845,544.0
12.85,527.0
12.854999999999999,470.0
12.860000000000001,439.0
12.865,492.0
12.870000000000001,538.0
12.875,548.0
12.879999999999999,479.0
12.885,426.0
12.889999999999999,508.0
12.895000000000001,647.0
12.9,703.0
12.905,628.0
12.91,522.0
12.915,500.0
12.92,505.0
12.925,522.0
12.93,572.0
12.935,535.0
12.94,447.0
12.945,433.0
12.95,484.0
12.955,516.0
12.96,504.0
12.965,447.0
12.97,409.0
12.975,449.0
12.979999999999999,533.0
12.985000000000001,540.0
12.99,503.0
12.995000000000001,515.0
13.0,512.0
13.004999999999999,530.0
13.01,538.0
13.014999999999999,514.0
13.020000000000001,538.0
13.025,566.0
13.03,586.0
13.035,640.0
13.04,689.0
13.045,670.0
13.05,575.0
13.055,500.0
13.06,515.0
13.065,475.0
13.07,415.0
13.075,446.0
13.08,530.0
13.085,578.0
13.09,581.0
13.095,566.0
13.1,564.0
13.104999999999999,562.0
13.110000000000001,529.0
13.115,553.0
13.120000000000001,545.0
13.125,471.0
13.129999999999999,495.0
13.135,554.0
13.139999999999999,483.0
13.145000000000001,385.0
13.15,343.0
13.155,387.0
13.16,482.0
13.165,555.0
13.17,550.0
13.175,543.0
13.18,533.0
13.185,526.0
13.19,548.0
13.195,540.0
13.2,526.0
13.205,442.0
13.21,364.0
13.215,414.0
13.22,516.0
13.225,527.0
13.229999999999999,526.0
13.235000000000001,535.0
13.24,532.0
13.245000000000001,543.0
13.25,509.0
13.254999999999999,433.0
13.26,387.0
13.264999999999999,378.0
13.270000000000001,383.0
13.275,455.0
13.28,513.0
13.285,497.0
13.29,473.0
13.295,457.0
13.3,470.0
13.305,506.0
13.31,535.0
13.315,569.0
13.32,535.0
13.325,469.0
13.33,512.0
13.335,554.0
13.34,506.0
13.345,471.0
13.35,507.0
13.354999999999999,530.0
13.360000000000001,514.0
13.365,542.0
13.370000000000001,558.0
13.375,495.0
13.379999999999999,457.0
13.385,529.0
13.389999999999999,578.0
13.395000000000001,576.0
13.4,559.0
13.405,527.0
13.41,503.0
13.415,455.0
13.42,448.0
13.425,540.0
13.43,567.0
13.435,506.0
13.44,460.0
13.445,481.0
13.45,498.0
13.455,475.0
13.46,489.0
13.465,471.0
13.47,474.0
13.475,556.0
13.479999999999999,534.0
13.485000000000001,462.0
13.49,435.0
13.495000000000001,450.0
13.5,446.0
13.504999999999999,489.0
13.51,590.0
13.514999999999999,651.0
13.520000000000001,583.0
13.525,487.0
13.53,448.0
13.535,446.0
13.54,475.0
13.545,497.0
13.55,534.0
13.555,558.0
13.56,529.0
13.565,529.0
13.57,559.0
13.575,569.0
13.58,494.0
13.585,498.0
13.59,606.0
13.595,602.0
13.6,588.0
13.604999999999999,590.0
13.610000000000001,532.0
13.615,456.0
13.620000000000001,386.0
13.625,405.0
13.629999999999999,512.0
13.635,534.0
13.639999999999999,461.0
13.645000000000001,495.0
13.65,545.0
13.655,490.0
13.66,481.0
13.665,471.0
13.67,430.0
13.675,470.0
13.68,544.0
13.685,569.0
13.69,586.0
13.695,616.0
13.7,553.0
13.705,485.0
13.71,521.0
13.715,533.0
13.72,514.0
13.725,501.0
13.729999999999999,479.0
13.735000000000001,480.0
13.74,517.0
13.745000000000001,517.0
13.75,451.0
13.754999999999999,444.0
13.76,456.0
13.764999999999999,477.0
13.770000000000001,556.0
13.775,543.0
13.78,473.0
13.785,439.0
13.79,448.0
13.795,493.0
13.8,517.0
13.805,511.0
13.81,517.0
13.815,507.0
13.82,513.0
13.825,561.0
13.83,559.0
13.835,487.0
13.84,448.0
13.845,441.0
13.85,455.0
13.854999999999999,489.0
13.860000000000001,479.0
13.865,466.0
13.870000000000001,494.0
13.875,464.0
13.879999999999999,394.0
13.885,419.0
13.889999999999999,480.0
13.895000000000001,534.0
13.9,575.0
13.905,575.0
13.91,586.0
13.915,527.0
13.92,433.0
13.925,449.0
13.93,529.0
13.935,509.0
13.94,481.0
13.945,574.0
13.95,636.0
13.955,602.0
13.96,609.0
13.965,634.0
13.97,593.0
13.975,532.0
13.979999999999999,475.0
13.985000000000001,436.0
13.99,440.0
13.995000000000001,495.0
14.0,495.0
14.004999999999999,471.0
14.01,485.0
14.014999999999999,558.0
14.020000000000001,575.0
14.025,516.0
14.03,490.0
14.035,481.0
14.04,466.0
14.045,506.0
14.05,513.0
14.055,488.0
14.06,479.0
14.065,457.0
14.07,473.0
14.075,500.0
14.08,529.0
14.085,570.0
14.09,580.0
14.095,537.0
14.1,491.0
14.104999999999999,514.0
14.110000000000001,524.0
14.115,534.0
14.120000000000001,523.0
14.125,508.0
14.129999999999999,537.0
14.135,569.0
14.139999999999999,542.0
14.145000000000001,500.0
14.15,513.0
14.155,485.0
14.16,429.0
14.165,529.0
14.17,599.0
14.175,554.0
14.18,513.0
14.185,497.0
14.19,508.0
14.195,482.0
14.2,487.0
14.205,566.0
14.21,609.0
14.215,568.0
14.22,552.0
14.225,582.0
14.229999999999999,554.0
14.235000000000001,522.0
14.24,502.0
14.245000000000001,452.0
14.25,452.0
14.254999999999999,492.0
14.26,517.0
14.264999999999999,540.0
14.270000000000001,519.0
14.275,462.0
14.28,417.0
14.285,417.0
14.29,458.0
14.295,481.0
14.3,488.0
14.305,546.0
14.31,633.0
14.315,633.0
14.32,570.0
14.325,571.0
14.33,581.0
14.335,571.0
14.34,563.0
14.345,510.0
14.35,503.0
14.354999999999999,568.0
14.360000000000001,586.0
14.365,540.0
14.370000000000001,508.0
14.375,542.0
14.379999999999999,513.0
14.385,500.0
14.389999999999999,527.0
14.395000000000001,487.0
14.4,495.0
14.405,526.0
14.41,514.0
14.415,446.0
14.42,415.0
14.425,504.0
14.43,568.0
14.435,521.0
14.44,465.0
14.445,466.0
14.45,550.0
14.455,596.0
14.46,530.0
14.465,487.0
14.47,487.0
14.475,467.0
14.479999999999999,466.0
14.485000000000001,517.0
14.49,556.0
14.495000000000001,555.0
14.5,551.0
14.504999999999999,548.0
14.51,486.0
14.514999999999999,434.0
14.520000000000001,444.0
14.525,466.0
14.53,526.0
14.535,543.0
14.54,514.0
14.545,533.0
14.55,572.0
14.555,533.0
14.56,511.0
14.565,513.0
14.57,494.0
14.575,489.0
14.58,495.0
14.585,489.0
14.59,432.0
14.595,437.0
14.6,527.0
14.604999999999999,606.0
14.610000000000001,591.0
14.615,519.0
14.620000000000001,473.0
14.625,479.0
14.629999999999999,497.0
14.635,504.0
14.639999999999999,540.0
14.645000000000001,559.0
14.65,532.0
14.655,492.0
14.66,457.0
14.665,484.0
14.67,510.0
14.675,500.0
14.68,502.0
14.685,526.0
14.69,492.0
14.695,490.0
14.7,494.0
14.705,439.0
14.71,444.0
14.715,508.0
14.72,463.0
14.725,432.0
14.729999999999999,482.0
14.735000000000001,482.0
14.74,444.0
14.745000000000001,492.0
14.75,560.0
14.754999999999999,526.0
14.76,475.0
14.764999999999999,491.0
14.770000000000001,486.0
14.775,476.0
14.78,531.0
14.785,615.0
14.79,567.0
14.795,474.0
14.8,455.0
14.805,463.0
14.81,519.0
14.815,511.0
14.82,511.0
14.825,506.0
14.83,479.0
14.835,473.0
14.84,427.0
14.845,414.0
14.85,438.0
14.854999999999999,490.0
14.860000000000001,511.0
14.865,481.0
14.870000000000001,442.0
14.875,407.0
14.879999999999999,398.0
14.885,399.0
14.889999999999999,441.0
14.895000000000001,524.0
14.9,500.0
14.905,484.0
14.91,521.0
14.915,534.0
14.92,601.0
14.925,676.0
14.93,647.0
14.935,564.0
14.94,535.0
14.945,522.0
14.95,470.0
14.955,498.0
14.96,579.0
14.965,539.0
14.97,434.0
14.975,398.0
14.979999999999999,466.0
14.985000000000001,502.0
14.99,476.0
14.995000000000001,474.0
15.0,449.0
15.004999999999999,434.0
15.01,430.0
15.014999999999999,450.0
15.020000000000001,517.0
15.025,545.0
15.03,518.0
15.035,506.0
15.04,496.0
15.045,504.0
15.05,516.0
15.055,465.0
15.06,450.0
15.065,439.0
15.07,423.0
15.075,437.0
15.08,486.0
15.085,504.0
15.09,515.0
15.095,510.0
15.1,502.0
15.104999999999999,858.0
15.110000000000001,1679.0
15.115,3274.0
15.120000000000001,6047.0
15.125,10937.0
15.129999999999999,18986.0
15.135,31572.0
15.139999999999999,49076.0
15.145000000000001,70775.0
15.15,97772.0
15.155,129444.0
15.16,162721.0
15.165,196185.0
15.17,222948.0
15.175,235362.0
15.18,234489.0
15.185,220662.0
15.19,195380.0
15.195,162442.0
15.2,126143.0
15.205,91839.0
15.21,61959.0
15.215,38974.0
15.22,23686.0
15.225,13881.0
15.229999999999999,7852.0
15.235000000000001,4569.0
15.24,2863.0
15.245000000000001,1810.0
15.25,1218.0
15.254999999999999,1051.0
15.26,1012.0
15.264999999999999,958.0
15.270000000000001,930.0
15.275,901.0
15.28,803.0
15.285,708.0
15.29,689.0
15.295,636.0
15.3,623.0
15.305,714.0
15.31,718.0
15.315,606.0
15.32,545.0
15.325,561.0
15.33,562.0
15.335,557.0
15.34,529.0
15.345,510.0
15.35,524.0
15.354999999999999,542.0
15.360000000000001,519.0
15.365,538.0
15.370000000000001,587.0
15.375,571.0
15.379999999999999,512.0
15.385,437.0
15.389999999999999,430.0
15.395000000000001,497.0
15.4,540.0
15.405,600.0
15.41,622.0
15.415,528.0
15.42,463.0
15.425,485.0
15.43,461.0
15.435,433.0
15.44,473.0
15.445,531.0
15.45,548.0
15.455,546.0
15.46,515.0
15.465,486.0
15.47,513.0
15.475,598.0
15.479999999999999,612.0
15.485000000000001,537.0
15.49,497.0
15.495000000000001,556.0
15.5,620.0
15.504999999999999,576.0
15.51,497.0
15.514999999999999,438.0
15.520000000000001,424.0
15.525,462.0
15.53,511.0
15.535,540.0
15.54,508.0
15.545,468.0
15.55,466.0
15.555,448.0
15.56,408.0
15.565,449.0
15.57,554.0
15.575,609.0
15.58,582.0
15.585,513.0
15.59,442.0
15.595,462.0
15.6,489.0
15.604999999999999,472.0
15.610000000000001,524.0
15.615,636.0
15.620000000000001,636.0
15.625,526.0
15.629999999999999,520.0
15.635,569.0
15.639999999999999,571.0
15.645000000000001,547.0
15.65,503.0
15.655,510.0
15.66,508.0
15.665,493.0
15.67,508.0
15.675,548.0
15.68,535.0
15.685,475.0
15.69,475.0
15.695,538.0
15.7,542.0
15.705,517.0
15.71,530.0
15.715,529.0
15.72,470.0
15.725,454.0
15.729999999999999,510.0
15.735000000000001,500.0
15.74,525.0
15.745000000000001,561.0
15.75,556.0
15.754999999999999,589.0
15.76,566.0
15.764999999999999,489.0
15.770000000000001,489.0
15.775,526.0
15.78,481.0
15.785,452.0
15.79,463.0
15.795,473.0
15.8,502.0
15.805,564.0
15.81,582.0
15.815,516.0
15.82,446.0
15.825,477.0
15.83,524.0
15.835,487.0
15.84,474.0
15.845,522.0
15.85,562.0
15.854999999999999,602.0
15.860000000000001,563.0
15.865,477.0
15.870000000000001,473.0
15.875,515.0
15.879999999999999,527.0
15.885,541.0
15.889999999999999,633.0
15.895000000000001,632.0
15.9,543.0
15.905,482.0
15.91,423.0
15.915,447.0
15.92,492.0
15.925,496.0
15.93,471.0
15.935,481.0
15.94,506.0
15.945,494.0
15.95,482.0
15.955,471.0
15.96,417.0
15.965,444.0
15.97,505.0
15.975,505.0
15.979999999999999,518.0
15.985000000000001,489.0
15.99,430.0
15.995000000000001,412.0
16.0,451.0
16.005,507.0
16.01,536.0
16.015,570.0
16.02,570.0
16.025,497.0
16.029999999999998,463.0
16.035,470.0
16.04,500.0
16.045,520.0
16.05,512.0
16.055,498.0
16.06,456.0
16.065,452.0
16.07,441.0
16.075,501.0
16.08,538.0
16.085,532.0
16.09,472.0
16.095000000000002,531.0
16.1,538.0
16.105,527.0
16.11,538.0
16.115,537.0
16.12,526.0
16.125,527.0
16.13,511.0
16.135,498.0
16.14,505.0
16.145,501.0
16.15,484.0
16.154999999999998,513.0
16.16,538.0
16.165,522.0
16.17,446.0
16.175,412.0
16.18,418.0
16.185,439.0
16.19,511.0
16.195,546.0
16.2,542.0
16.205,505.0
16.21,494.0
16.215,526.0
16.220000000000002,534.0
16.225,516.0
16.23,540.0
16.235,597.0
16.24,616.0
16.245,606.0
16.25,594.0
16.255,541.0
16.26,503.0
16.265,529.0
16.27,550.0
16.275,485.0
16.279999999999998,430.0
16.285,481.0
16.29,538.0
16.295,567.0
16.3,550.0
16.305,510.0
16.31,482.0
16.315,492.0
16.32,479.0
16.325,494.0
16.33,519.0
16.335,502.0
16.34,470.0
16.345000000000002,450.0
16.35,449.0
16.355,466.0
16.36,467.0
16.365,421.0
16.37,417.0
16.375,430.0
16.38,497.0
16.385,540.0
16.39,538.0
16.395,470.0
16.4,388.0
16.404999999999998,388.0
16.41,438.0
16.415,461.0
16.42,460.0
16.425,473.0
16.43,529.0
16.435,537.0
16.44,540.0
16.445,546.0
16.45,483.0
16.455,478.0
16.46,478.0
16.465,455.0
16.470000000000002,508.0
16.475,516.0
16.48,497.0
16.485,543.0
16.49,542.0
16.495,499.0
16.5,538.0
16.505,578.0
16.51,561.0
16.515,480.0
16.52,422.0
16.525,466.0
16.529999999999998,522.0
16.535,502.0
16.54,494.0
16.545,514.0
16.55,521.0
16.555,502.0
16.56,521.0
16.565,530.0
16.57,436.0
16.575,415.0
16.58,453.0
16.585,470.0
16.59,488.0
16.595000000000002,480.0
16.6,452.0
16.605,482.0
16.61,532.0
16.615,556.0
16.62,611.0
16.625,540.0
16.63,433.0
16.635,422.0
16.64,383.0
16.645,413.0
16.65,479.0
16.654999999999998,499.0
16.66,499.0
16.665,510.0
16.67,493.0
16.675,449.0
16.68,458.0
16.685,473.0
16.69,437.0
16.695,433.0
16.7,455.0
16.705,470.0
16.71,439.0
16.715,410.0
16.720000000000002,409.0
16.725,483.0
16.73,519.0
16.735,505.0
16.74,487.0
16.745,472.0
16.75,441.0
16.755,434.0
16.76,497.0
16.765,596.0
16.77,544.0
16.775,479.0
16.779999999999998,562.0
16.785,609.0
16.79,557.0
16.795,542.0
16.8,580.0
16.805,554.0
16.81,486.0
16.815,498.0
16.82,506.0
16.825,451.0
16.83,457.0
16.835,505.0
16.84,506.0
16.845000000000002,444.0
16.85,407.0
16.855,462.0
16.86,505.0
16.865,554.0
16.87,630.0
16.875,580.0
16.88,484.0
16.885,477.0
16.89,510.0
16.895,535.0
16.9,534.0
16.904999999999998,490.0
16.91,466.0
16.915,498.0
16.92,502.0
16.925,497.0
16.93,503.0
16.935,513.0
16.94,511.0
16.945,521.0
16.95,513.0
16.955,516.0
16.96,578.0
16.965,593.0
16.970000000000002,503.0
16.975,418.0
16.98,425.0
16.985,465.0
16.99,496.0
16.995,505.0
17.0,436.0
17.005,454.0
17.01,530.0
17.015,538.0
17.02,537.0
17.025,495.0
17.029999999999998,476.0
17.035,523.0
17.04,561.0
17.045,530.0
17.05,446.0
17.055,428.0
17.06,454.0
17.065,451.0
17.07,451.0
17.075,461.0
17.08,441.0
17.084999999999997,382.0
17.09,404.0
17.095000000000002,508.0
17.1,547.0
17.105,540.0
17.11,524.0
17.115000000000002,470.0
17.12,465.0
17.125,529.0
17.13,618.0
17.134999999999998,629.0
17.14,568.0
17.145,586.0
17.15,606.0
17.154999999999998,577.0
17.16,534.0
17.165000000000003,441.0
17.17,450.0
17.175,540.0
17.18,545.0
17.185,503.0
17.19,495.0
17.195,487.0
17.2,466.0
17.205,431.0
17.209999999999997,431.0
17.215,455.0
17.220000000000002,438.0
17.225,428.0
17.23,493.0
17.235,559.0
17.240000000000002,502.0
17.245,494.0
17.25,604.0
17.255,576.0
17.259999999999998,562.0
17.265,608.0
17.27,573.0
17.275,540.0
17.279999999999998,538.0
17.285,537.0
17.290000000000003,465.0
17.295,420.0
17.3,472.0
17.305,473.0
17.31,461.0
17.315,492.0
17.32,476.0
17.325,477.0
17.33,510.0
17.334999999999997,524.0
17.34,504.0
17.345000000000002,515.0
17.35,546.0
17.355,507.0
17.36,468.0
17.365000000000002,510.0
17.37,562.0
17.375,564.0
17.38,534.0
17.384999999999998,524.0
17.39,521.0
17.395,514.0
17.4,531.0
17.404999999999998,532.0
17.41,495.0
17.415000000000003,508.0
17.42,513.0
17.425,409.0
17.43,431.0
17.435,452.0
17.44,511.0
17.445,547.0
17.45,537.0
17.455,508.0
17.459999999999997,480.0
17.465,483.0
17.470000000000002,551.0
17.475,550.0
17.48,510.0
17.485,489.0
17.490000000000002,495.0
17.495,503.0
17.5,449.0
17.505,420.0
17.509999999999998,463.0
17.515,517.0
17.52,519.0
17.525,490.0
17.529999999999998,470.0
17.535,452.0
17.540000000000003,407.0
17.545,398.0
17.55,409.0
17.555,473.0
17.56,551.0
17.565,550.0
17.57,473.0
17.575,432.0
17.58,457.0
17.584999999999997,475.0
17.59,478.0
17.595000000000002,476.0
17.6,476.0
17.605,516.0
17.61,506.0
17.615000000000002,492.0
17.62,540.0
17.625,527.0
17.63,488.0
17.634999999999998,479.0
17.64,482.0
17.645,506.0
17.65,515.0
17.654999999999998,471.0
17.66,425.0
17.665000000000003,446.0
17.67,478.0
17.675,478.0
17.68,487.0
17.685,507.0
17.69,472.0
17.695,452.0
17.7,486.0
17.705,525.0
17.709999999999997,590.0
17.715,599.0
17.720000000000002,522.0
17.725,494.0
17.73,537.0
17.735,519.0
17.740000000000002,460.0
17.745,447.0
17.75,478.0
17.755,480.0
17.759999999999998,527.0
17.765,543.0
17.77,501.0
17.775,514.0
17.779999999999998,562.0
17.785,532.0
17.790000000000003,519.0
17.795,590.0
17.8,566.0
17.805,513.0
17.81,513.0
17.815,514.0
17.82,500.0
17.825,448.0
17.83,444.0
17.834999999999997,489.0
17.84,497.0
17.845000000000002,489.0
17.85,508.0
17.855,535.0
17.86,499.0
17.865000000000002,492.0
17.87,578.0
17.875,592.0
17.88,517.0
17.884999999999998,460.0
17.89,478.0
17.895,537.0
17.9,513.0
17.904999999999998,473.0
17.91,500.0
17.915000000000003,542.0
17.92,523.0
17.925,455.0
17.93,460.0
17.935,548.0
17.94,531.0
17.945,452.0
17.95,463.0
17.955,436.0
17.959999999999997,427.0
17.965,513.0
17.970000000000002,538.0
17.975,502.0
17.98,567.0
17.985,585.0
17.990000000000002,462.0
17.995,364.0
18.0,378.0
18.005,473.0
18.009999999999998,537.0
18.015,522.0
18.02,560.0
18.025,575.0
18.029999999999998,471.0
18.035,407.0
18.040000000000003,438.0
18.045,467.0
18.05,489.0
18.055,556.0
18.06,591.0
18.065,578.0
18.07,574.0
18.075,530.0
18.08,483.0
18.084999999999997,501.0
18.09,554.0
18.095000000000002,504.0
18.1,418.0
18.105,432.0
18.11,510.0
18.115000000000002,541.0
18.12,492.0
18.125,497.0
18.13,574.0
18.134999999999998,561.0
18.14,525.0
18.145,515.0
18.15,511.0
18.154999999999998,505.0
18.16,468.0
18.165000000000003,462.0
18.17,470.0
18.175,529.0
18.18,558.0
18.185,462.0
18.19,404.0
18.195,407.0
18.2,366.0
18.205,394.0
18.209999999999997,473.0
18.215,538.0
18.220000000000002,512.0
18.225,445.0
18.23,502.0
18.235,541.0
18.240000000000002,492.0
18.245,502.0
18.25,519.0
18.255,472.0
18.259999999999998,479.0
18.265,514.0
18.27,511.0
18.275,462.0
18.279999999999998,413.0
18.285,466.0
18.290000000000003,510.0
18.295,526.0
18.3,507.0
18.305,466.0
18.31,492.0
18.315,522.0
18.32,514.0
18.325,526.0
18.33,529.0
18.334999999999997,542.0
18.34,542.0
18.345000000000002,476.0
18.35,491.0
18.355,585.0
18.36,622.0
18.365000000000002,583.0
18.37,521.0
18.375,544.0
18.38,542.0
18.384999999999998,483.0
18.39,471.0
18.395,447.0
18.4,428.0
18.404999999999998,448.0
18.41,486.0
18.415000000000003,471.0
18.42,433.0
18.425,414.0
18.43,440.0
18.435,486.0
18.44,537.0
18.445,534.0
18.45,497.0
18.455,508.0
18.459999999999997,487.0
18.465,489.0
18.470000000000002,546.0
18.475,551.0
18.48,566.0
18.485,568.0
18.490000000000002,513.0
18.495,450.0
18.5,449.0
18.505,505.0
18.509999999999998,519.0
18.515,505.0
18.52,511.0
18.525,526.0
18.529999999999998,567.0
18.535,557.0
18.540000000000003,482.0
18.545,465.0
18.55,526.0
18.555,563.0
18.56,553.0
18.565,468.0
18.57,404.0
18.575,406.0
18.58,404.0
18.584999999999997,449.0
18.59,486.0
18.595000000000002,450.0
18.6,433.0
18.605,482.0
18.61,482.0
18.615000000000002,495.0
18.62,508.0
18.625,500.0
18.63,502.0
18.634999999999998,487.0
18.64,469.0
18.645,425.0
18.65,503.0
18.654999999999998,551.0
18.66,476.0
18.665000000000003,445.0
18.67,466.0
18.675,450.0
18.68,414.0
18.685,396.0
18.69,446.0
18.695,505.0
18.7,514.0
18.705,484.0
18.709999999999997,470.0
18.715,443.0
18.720000000000002,425.0
18.725,458.0
18.73,442.0
18.735,412.0
18.740000000000002,404.0
18.745,439.0
18.75,504.0
18.755,595.0
18.759999999999998,604.0
18.765,516.0
18.77,474.0
18.775,476.0
18.779999999999998,442.0
18.785,414.0
18.790000000000003,446.0
18.795,450.0
18.8,468.0
18.805,500.0
18.81,478.0
18.815,524.0
18.82,542.0
18.825,486.0
18.83,495.0
18.834999999999997,508.0
18.84,482.0
18.845000000000002,455.0
18.85,428.0
18.855,418.0
18.86,444.0
18.865000000000002,498.0
18.87,495.0
18.875,489.0
18.88,566.0
18.884999999999998,570.0
18.89,491.0
18.895,454.0
18.9,433.0
18.904999999999998,412.0
18.91,413.0
18.915000000000003,442.0
18.92,500.0
18.925,546.0
18.93,583.0
18.935,571.0
18.94,497.0
18.945,484.0
18.95,542.0
18.955,519.0
18.959999999999997,431.0
18.965,398.0
18.970000000000002,388.0
18.975,458.0
18.98,503.0
18.985,516.0
18.990000000000002,502.0
18.995,519.0
19.0,580.0
19.005,606.0
19.009999999999998,558.0
19.015,489.0
19.02,444.0
19.025,420.0
19.029999999999998,421.0
19.035,431.0
19.040000000000003,399.0
19.045,398.0
19.05,448.0
19.055,488.0
19.06,490.0
19.065,430.0
19.07,415.0
19.075,495.0
19.08,524.0
19.084999999999997,463.0
19.09,412.0
19.095000000000002,447.0
19.1,501.0
19.105,492.0
19.11,479.0
19.115000000000002,530.0
19.12,579.0
19.125,542.0
19.13,486.0
19.134999999999998,468.0
19.14,449.0
19.145,446.0
19.15,474.0
19.154999999999998,471.0
19.16,470.0
19.165000000000003,473.0
19.17,486.0
19.175,546.0
19.18,575.0
19.185,553.0
19.19,513.0
19.195,478.0
19.2,495.0
19.205,502.0
19.209999999999997,510.0
19.215,522.0
19.220000000000002,516.0
19.225,522.0
19.23,506.0
19.235,495.0
19.240000000000002,514.0
19.245,510.0
19.25,505.0
19.255,546.0
19.259999999999998,545.0
19.265,524.0
19.27,486.0
19.275,417.0
19.279999999999998,455.0
19.285,524.0
19.290000000000003,519.0
19.295,577.0
19.3,606.0
19.305,551.0
19.31,527.0
19.315,512.0
19.32,488.0
19.325,514.0
19.33,529.0
19.334999999999997,475.0
19.34,449.0
19.345000000000002,454.0
19.35,507.0
19.355,543.0
19.36,487.0
19.365000000000002,511.0
19.37,568.0
19.375,563.0
19.38,568.0
19.384999999999998,498.0
19.39,447.0
19.395,497.0
19.4,508.0
19.404999999999998,486.0
19.41,497.0
19.415000000000003,538.0
19.42,555.0
19.425,546.0
19.43,518.0
19.435,623.0
19.44,1083.0
19.445,2092.0
19.45,4004.0
19.455,7113.0
19.459999999999997,11900.0
19.465,19529.0
19.470000000000002,31220.0
19.475,46801.0
19.48,66954.0
19.485,91929.0
19.490000000000002,119730.0
19.495,148030.0
19.5,176297.0
19.505,204550.0
19.509999999999998,226390.0
19.515,234866.0
19.52,230167.0
19.525,211735.0
19.529999999999998,181185.0
19.535,147182.0
19.540000000000003,115154.0
19.545,85108.0
19.55,59282.0
19.555,39551.0
19.56,24743.0
19.565,14970.0
19.57,9324.0
19.575,5841.0
19.58,3649.0
19.584999999999997,2329.0
19.59,1716.0
19.595000000000002,1435.0
19.6,1222.0
19.605,1076.0
19.61,1015.0
19.615000000000002,976.0
19.62,924.0
19.625,882.0
19.63,818.0
19.634999999999998,818.0
19.64,862.0
19.645,833.0
19.65,769.0
19.654999999999998,700.0
19.66,656.0
19.665000000000003,631.0
19.67,620.0
19.675,628.0
19.68,598.0
19.685,618.0
19.69,634.0
19.695,562.0
19.7,574.0
19.705,618.0
19.709999999999997,575.0
19.715,604.0
19.720000000000002,617.0
19.725,572.0
19.73,535.0
19.735,506.0
19.740000000000002,487.0
19.745,526.0
19.75,548.0
19.755,553.0
19.759999999999998,583.0
19.765,540.0
19.77,489.0
19.775,475.0
19.779999999999998,468.0
19.785,514.0
19.790000000000003,569.0
19.795,540.0
19.8,490.0
19.805,479.0
19.81,458.0
19.815,475.0
19.82,554.0
19.825,564.0
19.83,537.0
19.834999999999997,558.0
19.84,529.0
19.845000000000002,516.0
19.85,552.0
19.855,549.0
19.86,470.0
19.865000000000002,427.0
19.87,423.0
19.875,457.0
19.88,537.0
19.884999999999998,537.0
19.89,521.0
19.895,498.0
19.9,489.0
19.904999999999998,529.0
19.91,506.0
19.915000000000003,465.0
19.92,532.0
19.925,576.0
19.93,511.0
19.935,388.0
19.94,370.0
19.945,447.0
19.95,510.0
19.955,508.0
19.959999999999997,436.0
19.965,385.0
19.970000000000002,431.0
19.975,527.0
19.98,599.0
19.985,586.0
19.990000000000002,510.0
19.995,468.0
20.0,526.0
20.005,545.0
20.009999999999998,482.0
20.015,446.0
20.02,403.0
20.025,417.0
20.029999999999998,479.0
20.035,516.0
20.040000000000003,537.0
20.045,561.0
20.05,544.0
20.055,490.0
20.06,470.0
20.065,471.0
20.07,516.0
20.075,511.0
20.08,478.0
20.084999999999997,519.0
20.09,506.0
20.095000000000002,426.0
20.1,485.0
20.105,585.0
20.11,563.0
20.115000000000002,559.0
20.12,550.0
20.125,483.0
20.13,449.0
20.134999999999998,430.0
20.14,447.0
20.145,462.0
20.15,457.0
20.154999999999998,517.0
20.16,593.0
20.165000000000003,570.0
20.17,518.0
20.175,538.0
20.18,583.0
20.185,583.0
20.19,524.0
20.195,476.0
20.2,489.0
20.205,542.0
20.209999999999997,560.0
20.215,526.0
20.220000000000002,510.0
20.225,499.0
20.23,465.0
20.235,492.0
20.240000000000002,574.0
20.245,571.0
20.25,551.0
20.255,522.0
20.259999999999998,438.0
20.265,416.0
20.27,430.0
20.275,462.0
20.279999999999998,500.0
20.285,512.0
20.290000000000003,521.0
20.295,519.0
20.3,516.0
20.305,484.0
20.31,473.0
20.315,497.0
20.32,485.0
20.325,458.0
20.33,457.0
20.334999999999997,520.0
20.34,611.0
20.345000000000002,560.0
20.35,409.0
20.355,413.0
20.36,514.0
20.365000000000002,543.0
20.37,550.0
20.375,534.0
20.38,518.0
20.384999999999998,559.0
20.39,570.0
20.395,503.0
20.4,458.0
20.404999999999998,478.0
20.41,482.0
20.415000000000003,497.0
20.42,523.0
20.425,513.0
20.43,468.0
20.435,460.0
20.44,493.0
20.445,460.0
20.45,423.0
20.455,489.0
20.459999999999997,526.0
20.465,442.0
20.470000000000002,441.0
20.475,548.0
20.48,564.0
20.485,477.0
20.490000000000002,454.0
20.495,489.0
20.5,467.0
20.505,462.0
20.509999999999998,444.0
20.515,448.0
20.52,474.0
20.525,426.0
20.529999999999998,447.0
20.535,494.0
20.540000000000003,439.0
20.545,413.0
20.55,488.0
20.555,504.0
20.56,398.0
20.565,383.0
20.57,471.0
20.575,557.0
20.58,526.0
20.584999999999997,430.0
20.59,398.0
20.595000000000002,436.0
20.6,452.0
20.605,426.0
20.61,442.0
20.615000000000002,479.0
20.62,454.0
20.625,468.0
20.63,494.0
20.634999999999998,486.0
20.64,529.0
20.645,578.0
20.65,590.0
20.654999999999998,574.0
20.66,542.0
20.665000000000003,497.0
20.67,461.0
20.675,455.0
20.68,444.0
20.685,476.0
20.69,486.0
20.695,462.0
20.7,466.0
20.705,460.0
20.709999999999997,472.0
20.715,470.0
20.720000000000002,460.0
20.725,516.0
20.73,548.0
20.735,542.0
20.740000000000002,537.0
20.745,570.0
20.75,622.0
20.755,615.0
20.759999999999998,561.0
20.765,479.0
20.77,457.0
20.775,482.0
20.779999999999998,473.0
20.785,470.0
20.790000000000003,455.0
20.795,414.0
20.8,446.0
20.805,508.0
20.81,534.0
20.815,527.0
20.82,466.0
20.825,438.0
20.83,461.0
20.834999999999997,437.0
20.84,423.0
20.845000000000002,452.0
20.85,455.0
20.855,479.0
20.86,514.0
20.865000000000002,520.0
20.87,489.0
20.875,473.0
20.88,467.0
20.884999999999998,460.0
20.89,465.0
20.895,449.0
20.9,418.0
20.904999999999998,423.0
20.91,455.0
20.915000000000003,519.0
20.92,604.0
20.925,590.0
20.93,500.0
20.935,471.0
20.94,500.0
20.945,542.0
20.95,544.0
20.955,492.0
20.959999999999997,452.0
20.965,472.0
20.970000000000002,501.0
20.975,519.0
20.98,557.0
20.985,551.0
20.990000000000002,519.0
20.995,545.0
21.0,511.0
21.005,433.0
21.009999999999998,486.0
21.015,553.0
21.02,559.0
21.025,596.0
21.029999999999998,601.0
21.035,580.0
21.040000000000003,571.0
21.045,570.0
21.05,616.0
21.055,615.0
21.06,546.0
21.065,514.0
21.07,527.0
21.075,555.0
21.08,508.0
21.084999999999997,425.0
21.09,417.0
21.095000000000002,429.0
21.1,458.0
21.105,460.0
21.11,551.0
21.115000000000002,599.0
21.12,475.0
21.125,377.0
21.13,462.0
21.134999999999998,546.0
21.14,508.0
21.145,450.0
21.15,494.0
21.154999999999998,484.0
21.16,487.0
21.165000000000003,508.0
21.17,533.0
21.175,505.0
21.18,482.0
21.185,540.0
21.19,614.0
21.195,598.0
21.2,537.0
21.205,492.0
21.209999999999997,466.0
21.215,482.0
21.220000000000002,470.0
21.225,455.0
21.23,459.0
21.235,463.0
21.240000000000002,463.0
21.245,496.0
21.25,524.0
21.255,520.0
21.259999999999998,543.0
21.265,565.0
21.27,539.0
21.275,468.0
21.279999999999998,433.0
21.285,490.0
21.290000000000003,527.0
21.295,455.0
21.3,394.0
21.305,447.0
21.31,554.0
21.315,607.0
21.32,537.0
21.325,483.0
21.33,484.0
21.334999999999997,474.0
21.34,476.0
21.345000000000002,440.0
21.35,452.0
21.355,580.0
21.36,610.0
21.365000000000002,550.0
21.37,505.0
21.375,489.0
21.38,500.0
21.384999999999998,506.0
21.39,463.0
21.395,407.0
21.4,448.0
21.404999999999998,558.0
21.41,578.0
21.415000000000003,555.0
21.42,497.0
21.425,398.0
21.43,354.0
21.435,364.0
21.44,415.0
21.445,474.0
21.45,490.0
21.455,458.0
21.459999999999997,473.0
21.465,512.0
21.470000000000002,499.0
21.475,473.0
21.48,495.0
21.485,556.0
21.490000000000002,574.0
21.495,546.0
21.5,468.0
21.505,471.0
21.509999999999998,525.0
21.515,482.0
21.52,431.0
21.525,445.0
21.529999999999998,473.0
21.535,490.0
21.540000000000003,508.0
21.545,458.0
21.55,407.0
21.555,449.0
21.56,472.0
21.565,463.0
21.57,470.0
21.575,479.0
21.58,508.0
21.584999999999997,569.0
21.59,641.0
21.595000000000002,613.0
21.6,577.0
21.605,586.0
21.61,588.0
21.615000000000002,532.0
21.62,436.0
21.625,407.0
21.63,486.0
21.634999999999998,562.0
21.64,554.0
21.645,502.0
21.65,521.0
21.654999999999998,560.0
21.66,522.0
21.665000000000003,446.0
21.67,447.0
21.675,474.0
21.68,453.0
21.685,433.0
21.69,449.0
21.695,474.0
21.7,492.0
21.705,520.0
21.709999999999997,554.0
21.715,547.0
21.720000000000002,510.0
21.725,494.0
21.73,479.0
21.735,454.0
21.740000000000002,450.0
21.745,472.0
21.75,508.0
21.755,529.0
21.759999999999998,516.0
21.765,507.0
21.77,503.0
21.775,513.0
21.779999999999998,513.0
21.785,484.0
21.790000000000003,451.0
21.795,406.0
21.8,362.0
21.805,407.0
21.81,488.0
21.815,487.0
21.82,458.0
21.825,476.0
21.83,486.0
21.834999999999997,452.0
21.84,414.0
21.845000000000002,390.0
21.85,418.0
21.855,502.0
21.86,519.0
21.865000000000002,510.0
21.87,538.0
21.875,556.0
21.88,590.0
21.884999999999998,550.0
21.89,442.0
21.895,426.0
21.9,466.0
21.904999999999998,487.0
21.91,486.0
21.915000000000003,519.0
21.92,570.0
21.925,495.0
21.93,382.0
21.935,391.0
21.94,476.0
21.945,518.0
21.95,487.0
21.955,450.0
21.959999999999997,472.0
21.965,475.0
21.970000000000002,457.0
21.975,514.0
21.98,542.0
21.985,515.0
21.990000000000002,515.0
21.995,519.0
22.0,513.0
22.005,538.0
22.009999999999998,561.0
22.015,522.0
22.02,444.0
22.025,441.0
22.029999999999998,506.0
22.035,544.0
22.040000000000003,524.0
22.045,500.0
22.05,478.0
22.055,494.0
22.06,532.0
22.065,508.0
22.07,446.0
22.075,452.0
22.08,484.0
22.084999999999997,455.0
22.09,412.0
22.095000000000002,455.0
22.1,420.0
22.105,410.0
22.11,431.0
22.115000000000002,456.0
22.12,505.0
22.125,530.0
22.13,548.0
22.134999999999998,584.0
22.14,562.0
22.145,482.0
22.15,447.0
22.154999999999998,471.0
22.16,458.0
22.165000000000003,429.0
22.17,453.0
22.175,527.0
22.18,530.0
22.185,476.0
22.19,460.0
22.195,447.0
22.2,448.0
22.205,457.0
22.209999999999997,497.0
22.215,546.0
22.220000000000002,563.0
22.225,551.0
22.23,513.0
22.235,433.0
22.240000000000002,429.0
22.245,517.0
22.25,574.0
22.255,559.0
22.259999999999998,543.0
22.265,534.0
22.27,499.0
22.275,510.0
22.279999999999998,525.0
22.285,495.0
22.290000000000003,458.0
22.295,484.0
22.3,520.0
22.305,513.0
22.31,533.0
22.315,598.0
22.32,577.0
22.325,503.0
22.33,534.0
22.334999999999997,580.0
22.34,515.0
22.345000000000002,414.0
22.35,398.0
22.355,406.0
22.36,409.0
22.365000000000002,480.0
22.37,505.0
22.375,478.0
22.38,498.0
22.384999999999998,497.0
22.39,489.0
22.395,516.0
22.4,522.0
22.404999999999998,474.0
22.41,457.0
22.415000000000003,536.0
22.42,585.0
22.425,567.0
22.43,534.0
22.435,518.0
22.44,486.0
22.445,432.0
22.45,438.0
22.455,476.0
22.459999999999997,490.0
22.465,497.0
22.470000000000002,508.0
22.475,479.0
22.48,433.0
22.485,473.0
22.490000000000002,484.0
22.495,430.0
22.5,441.0
22.505,455.0
22.509999999999998,442.0
22.515,444.0
22.52,445.0
22.525,454.0
22.529999999999998,475.0
22.535,482.0
22.540000000000003,479.0
22.545,479.0
22.55,494.0
22.555,506.0
22.56,525.0
22.565,572.0
22.57,554.0
22.575,473.0
22.58,437.0
22.584999999999997,447.0
22.59,470.0
22.595000000000002,459.0
22.6,423.0
22.605,481.0
22.61,595.0
22.615000000000002,612.0
22.62,542.0
22.625,507.0
22.63,524.0
22.634999999999998,534.0
22.64,569.0
22.645,646.0
22.65,638.0
22.654999999999998,526.0
22.66,441.0
22.665000000000003,430.0
22.67,494.0
22.675,532.0
22.68,508.0
22.685,514.0
22.69,540.0
22.695,542.0
22.7,498.0
22.705,463.0
22.709999999999997,454.0
22.715,435.0
22.720000000000002,434.0
22.725,420.0
22.73,424.0
22.735,500.0
22.740000000000002,529.0
22.745,535.0
22.75,521.0
22.755,510.0
22.759999999999998,482.0
22.765,428.0
22.77,430.0
22.775,455.0
22.779999999999998,454.0
22.785,466.0
22.790000000000003,486.0
22.795,458.0
22.8,475.0
22.805,544.0
22.81,532.0
22.815,502.0
22.82,506.0
22.825,524.0
22.83,574.0
22.834999999999997,546.0
22.84,479.0
22.845000000000002,470.0
22.85,502.0
22.855,508.0
22.86,486.0
22.865000000000002,492.0
22.87,466.0
22.875,458.0
22.88,486.0
22.884999999999998,478.0
22.89,473.0
22.895,478.0
22.9,462.0
22.904999999999998,419.0
22.91,435.0
22.915000000000003,559.0
22.92,623.0
22.925,569.0
22.93,548.0
22.935,545.0
22.94,502.0
22.945,502.0
22.95,474.0
22.955,401.0
22.959999999999997,426.0
22.965,492.0
22.970000000000002,508.0
22.975,470.0
22.98,478.0
22.985,527.0
22.990000000000002,559.0
22.995,556.0
23.0,519.0
23.005,502.0
23.009999999999998,538.0
23.015,519.0
23.02,448.0
23.025,426.0
23.029999999999998,424.0
23.035,453.0
23.040000000000003,513.0
23.045,499.0
23.05,494.0
23.055,490.0
23.06,522.0
23.065,550.0
23.07,524.0
23.075,500.0
23.08,482.0
23.084999999999997,481.0
23.09,494.0
23.095000000000002,510.0
23.1,518.0
23.105,558.0
23.11,598.0
23.115000000000002,558.0
23.12,496.0
23.125,482.0
23.13,492.0
23.134999999999998,471.0
23.14,462.0
23.145,450.0
23.15,464.0
23.154999999999998,489.0
23.16,524.0
23.165000000000003,580.0
23.17,574.0
23.175,558.0
23.18,558.0
23.185,530.0
23.19,484.0
23.195,481.0
23.2,478.0
23.205,488.0
23.209999999999997,494.0
23.215,466.0
23.220000000000002,478.0
23.225,499.0
23.23,502.0
23.235,503.0
23.240000000000002,476.0
23.245,514.0
23.25,561.0
23.255,527.0
23.259999999999998,506.0
23.265,492.0
23.27,474.0
23.275,441.0
23.279999999999998,454.0
23.285,538.0
23.290000000000003,540.0
23.295,518.0
23.3,529.0
23.305,492.0
23.31,463.0
23.315,482.0
23.32,474.0
23.325,438.0
23.33,478.0
23.334999999999997,496.0
23.34,486.0
23.345000000000002,513.0
23.35,556.0
23.355,550.0
23.36,558.0
23.365000000000002,566.0
23.37,508.0
23.375,465.0
23.38,529.0
23.384999999999998,599.0
23.39,641.0
23.395,639.0
23.4,537.0
23.404999999999998,506.0
23.41,548.0
23.415000000000003,539.0
23.42,504.0
23.425,473.0
23.43,473.0
23.435,415.0
23.44,399.0
23.445,426.0
23.45,446.0
23.455,494.0
23.459999999999997,512.0
23.465,468.0
23.470000000000002,440.0
23.475,402.0
23.48,372.0
23.485,464.0
23.490000000000002,545.0
23.495,516.0
23.5,478.0
23.505,543.0
23.509999999999998,553.0
23.515,466.0
23.52,410.0
23.525,415.0
23.529999999999998,457.0
23.535,459.0
23.540000000000003,434.0
23.545,426.0
23.55,444.0
23.555,477.0
23.56,522.0
23.565,532.0
23.57,521.0
23.575,486.0
23.58,524.0
23.584999999999997,572.0
23.59,535.0
23.595000000000002,499.0
23.6,491.0
23.605,482.0
23.61,450.0
23.615000000000002,473.0
23.62,440.0
23.625,391.0
23.63,508.0
23.634999999999998,615.0
23.64,563.0
23.645,458.0
23.65,422.0
23.654999999999998,452.0
23.66,487.0
23.665000000000003,484.0
23.67,460.0
23.675,484.0
23.68,528.0
23.685,515.0
23.69,495.0
23.695,538.0
23.7,577.0
23.705,554.0
23.709999999999997,502.0
23.715,716.0
23.720000000000002,1313.0
23.725,2530.0
23.73,4777.0
23.735,8569.0
23.740000000000002,13951.0
23.745,21478.0
23.75,32766.0
23.755,48489.0
23.759999999999998,69145.0
23.765,94631.0
23.77,122126.0
23.775,149959.0
23.779999999999998,177241.0
23.785,202094.0
23.790000000000003,222447.0
23.795,234585.0
23.8,236212.0
23.805,224983.0
23.81,199945.0
23.815,166529.0
23.82,130332.0
23.825,95910.0
23.83,66954.0
23.834999999999997,43844.0
23.84,27114.0
23.845000000000002,16943.0
23.85,10847.0
23.855,6908.0
23.86,4527.0
23.865000000000002,3126.0
23.87,2450.0
23.875,2062.0
23.88,1694.0
23.884999999999998,1502.0
23.89,1412.0
23.895,1294.0
23.9,1295.0
23.904999999999998,1310.0
23.91,1220.0
23.915000000000003,1185.0
23.92,1180.0
23.925,1115.0
23.93,1089.0
23.935,1071.0
23.94,1017.0
23.945,953.0
23.95,927.0
23.955,975.0
23.959999999999997,1007.0
23.965,962.0
23.970000000000002,827.0
23.975,727.0
23.98,700.0
23.985,740.0
23.990000000000002,762.0
23.995,691.0
24.0,636.0
24.005,576.0
24.009999999999998,564.0
24.015,586.0
24.02,596.0
24.025,615.0
24.029999999999998,689.0
24.035,561.0
24.040000000000003,562.0
24.045,521.0
24.05,506.0
24.055,466.0
24.06,489.0
24.065,486.0
24.07,462.0
24.075,506.0
24.08,534.0
24.084999999999997,508.0
24.09,533.0
24.095000000000002,556.0
24.1,509.0
24.105,501.0
24.11,431.0
24.115000000000002,479.0
24.12,524.0
24.125,535.0
24.13,530.0
24.134999999999998,500.0
24.14,470.0
24.145,468.0
24.15,481.0
24.154999999999998,481.0
24.16,433.0
24.165000000000003,449.0
24.17,522.0
24.175,530.0
24.18,558.0
24.185,546.0
24.19,513.0
24.195,516.0
24.2,483.0
24.205,458.0
24.209999999999997,481.0
24.215,454.0
24.220000000000002,422.0
24.225,447.0
24.23,486.0
24.235,488.0
24.240000000000002,444.0
24.245,448.0
24.25,505.0
24.255,519.0
24.259999999999998,488.0
24.265,495.0
24.27,530.0
24.275,527.0
24.279999999999998,518.0
24.285,523.0
24.290000000000003,570.0
24.295,556.0
24.3,482.0
24.305,515.0
24.31,574.0
24.315,538.0
24.32,506.0
24.325,490.0
24.33,454.0
24.334999999999997,503.0
24.34,531.0
24.345000000000002,404.0
24.35,422.0
24.355,449.0
24.36,438.0
24.365000000000002,491.0
24.37,497.0
24.375,545.0
24.38,587.0
24.384999999999998,566.0
24.39,597.0
24.395,595.0
24.4,530.0
24.404999999999998,465.0
24.41,489.0
24.415000000000003,551.0
24.42,586.0
24.425,582.0
24.43,531.0
24.435,538.0
24.44,567.0
24.445,544.0
24.45,509.0
24.455,502.0
24.459999999999997,511.0
24.465,525.0
24.470000000000002,479.0
24.475,415.0
24.48,458.0
24.485,526.0
24.490000000000002,578.0
24.495,587.0
24.5,543.0
24.505,507.0
24.509999999999998,500.0
24.515,505.0
24.52,519.0
24.525,460.0
24.529999999999998,431.0
24.535,494.0
24.540000000000003,545.0
24.545,506.0
24.55,467.0
24.555,467.0
24.56,482.0
24.565,522.0
24.57,577.0
24.575,599.0
24.58,560.0
24.584999999999997,487.0
24.59,449.0
24.595000000000002,459.0
24.6,484.0
24.605,431.0
24.61,442.0
24.615000000000002,473.0
24.62,482.0
24.625,516.0
24.63,521.0
24.634999999999998,492.0
24.64,469.0
24.645,500.0
24.65,530.0
24.654999999999998,487.0
24.66,497.0
24.665000000000003,503.0
24.67,514.0
24.675,558.0
24.68,623.0
24.685,594.0
24.69,497.0
24.695,462.0
24.7,470.0
24.705,459.0
24.709999999999997,447.0
24.715,446.0
24.720000000000002,508.0
24.725,573.0
24.73,513.0
24.735,441.0
24.740000000000002,466.0
24.745,455.0
24.75,418.0
24.755,466.0
24.759999999999998,478.0
24.765,460.0
24.77,467.0
24.775,489.0
24.779999999999998,521.0
24.785,550.0
24.790000000000003,530.0
24.795,479.0
24.8,438.0
24.805,412.0
24.81,388.0
24.815,399.0
24.82,422.0
24.825,446.0
24.83,434.0
24.834999999999997,466.0
24.84,511.0
24.845000000000002,497.0
24.85,472.0
24.855,441.0
24.86,436.0
24.865000000000002,505.0
24.87,527.0
24.875,460.0
24.88,454.0
24.884999999999998,486.0
24.89,457.0
24.895,402.0
24.9,425.0
24.904999999999998,521.0
24.91,575.0
24.915000000000003,586.0
24.92,567.0
24.925,510.0
24.93,489.0
24.935,520.0
24.94,532.0
24.945,474.0
24.95,433.0
24.955,444.0
24.959999999999997,446.0
24.965,473.0
24.970000000000002,502.0
24.975,442.0
24.98,439.0
24.985,509.0
24.990000000000002,503.0
24.995,485.0
25.0,502.0
25.005,487.0
25.009999999999998,468.0
25.015,463.0
25.02,460.0
25.025,468.0
25.029999999999998,468.0
25.035,466.0
25.040000000000003,462.0
25.045,452.0
25.05,418.0
25.055,392.0
25.06,398.0
25.065,406.0
25.07,423.0
25.075,473.0
25.08,482.0
25.084999999999997,478.0
25.09,437.0
25.095000000000002,442.0
25.1,465.0
25.105,463.0
25.11,481.0
25.115000000000002,494.0
25.12,492.0
25.125,497.0
25.13,480.0
25.134999999999998,457.0
25.14,449.0
25.145,488.0
25.15,560.0
25.154999999999998,565.0
25.16,532.0
25.165000000000003,500.0
25.17,473.0
25.175,519.0
25.18,519.0
25.185,428.0
25.19,438.0
25.195,513.0
25.2,505.0
25.205,486.0
25.209999999999997,478.0
25.215,444.0
25.220000000000002,456.0
25.225,511.0
25.23,524.0
25.235,502.0
25.240000000000002,495.0
25.245,489.0
25.25,475.0
25.255,421.0
25.259999999999998,393.0
25.265,470.0
25.27,540.0
25.275,502.0
25.279999999999998,438.0
25.285,466.0
25.290000000000003,481.0
25.295,398.0
25.3,420.0
25.305,495.0
25.31,532.0
25.315,542.0
25.32,524.0
25.325,508.0
25.33,446.0
25.334999999999997,482.0
25.34,545.0
25.345000000000002,516.0
25.35,449.0
25.355,479.0
25.36,511.0
25.365000000000002,470.0
25.37,413.0
25.375,408.0
25.38,416.0
25.384999999999998,420.0
25.39,434.0
25.395,449.0
25.4,458.0
25.404999999999998,463.0
25.41,505.0
25.415000000000003,516.0
25.42,437.0
25.425,431.0
25.43,478.0
25.435,481.0
25.44,455.0
25.445,471.0
25.45,468.0
25.455,403.0
25.459999999999997,399.0
25.465,415.0
25.470000000000002,432.0
25.475,455.0
25.48,450.0
25.485,409.0
25.490000000000002,393.0
25.495,458.0
25.5,557.0
25.505,577.0
25.509999999999998,522.0
25.515,508.0
25.52,514.0
25.525,474.0
25.529999999999998,454.0
25.535,463.0
25.540000000000003,482.0
25.545,518.0
25.55,528.0
25.555,521.0
25.56,551.0
25.565,534.0
25.57,489.0
25.575,495.0
25.58,490.0
25.584999999999997,475.0
25.59,420.0
25.595000000000002,386.0
25.6,474.0
25.605,514.0
25.61,488.0
25.615000000000002,498.0
25.62,447.0
25.625,393.0
25.63,428.0
25.634999999999998,416.0
25.64,420.0
25.645,458.0
25.65,446.0
25.654999999999998,462.0
25.66,513.0
25.665000000000003,585.0
25.67,577.0
25.675,440.0
25.68,375.0
25.685,420.0
25.69,422.0
25.695,432.0
25.7,410.0
25.705,416.0
25.709999999999997,433.0
25.715,458.0
25.720000000000002,481.0
25.725,450.0
25.73,431.0
25.735,470.0
25.740000000000002,521.0
25.745,516.0
25.75,515.0
25.755,497.0
25.759999999999998,481.0
25.765,458.0
25.77,501.0
25.775,577.0
25.779999999999998,605.0
25.785,601.0
25.790000000000003,580.0
25.795,500.0
25.8,465.0
25.805,487.0
25.81,506.0
25.815,546.0
25.82,494.0
25.825,401.0
25.83,394.0
25.834999999999997,438.0
25.84,468.0
25.845000000000002,484.0
25.85,499.0
25.855,497.0
25.86,527.0
25.865000000000002,534.0
25.87,513.0
25.875,548.0
25.88,542.0
25.884999999999998,529.0
25.89,505.0
25.895,510.0
25.9,534.0
25.904999999999998,473.0
25.91,453.0
25.915000000000003,454.0
25.92,460.0
25.925,436.0
25.93,434.0
25.935,434.0
25.94,450.0
25.945,479.0
25.95,510.0
25.955,510.0
25.959999999999997,466.0
25.965,434.0
25.970000000000002,446.0
25.975,491.0
25.98,530.0
25.985,530.0
25.990000000000002,526.0
25.995,479.0
26.0,483.0
26.005,529.0
26.009999999999998,519.0
26.015,490.0
26.02,498.0
26.025,522.0
26.029999999999998,494.0
26.035,506.0
26.040000000000003,552.0
26.045,473.0
26.05,398.0
26.055,452.0
26.06,532.0
26.065,540.0
26.07,498.0
26.075,464.0
26.08,455.0
26.084999999999997,478.0
26.09,528.0
26.095000000000002,522.0
26.1,468.0
26.105,444.0
26.11,444.0
26.115000000000002,442.0
26.12,415.0
26.125,439.0
26.13,501.0
26.134999999999998,492.0
26.14,415.0
26.145,434.0
26.15,538.0
26.154999999999998,532.0
26.16,480.0
26.165000000000003,508.0
26.17,583.0
26.175,567.0
26.18,474.0
26.185,394.0
26.19,380.0
26.195,442.0
26.2,492.0
26.205,452.0
26.209999999999997,430.0
26.215,478.0
26.220000000000002,473.0
26.225,407.0
26.23,391.0
26.235,471.0
26.240000000000002,519.0
26.245,510.0
26.25,473.0
26.255,474.0
26.259999999999998,496.0
26.265,511.0
26.27,542.0
26.275,524.0
26.279999999999998,458.0
26.285,455.0
26.290000000000003,500.0
26.295,462.0
26.3,402.0
26.305,415.0
26.31,472.0
26.315,501.0
26.32,495.0
26.325,518.0
26.33,531.0
26.334999999999997,442.0
26.34,409.0
26.345000000000002,479.0
26.35,543.0
26.355,534.0
26.36,425.0
26.365000000000002,382.0
26.37,390.0
26.375,405.0
26.38,414.0
26.384999999999998,402.0
26.39,468.0
26.395,520.0
26.4,508.0
26.404999999999998,466.0
26.41,490.0
26.415000000000003,495.0
26.42,453.0
26.425,425.0
26.43,429.0
26.435,519.0
26.44,605.0
26.445,602.0
26.45,555.0
26.455,519.0
26.459999999999997,542.0
26.465,568.0
26.470000000000002,535.0
26.475,451.0
26.48,399.0
26.485,447.0
26.490000000000002,478.0
26.495,492.0
26.5,522.0
26.505,514.0
26.509999999999998,490.0
26.515,505.0
26.52,465.0
26.525,484.0
26.529999999999998,653.0
26.535,810.0
26.540000000000003,955.0
26.545,1121.0
26.55,1203.0
26.555,1228.0
26.56,1235.0
26.565,1093.0
26.57,947.0
26.575,905.0
26.58,766.0
26.584999999999997,521.0
26.59,474.0
26.595000000000002,484.0
26.6,540.0
26.605,551.0
26.61,529.0
26.615000000000002,503.0
26.62,506.0
26.625,510.0
26.63,460.0
26.634999999999998,423.0
26.64,445.0
26.645,510.0
26.65,555.0
26.654999999999998,537.0
26.66,483.0
26.665000000000003,473.0
26.67,489.0
26.675,489.0
26.68,473.0
26.685,470.0
26.69,525.0
26.695,505.0
26.7,421.0
26.705,438.0
26.709999999999997,474.0
26.715,487.0
26.720000000000002,550.0
26.725,580.0
26.73,525.0
26.735,447.0
26.740000000000002,434.0
26.745,460.0
26.75,503.0
26.755,497.0
26.759999999999998,480.0
26.765,541.0
26.77,554.0
26.775,488.0
26.779999999999998,480.0
26.785,540.0
26.790000000000003,576.0
26.795,576.0
26.8,553.0
26.805,548.0
26.81,518.0
26.815,503.0
26.82,534.0
26.825,452.0
26.83,394.0
26.834999999999997,402.0
26.84,362.0
26.845000000000002,398.0
26.85,471.0
26.855,494.0
26.86,492.0
26.865000000000002,468.0
26.87,422.0
26.875,397.0
26.88,452.0
26.884999999999998,507.0
26.89,502.0
26.895,488.0
26.9,532.0
26.904999999999998,569.0
26.91,540.0
26.915000000000003,500.0
26.92,456.0
26.925,442.0
26.93,465.0
26.935,491.0
26.94,514.0
26.945,620.0
26.95,663.0
26.955,612.0
26.959999999999997,537.0
26.965,508.0
26.970000000000002,473.0
26.975,471.0
26.98,508.0
26.985,511.0
26.990000000000002,494.0
26.995,518.0
27.0,582.0
27.005,570.0
27.009999999999998,508.0
27.015,508.0
27.02,508.0
27.025,478.0
27.029999999999998,458.0
27.035,481.0
27.040000000000003,522.0
27.045,542.0
27.05,508.0
27.055,471.0
27.06,487.0
27.065,506.0
27.07,508.0
27.075,496.0
27.08,484.0
27.084999999999997,454.0
27.09,371.0
27.095000000000002,380.0
27.1,493.0
27.105,502.0
27.11,440.0
27.115000000000002,449.0
27.12,474.0
27.125,449.0
27.13,399.0
27.134999999999998,386.0
27.14,399.0
27.145,439.0
27.15,482.0
27.154999999999998,497.0
27.16,512.0
27.165000000000003,516.0
27.17,487.0
27.175,455.0
27.18,514.0
27.185,577.0
27.19,541.0
27.195,457.0
27.2,406.0
27.205,395.0
27.209999999999997,449.0
27.215,494.0
27.220000000000002,500.0
27.225,512.0
27.23,538.0
27.235,524.0
27.240000000000002,476.0
27.245,489.0
27.25,509.0
27.255,482.0
27.259999999999998,467.0
27.265,495.0
27.27,590.0
27.275,670.0
27.279999999999998,588.0
27.285,541.0
27.290000000000003,594.0
27.295,549.0
27.3,472.0
27.305,484.0
27.31,462.0
27.315,393.0
27.32,436.0
27.325,546.0
27.33,652.0
27.334999999999997,649.0
27.34,526.0
27.345000000000002,510.0
27.35,550.0
27.355,541.0
27.36,534.0
27.365000000000002,577.0
27.37,580.0
27.375,505.0
27.38,484.0
27.384999999999998,522.0
27.39,534.0
27.395,492.0
27.4,444.0
27.404999999999998,443.0
27.41,460.0
27.415000000000003,497.0
27.42,508.0
27.425,500.0
27.43,470.0
27.435,494.0
27.44,535.0
27.445,518.0
27.45,508.0
27.455,493.0
27.459999999999997,487.0
27.465,551.0
27.470000000000002,573.0
27.475,510.0
27.48,489.0
27.485,505.0
27.490000000000002,483.0
27.495,482.0
27.5,532.0
27.505,543.0
27.509999999999998,527.0
27.515,509.0
27.52,514.0
27.525,570.0
27.529999999999998,502.0
27.535,449.0
27.540000000000003,491.0
27.545,504.0
27.55,486.0
27.555,434.0
27.56,434.0
27.565,500.0
27.57,535.0
27.575,487.0
27.58,442.0
27.584999999999997,476.0
27.59,513.0
27.595000000000002,515.0
27.6,544.0
27.605,486.0
27.61,414.0
27.615000000000002,425.0
27.62,460.0
27.625,502.0
27.63,521.0
27.634999999999998,529.0
27.64,580.0
27.645,586.0
27.65,500.0
27.654999999999998,431.0
27.66,455.0
27.665000000000003,503.0
27.67,543.0
27.675,554.0
27.68,545.0
27.685,559.0
27.69,527.0
27.695,428.0
27.7,444.0
27.705,511.0
27.709999999999997,503.0
27.715,488.0
27.720000000000002,476.0
27.725,414.0
27.73,441.0
27.735,558.0
27.740000000000002,606.0
27.745,599.0
27.75,508.0
27.755,454.0
27.759999999999998,498.0
27.765,514.0
27.77,503.0
27.775,470.0
27.779999999999998,463.0
27.785,455.0
27.790000000000003,414.0
27.795,439.0
27.8,459.0
27.805,462.0
27.81,443.0
27.815,477.0
27.82,544.0
27.825,525.0
27.83,735.0
27.834999999999997,1266.0
27.84,2017.0
27.845000000000002,3373.0
27.85,6000.0
27.855,9999.0
27.86,16577.0
27.865000000000002,25830.0
27.87,38646.0
27.875,55929.0
27.88,77674.0
27.884999999999998,102988.0
27.89,129895.0
27.895,157994.0
27.9,186495.0
27.904999999999998,209958.0
27.91,226002.0
27.915000000000003,230609.0
27.92,229250.0
27.925,215367.0
27.93,188711.0
27.935,156513.0
27.94,124314.0
27.945,92854.0
27.95,65121.0
27.955,43878.0
27.959999999999997,28521.0
27.965,17972.0
27.970000000000002,11126.0
27.975,7215.0
27.98,5146.0
27.985,4030.0
27.990000000000002,3372.0
27.995,2783.0
28.0,2382.0
28.005,2078.0
28.009999999999998,1857.0
28.015,1797.0
28.02,1745.0
28.025,1569.0
28.029999999999998,1353.0
28.035,1260.0
28.040000000000003,1276.0
28.045,1289.0
28.05,1316.0
28.055,1218.0
28.06,1049.0
28.065,986.0
28.07,1001.0
28.075,924.0
28.08,990.0
28.084999999999997,854.0
28.09,909.0
28.095000000000002,778.0
28.1,657.0
28.105,609.0
28.11,596.0
28.115000000000002,601.0
28.12,538.0
28.125,529.0
28.13,654.0
28.134999999999998,649.0
28.14,518.0
28.145,505.0
28.15,586.0
28.154999999999998,566.0
28.16,511.0
28.165000000000003,517.0
28.17,538.0
28.175,511.0
28.18,497.0
28.185,474.0
28.19,554.0
28.195,548.0
28.2,481.0
28.205,486.0
28.209999999999997,542.0
28.215,543.0
28.220000000000002,522.0
28.225,545.0
28.23,512.0
28.235,489.0
28.240000000000002,535.0
28.245,510.0
28.25,500.0
28.255,529.0
28.259999999999998,476.0
28.265,456.0
28.27,492.0
28.275,506.0
28.279999999999998,555.0
28.285,583.0
28.290000000000003,500.0
28.295,498.0
28.3,551.0
28.305,538.0
28.31,544.0
28.315,492.0
28.32,468.0
28.325,516.0
28.33,541.0
28.334999999999997,506.0
28.34,473.0
28.345000000000002,478.0
28.35,495.0
28.355,530.0
28.36,558.0
28.365000000000002,536.0
28.37,503.0
28.375,471.0
28.38,498.0
28.384999999999998,514.0
28.39,505.0
28.395,566.0
28.4,591.0
28.404999999999998,514.0
28.41,511.0
28.415000000000003,623.0
28.42,636.0
28.425,503.0
28.43,481.0
28.435,470.0
28.44,431.0
28.445,494.0
28.45,572.0
28.455,535.0
28.459999999999997,458.0
28.465,418.0
28.470000000000002,423.0
28.475,459.0
28.48,441.0
28.485,438.0
28.490000000000002,482.0
28.495,520.0
28.5,511.0
28.505,490.0
28.509999999999998,476.0
28.515,492.0
28.52,527.0
28.525,534.0
28.529999999999998,500.0
28.535,496.0
28.540000000000003,487.0
28.545,423.0
28.55,394.0
28.555,422.0
28.56,417.0
28.565,443.0
28.57,498.0
28.575,546.0
28.58,590.0
28.584999999999997,542.0
28.59,505.0
28.595000000000002,543.0
28.6,572.0
28.605,572.0
28.61,541.0
28.615000000000002,502.0
28.62,487.0
28.625,522.0
28.63,519.0
28.634999999999998,516.0
28.64,550.0
28.645,544.0
28.65,532.0
28.654999999999998,530.0
28.66,526.0
28.665000000000003,535.0
28.67,548.0
28.675,552.0
28.68,534.0
28.685,501.0
28.69,474.0
28.695,444.0
28.7,481.0
28.705,550.0
28.709999999999997,549.0
28.715,529.0
28.720000000000002,562.0
28.725,556.0
28.73,548.0
28.735,577.0
28.740000000000002,569.0
28.745,535.0
28.75,523.0
28.755,486.0
28.759999999999998,490.0
28.765,545.0
28.77,551.0
28.775,519.0
28.779999999999998,502.0
28.785,496.0
28.790000000000003,509.0
28.795,504.0
28.8,479.0
28.805,498.0
28.81,490.0
28.815,441.0
28.82,442.0
28.825,500.0
28.83,497.0
28.834999999999997,416.0
28.84,389.0
28.845000000000002,457.0
28.85,500.0
28.855,495.0
28.86,478.0
28.865000000000002,506.0
28.87,574.0
28.875,616.0
28.88,594.0
28.884999999999998,526.0
28.89,463.0
28.895,487.0
28.9,502.0
28.904999999999998,456.0
28.91,465.0
28.915000000000003,449.0
28.92,445.0
28.925,465.0
28.93,466.0
28.935,502.0
28.94,463.0
28.945,414.0
28.95,479.0
28.955,548.0
28.959999999999997,519.0
28.965,481.0
28.970000000000002,472.0
28.975,479.0
28.98,514.0
28.985,528.0
28.990000000000002,517.0
28.995,494.0
29.0,521.0
29.005,507.0
29.009999999999998,514.0
29.015,543.0
29.02,491.0
29.025,417.0
29.029999999999998,445.0
29.035,441.0
29.040000000000003,465.0
29.045,488.0
29.05,526.0
29.055,538.0
29.06,511.0
29.065,504.0
29.07,539.0
29.075,527.0
29.08,532.0
29.084999999999997,585.0
29.09,575.0
29.095000000000002,537.0
29.1,516.0
29.105,474.0
29.11,449.0
29.115000000000002,471.0
29.12,448.0
29.125,427.0
29.13,491.0
29.134999999999998,527.0
29.14,503.0
29.145,506.0
29.15,537.0
29.154999999999998,535.0
29.16,465.0
29.165000000000003,447.0
29.17,494.0
29.175,482.0
29.18,437.0
29.185,433.0
29.19,487.0
29.195,560.0
29.2,550.0
29.205,528.0
29.209999999999997,512.0
29.215,496.0
29.220000000000002,481.0
29.225,464.0
29.23,427.0
29.235,440.0
29.240000000000002,482.0
29.245,433.0
29.25,446.0
29.255,478.0
29.259999999999998,437.0
29.265,433.0
29.27,467.0
29.275,561.0
29.279999999999998,639.0
29.285,543.0
29.290000000000003,433.0
29.295,454.0
29.3,510.0
29.305,490.0
29.31,499.0
29.315,487.0
29.32,455.0
29.325,468.0
29.33,477.0
29.334999999999997,502.0
29.34,551.0
29.345000000000002,544.0
29.35,492.0
29.355,469.0
29.36,506.0
29.365000000000002,519.0
29.37,514.0
29.375,521.0
29.38,526.0
29.384999999999998,575.0
29.39,582.0
29.395,528.0
29.4,464.0
29.404999999999998,454.0
29.41,482.0
29.415000000000003,502.0
29.42,526.0
29.425,493.0
29.43,483.0
29.435,517.0
29.44,526.0
29.445,572.0
29.45,564.0
29.455,519.0
29.459999999999997,514.0
29.465,547.0
29.470000000000002,543.0
29.475,502.0
29.48,458.0
29.485,474.0
29.490000000000002,543.0
29.495,534.0
29.5,481.0
29.505,502.0
29.509999999999998,526.0
29.515,506.0
29.52,497.0
29.525,542.0
29.529999999999998,554.0
29.535,513.0
29.540000000000003,486.0
29.545,486.0
29.55,521.0
29.555,538.0
29.56,488.0
29.565,454.0
29.57,474.0
29.575,468.0
29.58,455.0
29.584999999999997,506.0
29.59,547.0
29.595000000000002,495.0
29.6,511.0
29.605,503.0
29.61,492.0
29.615000000000002,492.0
29.62,473.0
29.625,458.0
29.63,449.0
29.634999999999998,479.0
29.64,481.0
29.645,433.0
29.65,378.0
29.654999999999998,446.0
29.66,598.0
29.665000000000003,631.0
29.67,540.0
29.675,495.0
29.68,508.0
29.685,490.0
29.69,435.0
29.695,402.0
29.7,514.0
29.705,588.0
29.709999999999997,558.0
29.715,540.0
29.720000000000002,531.0
29.725,487.0
29.73,458.0
29.735,462.0
29.740000000000002,510.0
29.745,567.0
29.75,502.0
29.755,441.0
29.759999999999998,495.0
29.765,551.0
29.77,534.0
29.775,503.0
29.779999999999998,503.0
29.785,489.0
29.790000000000003,446.0
29.795,423.0
29.8,430.0
29.805,465.0
29.81,542.0
29.815,608.0
29.82,606.0
29.825,561.0
29.83,543.0
29.834999999999997,528.0
29.84,553.0
29.845000000000002,518.0
29.85,564.0
29.855,575.0
29.86,557.0
29.865000000000002,502.0
29.87,449.0
29.875,465.0
29.88,492.0
29.884999999999998,465.0
29.89,482.0
29.895,561.0
29.9,543.0
29.904999999999998,489.0
29.91,544.0
29.915000000000003,551.0
29.92,484.0
29.925,494.0
29.93,476.0
29.935,473.0
29.94,473.0
29.945,439.0
29.95,449.0
29.955,463.0
29.959999999999997,435.0
29.965,436.0
29.970000000000002,500.0
29.975,523.0
29.98,534.0
29.985,522.0
29.990000000000002,470.0
29.995,452.0
30.0,459.0
30.005,455.0
30.009999999999998,490.0
30.015,475.0
30.02,482.0
30.025,468.0
30.029999999999998,434.0
30.035,438.0
30.040000000000003,454.0
30.045,466.0
30.05,450.0
30.055,458.0
30.06,487.0
30.065,505.0
30.07,494.0
30.075,450.0
30.08,426.0
30.084999999999997,449.0
30.09,474.0
30.095000000000002,579.0
30.1,601.0
30.105,511.0
30.11,536.0
30.115000000000002,680.0
30.12,687.0
30.125,591.0
30.13,510.0
30.134999999999998,491.0
30.14,498.0
30.145,447.0
30.15,428.0
30.154999999999998,487.0
30.16,527.0
30.165000000000003,508.0
30.17,439.0
30.175,414.0
30.18,398.0
30.185,406.0
30.19,402.0
30.195,461.0
30.2,529.0
30.205,586.0
30.209999999999997,561.0
30.215,498.0
30.220000000000002,447.0
30.225,470.0
30.23,541.0
30.235,546.0
30.240000000000002,489.0
30.245,483.0
30.25,487.0
30.255,460.0
30.259999999999998,474.0
30.265,498.0
30.27,471.0
30.275,465.0
30.279999999999998,514.0
30.285,502.0
30.290000000000003,462.0
30.295,494.0
30.3,519.0
30.305,546.0
30.31,558.0
30.315,503.0
30.32,524.0
30.325,620.0
30.33,582.0
30.334999999999997,454.0
30.34,410.0
30.345000000000002,460.0
30.35,528.0
30.355,583.0
30.36,630.0
30.365000000000002,609.0
30.37,505.0
30.375,458.0
30.38,495.0
30.384999999999998,534.0
30.39,548.0
30.395,545.0
30.4,567.0
30.404999999999998,544.0
30.41,504.0
30.415000000000003,530.0
30.42,526.0
30.425,505.0
30.43,507.0
30.435,531.0
30.44,516.0
30.445,463.0
30.45,478.0
30.455,521.0
30.459999999999997,510.0
30.465,494.0
30.470000000000002,464.0
30.475,410.0
30.48,441.0
30.485,535.0
30.490000000000002,545.0
30.495,487.0
30.5,497.0
30.505,535.0
30.509999999999998,509.0
30.515,479.0
30.52,486.0
30.525,460.0
30.529999999999998,456.0
30.535,502.0
30.540000000000003,526.0
30.545,520.0
30.55,486.0
30.555,484.0
30.56,511.0
30.565,510.0
30.57,519.0
30.575,531.0
30.58,476.0
30.584999999999997,442.0
30.59,462.0
30.595000000000002,489.0
30.6,551.0
30.605,569.0
30.61,511.0
30.615000000000002,442.0
30.62,436.0
30.625,444.0
30.63,444.0
30.634999999999998,490.0
30.64,506.0
30.645,449.0
30.65,420.0
30.654999999999998,543.0
30.66,673.0
30.665000000000003,754.0
30.67,791.0
30.675,917.0
30.68,961.0
30.685,820.0
30.69,754.0
30.695,714.0
30.7,596.0
30.705,529.0
30.709999999999997,530.0
30.715,567.0
30.720000000000002,543.0
30.725,526.0
30.73,491.0
30.735,405.0
30.740000000000002,404.0
30.745,415.0
30.75,438.0
30.755,473.0
30.759999999999998,489.0
30.765,502.0
30.77,511.0
30.775,491.0
30.779999999999998,452.0
30.785,455.0
30.790000000000003,526.0
30.795,576.0
30.8,530.0
30.805,419.0
30.81,474.0
30.815,471.0
30.82,527.0
30.825,473.0
30.83,410.0
30.834999999999997,441.0
30.84,490.0
30.845000000000002,468.0
30.85,504.0
30.855,564.0
30.86,609.0
30.865000000000002,615.0
30.87,566.0
30.875,463.0
30.88,401.0
30.884999999999998,420.0
30.89,450.0
30.895,471.0
30.9,505.0
30.904999999999998,569.0
30.91,597.0
30.915000000000003,537.0
30.92,520.0
30.925,529.0
30.93,481.0
30.935,463.0
30.94,482.0
30.945,492.0
30.95,552.0
30.955,548.0
30.959999999999997,446.0
30.965,466.0
30.970000000000002,537.0
30.975,513.0
30.98,506.0
30.985,566.0
30.990000000000002,592.0
30.995,554.0
31.0,527.0
31.005,519.0
31.009999999999998,498.0
31.015,490.0
31.02,479.0
31.025,491.0
31.029999999999998,519.0
31.035,489.0
31.040000000000003,442.0
31.045,426.0
31.05,465.0
31.055,562.0
31.06,606.0
31.065,526.0
31.07,444.0
31.075,468.0
31.08,517.0
31.084999999999997,503.0
31.09,459.0
31.095000000000002,462.0
31.1,474.0
31.105,497.0
31.11,511.0
31.115000000000002,505.0
31.12,498.0
31.125,474.0
31.13,482.0
31.134999999999998,476.0
31.14,444.0
31.145,468.0
31.15,498.0
31.154999999999998,513.0
31.16,538.0
31.165000000000003,536.0
31.17,496.0
31.175,486.0
31.18,529.0
31.185,569.0
31.19,541.0
31.195,470.0
31.2,402.0
31.205,407.0
31.209999999999997,474.0
31.215,480.0
31.220000000000002,450.0
31.225,468.0
31.23,476.0
31.235,458.0
31.240000000000002,463.0
31.245,463.0
31.25,457.0
31.255,436.0
31.259999999999998,478.0
31.265,557.0
31.27,518.0
31.275,446.0
31.279999999999998,468.0
31.285,482.0
31.290000000000003,482.0
31.295,524.0
31.3,559.0
31.305,556.0
31.31,529.0
31.315,502.0
31.32,512.0
31.325,454.0
31.33,420.0
31.334999999999997,401.0
31.34,417.0
31.345000000000002,447.0
31.35,470.0
31.355,415.0
31.36,419.0
31.365000000000002,507.0
31.37,559.0
31.375,504.0
31.38,427.0
31.384999999999998,407.0
31.39,414.0
31.395,444.0
31.4,487.0
31.404999999999998,426.0
31.41,425.0
31.415000000000003,485.0
31.42,505.0
31.425,535.0
31.43,549.0
31.435,478.0
31.44,440.0
31.445,450.0
31.45,463.0
31.455,452.0
31.459999999999997,425.0
31.465,426.0
31.470000000000002,506.0
31.475,632.0
31.48,721.0
31.485,657.0
31.490000000000002,522.0
31.495,490.0
31.5,550.0
31.505,577.0
31.509999999999998,558.0
31.515,577.0
31.52,538.0
31.525,458.0
31.529999999999998,497.0
31.535,505.0
31.540000000000003,440.0
31.545,439.0
31.55,478.0
31.555,426.0
31.56,385.0
31.565,415.0
31.57,393.0
31.575,413.0
31.58,465.0
31.584999999999997,500.0
31.59,522.0
31.595000000000002,499.0
31.6,489.0
31.605,511.0
31.61,502.0
31.615000000000002,492.0
31.62,434.0
31.625,505.0
31.63,470.0
31.634999999999998,424.0
31.64,374.0
31.645,410.0
31.65,535.0
31.654999999999998,532.0
31.66,466.0
31.665000000000003,462.0
31.67,484.0
31.675,496.0
31.68,487.0
31.685,476.0
31.69,505.0
31.695,543.0
31.7,521.0
31.705,486.0
31.709999999999997,484.0
31.715,468.0
31.720000000000002,449.0
31.725,551.0
31.73,593.0
31.735,519.0
31.740000000000002,514.0
31.745,487.0
31.75,439.0
31.755,478.0
31.759999999999998,591.0
31.765,988.0
31.77,1772.0
31.775,3151.0
31.779999999999998,5279.0
31.785,8484.0
31.790000000000003,14034.0
31.795,23231.0
31.8,35815.0
31.805,51821.0
31.81,71079.0
31.815,92853.0
31.82,117993.0
31.825,146058.0
31.83,176109.0
31.834999999999997,204240.0
31.84,224215.0
31.845000000000002,235161.0
31.85,234126.0
31.855,219047.0
31.86,197249.0
31.865000000000002,171685.0
31.87,140831.0
31.875,108340.0
31.88,79566.0
31.884999999999998,56205.0
31.89,37940.0
31.895,25183.0
31.9,16151.0
31.904999999999998,10735.0
31.91,7331.0
31.915000000000003,5378.0
31.92,4276.0
31.925,3514.0
31.93,2948.0
31.935,2486.0
31.94,2106.0
31.945,1873.0
31.95,1706.0
31.955,1508.0
31.959999999999997,1393.0
31.965,1292.0
31.970000000000002,1150.0
31.975,1046.0
31.98,999.0
31.985,953.0
31.990000000000002,884.0
31.995,831.0
32.0,854.0
32.005,815.0
32.01,706.0
32.015,657.0
32.02,684.0
32.025,714.0
32.03,674.0
32.035,625.0
32.04,596.0
32.045,628.0
32.05,634.0
32.055,643.0
32.059999999999995,596.0
32.065000000000005,542.0
32.07,570.0
32.075,551.0
32.08,559.0
32.085,543.0
32.09,505.0
32.095,454.0
32.1,457.0
32.105,440.0
32.11,495.0
32.115,546.0
32.12,577.0
32.125,616.0
32.13,623.0
32.135,543.0
32.14,487.0
32.145,478.0
32.15,460.0
32.155,432.0
32.16,399.0
32.165,490.0
32.17,530.0
32.175,545.0
32.18,582.0
32.184999999999995,527.0
32.190000000000005,466.0
32.195,475.0
32.2,489.0
32.205,457.0
32.21,475.0
32.215,522.0
32.22,481.0
32.225,444.0
32.23,506.0
32.235,594.0
32.24,654.0
32.245,588.0
32.25,481.0
32.255,470.0
32.26,516.0
32.265,589.0
32.27,595.0
32.275,542.0
32.28,500.0
32.285,478.0
32.29,487.0
32.295,498.0
32.3,468.0
32.305,450.0
32.309999999999995,464.0
32.315000000000005,486.0
32.32,458.0
32.325,430.0
32.33,521.0
32.335,608.0
32.34,588.0
32.345,498.0
32.35,498.0
32.355,481.0
32.36,471.0
32.365,502.0
32.37,543.0
32.375,524.0
32.38,454.0
32.385,399.0
32.39,444.0
32.395,505.0
32.4,495.0
32.405,500.0
32.41,489.0
32.415,487.0
32.42,462.0
32.425,469.0
32.43,527.0
32.434999999999995,521.0
32.440000000000005,550.0
32.445,582.0
32.45,518.0
32.455,490.0
32.46,535.0
32.465,492.0
32.47,438.0
32.475,489.0
32.48,535.0
32.485,520.0
32.49,533.0
32.495,545.0
32.5,555.0
32.505,530.0
32.51,463.0
32.515,442.0
32.52,433.0
32.525,442.0
32.53,489.0
32.535,511.0
32.54,531.0
32.545,572.0
32.55,566.0
32.555,548.0
32.559999999999995,557.0
32.565000000000005,535.0
32.57,538.0
32.575,554.0
32.58,528.0
32.585,510.0
32.59,526.0
32.595,483.0
32.6,420.0
32.605,435.0
32.61,474.0
32.615,471.0
32.62,510.0
32.625,522.0
32.63,570.0
32.635,628.0
32.64,503.0
32.645,420.0
32.65,498.0
32.655,548.0
32.66,537.0
32.665,526.0
32.67,511.0
32.675,500.0
32.68,535.0
32.684999999999995,551.0
32.690000000000005,497.0
32.695,444.0
32.7,439.0
32.705,470.0
32.71,534.0
32.715,567.0
32.72,524.0
32.725,534.0
32.73,534.0
32.735,438.0
32.74,443.0
32.745,541.0
32.75,570.0
32.755,515.0
32.76,475.0
32.765,484.0
32.77,463.0
32.775,438.0
32.78,452.0
32.785,476.0
32.79,484.0
32.795,483.0
32.8,420.0
32.805,433.0
32.809999999999995,460.0
32.815000000000005,470.0
32.82,484.0
32.825,481.0
32.83,492.0
32.835,530.0
32.84,521.0
32.845,476.0
32.85,452.0
32.855,487.0
32.86,498.0
32.865,482.0
32.87,413.0
32.875,500.0
32.88,550.0
32.885,545.0
32.89,700.0
32.895,884.0
32.9,943.0
32.905,925.0
32.91,862.0
32.915,814.0
32.92,737.0
32.925,644.0
32.93,570.0
32.934999999999995,511.0
32.940000000000005,463.0
32.945,452.0
32.95,386.0
32.955,415.0
32.96,526.0
32.965,551.0
32.97,511.0
32.975,550.0
32.98,588.0
32.985,536.0
32.99,508.0
32.995,462.0
33.0,532.0
33.005,567.0
33.01,599.0
33.015,625.0
33.02,584.0
33.025,527.0
33.03,508.0
33.035,498.0
33.04,476.0
33.045,503.0
33.05,562.0
33.055,596.0
33.059999999999995,567.0
33.065000000000005,503.0
33.07,500.0
33.075,502.0
33.08,452.0
33.085,435.0
33.09,426.0
33.095,425.0
33.1,428.0
33.105,438.0
33.11,428.0
33.115,398.0
33.12,418.0
33.125,466.0
33.13,446.0
33.135,450.0
33.14,483.0
33.145,446.0
33.15,478.0
33.155,529.0
33.16,518.0
33.165,478.0
33.17,463.0
33.175,511.0
33.18,570.0
33.184999999999995,548.0
33.190000000000005,513.0
33.195,530.0
33.2,559.0
33.205,514.0
33.21,536.0
33.215,633.0
33.22,602.0
33.225,535.0
33.23,528.0
33.235,502.0
33.24,476.0
33.245,419.0
33.25,412.0
33.255,479.0
33.26,503.0
33.265,498.0
33.27,531.0
33.275,593.0
33.28,490.0
33.285,452.0
33.29,513.0
33.295,491.0
33.3,502.0
33.305,476.0
33.309999999999995,445.0
33.315000000000005,424.0
33.32,430.0
33.325,425.0
33.33,433.0
33.335,490.0
33.34,519.0
33.345,480.0
33.35,469.0
33.355,444.0
33.36,450.0
33.365,471.0
33.37,478.0
33.375,503.0
33.38,501.0
33.385,497.0
33.39,518.0
33.395,467.0
33.4,538.0
33.405,599.0
33.41,494.0
33.415,478.0
33.42,505.0
33.425,510.0
33.43,544.0
33.434999999999995,537.0
33.440000000000005,529.0
33.445,492.0
33.45,447.0
33.455,470.0
33.46,487.0
33.465,530.0
33.47,527.0
33.475,499.0
33.48,533.0
33.485,561.0
33.49,524.0
33.495,529.0
33.5,505.0
33.505,465.0
33.51,485.0
33.515,492.0
33.52,476.0
33.525,509.0
33.53,570.0
33.535,574.0
33.54,545.0
33.545,543.0
33.55,516.0
33.555,482.0
33.559999999999995,473.0
33.565000000000005,529.0
33.57,567.0
33.575,531.0
33.58,485.0
33.585,453.0
33.59,486.0
33.595,530.0
33.6,482.0
33.605,453.0
33.61,488.0
33.615,526.0
33.62,498.0
33.625,449.0
33.63,451.0
33.635,470.0
33.64,494.0
33.645,486.0
33.65,430.0
33.655,449.0
33.66,521.0
33.665,585.0
33.67,620.0
33.675,498.0
33.68,412.0
33.684999999999995,464.0
33.690000000000005,506.0
33.695,517.0
33.7,528.0
33.705,510.0
33.71,473.0
33.715,490.0
33.72,523.0
33.725,496.0
33.73,466.0
33.735,510.0
33.74,556.0
33.745,543.0
33.75,518.0
33.755,506.0
33.76,492.0
33.765,463.0
33.77,500.0
33.775,486.0
33.78,545.0
33.785,530.0
33.79,438.0
33.795,415.0
33.8,462.0
33.805,452.0
33.809999999999995,410.0
33.815000000000005,412.0
33.82,468.0
33.825,426.0
33.83,442.0
33.835,505.0
33.84,476.0
33.845,460.0
33.85,481.0
33.855,433.0
33.86,425.0
33.865,524.0
33.87,574.0
33.875,536.0
33.88,521.0
33.885,478.0
33.89,420.0
33.895,462.0
33.9,444.0
33.905,457.0
33.91,497.0
33.915,521.0
33.92,567.0
33.925,588.0
33.93,551.0
33.934999999999995,557.0
33.940000000000005,563.0
33.945,494.0
33.95,406.0
33.955,430.0
33.96,538.0
33.965,536.0
33.97,494.0
33.975,540.0
33.98,532.0
33.985,495.0
33.99,484.0
33.995,502.0
34.0,502.0
34.005,548.0
34.01,614.0
34.015,615.0
34.02,542.0
34.025,469.0
34.03,467.0
34.035,508.0
34.04,545.0
34.045,562.0
34.05,537.0
34.055,483.0
34.059999999999995,434.0
34.065000000000005,396.0
34.07,420.0
34.075,475.0
34.08,530.0
34.085,557.0
34.09,523.0
34.095,478.0
34.1,491.0
34.105,487.0
34.11,449.0
34.115,510.0
34.12,572.0
34.125,519.0
34.13,521.0
34.135,537.0
34.14,471.0
34.144999999999996,463.0
34.15,511.0
34.155,516.0
34.16,486.0
34.165,451.0
34.169999999999995,431.0
34.175,466.0
34.18,465.0
34.184999999999995,396.0
34.190000000000005,454.0
34.195,442.0
34.2,474.0
34.205000000000005,535.0
34.21,538.0
34.215,546.0
34.22,538.0
34.225,511.0
34.230000000000004,423.0
34.235,394.0
34.24,406.0
34.245,506.0
34.25,530.0
34.255,510.0
34.26,537.0
34.265,524.0
34.269999999999996,460.0
34.275,442.0
34.28,463.0
34.285,469.0
34.29,486.0
34.294999999999995,509.0
34.3,535.0
34.305,508.0
34.309999999999995,447.0
34.315000000000005,422.0
34.32,402.0
34.325,399.0
34.330000000000005,433.0
34.335,431.0
34.34,486.0
34.345,577.0
34.35,572.0
34.355000000000004,503.0
34.36,518.0
34.365,494.0
34.37,482.0
34.375,462.0
34.38,441.0
34.385,419.0
34.39,419.0
34.394999999999996,438.0
34.4,448.0
34.405,478.0
34.41,516.0
34.415,472.0
34.419999999999995,484.0
34.425,495.0
34.43,491.0
34.434999999999995,486.0
34.440000000000005,540.0
34.445,519.0
34.45,479.0
34.455000000000005,508.0
34.46,519.0
34.465,505.0
34.47,483.0
34.475,494.0
34.480000000000004,513.0
34.485,524.0
34.49,504.0
34.495,481.0
34.5,457.0
34.505,463.0
34.51,513.0
34.515,569.0
34.519999999999996,553.0
34.525,514.0
34.53,479.0
34.535,455.0
34.54,423.0
34.544999999999995,404.0
34.55,457.0
34.555,497.0
34.559999999999995,508.0
34.565000000000005,503.0
34.57,469.0
34.575,426.0
34.580000000000005,463.0
34.585,566.0
34.59,620.0
34.595,548.0
34.6,469.0
34.605000000000004,492.0
34.61,494.0
34.615,538.0
34.62,556.0
34.625,473.0
34.63,476.0
34.635,549.0
34.64,539.0
34.644999999999996,538.0
34.65,548.0
34.655,505.0
34.66,492.0
34.665,510.0
34.669999999999995,515.0
34.675,521.0
34.68,546.0
34.684999999999995,550.0
34.690000000000005,542.0
34.695,534.0
34.7,531.0
34.705000000000005,524.0
34.71,489.0
34.715,466.0
34.72,512.0
34.725,540.0
34.730000000000004,522.0
34.735,546.0
34.74,578.0
34.745,578.0
34.75,576.0
34.755,525.0
34.76,449.0
34.765,431.0
34.769999999999996,438.0
34.775,421.0
34.78,442.0
34.785,513.0
34.79,536.0
34.794999999999995,538.0
34.8,512.0
34.805,444.0
34.809999999999995,414.0
34.815000000000005,401.0
34.82,388.0
34.825,464.0
34.830000000000005,561.0
34.835,594.0
34.84,553.0
34.845,508.0
34.85,518.0
34.855000000000004,502.0
34.86,477.0
34.865,503.0
34.87,529.0
34.875,519.0
34.88,503.0
34.885,517.0
34.89,551.0
34.894999999999996,540.0
34.9,480.0
34.905,417.0
34.91,426.0
34.915,460.0
34.919999999999995,455.0
34.925,442.0
34.93,429.0
34.934999999999995,458.0
34.940000000000005,529.0
34.945,545.0
34.95,529.0
34.955000000000005,560.0
34.96,583.0
34.965,524.0
34.97,464.0
34.975,463.0
34.980000000000004,504.0
34.985,517.0
34.99,494.0
34.995,526.0
35.0,579.0
35.005,567.0
35.01,530.0
35.015,527.0
35.019999999999996,486.0
35.025,477.0
35.03,493.0
35.035,498.0
35.04,515.0
35.044999999999995,460.0
35.05,506.0
35.055,576.0
35.059999999999995,514.0
35.065000000000005,454.0
35.07,432.0
35.075,450.0
35.080000000000005,502.0
35.085,490.0
35.09,507.0
35.095,543.0
35.1,510.0
35.105000000000004,482.0
35.11,452.0
35.115,415.0
35.12,432.0
35.125,511.0
35.13,583.0
35.135,576.0
35.14,559.0
35.144999999999996,559.0
35.15,476.0
35.155,444.0
35.16,492.0
35.165,452.0
35.169999999999995,410.0
35.175,410.0
35.18,428.0
35.184999999999995,454.0
35.190000000000005,497.0
35.195,507.0
35.2,462.0
35.205000000000005,460.0
35.21,522.0
35.215,586.0
35.22,556.0
35.225,514.0
35.230000000000004,556.0
35.235,585.0
35.24,569.0
35.245,558.0
35.25,573.0
35.255,569.0
35.26,560.0
35.265,552.0
35.269999999999996,508.0
35.275,506.0
35.28,570.0
35.285,594.0
35.29,497.0
35.294999999999995,438.0
35.3,455.0
35.305,463.0
35.309999999999995,488.0
35.315000000000005,529.0
35.32,572.0
35.325,521.0
35.330000000000005,421.0
35.335,370.0
35.34,473.0
35.345,618.0
35.35,630.0
35.355000000000004,553.0
35.36,470.0
35.365,457.0
35.37,457.0
35.375,415.0
35.38,415.0
35.385,404.0
35.39,413.0
35.394999999999996,467.0
35.4,519.0
35.405,497.0
35.41,474.0
35.415,530.0
35.419999999999995,471.0
35.425,479.0
35.43,545.0
35.434999999999995,489.0
35.440000000000005,479.0
35.445,518.0
35.45,489.0
35.455000000000005,500.0
35.46,514.0
35.465,578.0
35.47,582.0
35.475,457.0
35.480000000000004,439.0
35.485,553.0
35.49,585.0
35.495,526.0
35.5,506.0
35.505,860.0
35.51,1406.0
35.515,2591.0
35.519999999999996,4674.0
35.525,7740.0
35.53,12407.0
35.535,20171.0
35.54,32292.0
35.544999999999995,47417.0
35.55,65125.0
35.555,86135.0
35.559999999999995,110190.0
35.565000000000005,138846.0
35.57,169486.0
35.575,195285.0
35.580000000000005,215609.0
35.585,232444.0
35.59,241567.0
35.595,234957.0
35.6,211550.0
35.605000000000004,180839.0
35.61,148845.0
35.615,117925.0
35.62,89718.0
35.625,63991.0
35.63,42825.0
35.635,27820.0
35.64,17642.0
35.644999999999996,11391.0
35.65,7638.0
35.655,5414.0
35.66,4186.0
35.665,3375.0
35.669999999999995,2788.0
35.675,2244.0
35.68,1884.0
35.684999999999995,1807.0
35.690000000000005,1743.0
35.695,1652.0
35.7,1518.0
35.705000000000005,1378.0
35.71,1342.0
35.715,1281.0
35.72,1210.0
35.725,1172.0
35.730000000000004,1057.0
35.735,936.0
35.74,860.0
35.745,843.0
35.75,876.0
35.755,806.0
35.76,767.0
35.765,760.0
35.769999999999996,720.0
35.775,660.0
35.78,620.0
35.785,701.0
35.79,709.0
35.794999999999995,631.0
35.8,591.0
35.805,561.0
35.809999999999995,541.0
35.815000000000005,502.0
35.82,569.0
35.825,510.0
35.830000000000005,530.0
35.835,538.0
35.84,514.0
35.845,497.0
35.85,477.0
35.855000000000004,554.0
35.86,596.0
35.865,559.0
35.87,494.0
35.875,455.0
35.88,417.0
35.885,455.0
35.89,556.0
35.894999999999996,562.0
35.9,483.0
35.905,450.0
35.91,545.0
35.915,601.0
35.919999999999995,593.0
35.925,532.0
35.93,545.0
35.934999999999995,597.0
35.940000000000005,574.0
35.945,507.0
35.95,471.0
35.955000000000005,441.0
35.96,422.0
35.965,396.0
35.97,418.0
35.975,420.0
35.980000000000004,444.0
35.985,503.0
35.99,538.0
35.995,527.0
36.0,545.0
36.005,596.0
36.01,584.0
36.015,510.0
36.019999999999996,514.0
36.025,582.0
36.03,554.0
36.035,474.0
36.04,484.0
36.044999999999995,519.0
36.05,538.0
36.055,575.0
36.059999999999995,537.0
36.065000000000005,501.0
36.07,512.0
36.075,500.0
36.080000000000005,486.0
36.085,520.0
36.09,551.0
36.095,539.0
36.1,558.0
36.105000000000004,543.0
36.11,479.0
36.115,508.0
36.12,558.0
36.125,545.0
36.13,460.0
36.135,401.0
36.14,428.0
36.144999999999996,462.0
36.15,509.0
36.155,545.0
36.16,522.0
36.165,474.0
36.169999999999995,464.0
36.175,500.0
36.18,506.0
36.184999999999995,489.0
36.190000000000005,463.0
36.195,474.0
36.2,490.0
36.205000000000005,515.0
36.21,549.0
36.215,498.0
36.22,471.0
36.225,515.0
36.230000000000004,514.0
36.235,455.0
36.24,451.0
36.245,434.0
36.25,494.0
36.255,585.0
36.26,561.0
36.265,518.0
36.269999999999996,560.0
36.275,576.0
36.28,539.0
36.285,489.0
36.29,457.0
36.294999999999995,422.0
36.3,401.0
36.305,398.0
36.309999999999995,434.0
36.315000000000005,436.0
36.32,492.0
36.325,508.0
36.330000000000005,466.0
36.335,468.0
36.34,494.0
36.345,538.0
36.35,524.0
36.355000000000004,429.0
36.36,386.0
36.365,462.0
36.37,521.0
36.375,532.0
36.38,483.0
36.385,492.0
36.39,497.0
36.394999999999996,433.0
36.4,411.0
36.405,487.0
36.41,523.0
36.415,506.0
36.419999999999995,543.0
36.425,593.0
36.43,583.0
36.434999999999995,543.0
36.440000000000005,474.0
36.445,446.0
36.45,466.0
36.455000000000005,489.0
36.46,455.0
36.465,412.0
36.47,436.0
36.475,530.0
36.480000000000004,602.0
36.485,569.0
36.49,508.0
36.495,511.0
36.5,545.0
36.505,574.0
36.51,630.0
36.515,638.0
36.519999999999996,562.0
36.525,532.0
36.53,558.0
36.535,539.0
36.54,463.0
36.544999999999995,465.0
36.55,492.0
36.555,463.0
36.559999999999995,454.0
36.565000000000005,503.0
36.57,560.0
36.575,543.0
36.580000000000005,510.0
36.585,505.0
36.59,444.0
36.595,437.0
36.6,500.0
36.605000000000004,566.0
36.61,594.0
36.615,586.0
36.62,518.0
36.625,455.0
36.63,469.0
36.635,510.0
36.64,543.0
36.644999999999996,535.0
36.65,486.0
36.655,489.0
36.66,514.0
36.665,465.0
36.669999999999995,460.0
36.675,457.0
36.68,436.0
36.684999999999995,554.0
36.690000000000005,524.0
36.695,458.0
36.7,449.0
36.705000000000005,471.0
36.71,503.0
36.715,481.0
36.72,419.0
36.725,412.0
36.730000000000004,455.0
36.735,485.0
36.74,519.0
36.745,566.0
36.75,566.0
36.755,556.0
36.76,498.0
36.765,411.0
36.769999999999996,465.0
36.775,521.0
36.78,585.0
36.785,548.0
36.79,514.0
36.794999999999995,498.0
36.8,491.0
36.805,548.0
36.809999999999995,537.0
36.815000000000005,500.0
36.82,482.0
36.825,441.0
36.830000000000005,442.0
36.835,491.0
36.84,516.0
36.845,559.0
36.85,524.0
36.855000000000004,481.0
36.86,482.0
36.865,465.0
36.87,460.0
36.875,443.0
36.88,500.0
36.885,613.0
36.89,581.0
36.894999999999996,518.0
36.9,540.0
36.905,521.0
36.91,498.0
36.915,564.0
36.919999999999995,574.0
36.925,493.0
36.93,447.0
36.934999999999995,410.0
36.940000000000005,478.0
36.945,572.0
36.95,621.0
36.955000000000005,582.0
36.96,523.0
36.965,550.0
36.97,537.0
36.975,502.0
36.980000000000004,511.0
36.985,489.0
36.99,449.0
36.995,458.0
37.0,502.0
37.005,523.0
37.01,490.0
37.015,474.0
37.019999999999996,467.0
37.025,437.0
37.03,446.0
37.035,452.0
37.04,424.0
37.044999999999995,432.0
37.05,471.0
37.055,511.0
37.059999999999995,537.0
37.065000000000005,537.0
37.07,525.0
37.075,576.0
37.080000000000005,604.0
37.085,538.0
37.09,481.0
37.095,487.0
37.1,523.0
37.105000000000004,542.0
37.11,527.0
37.115,500.0
37.12,511.0
37.125,551.0
37.13,514.0
37.135,497.0
37.14,521.0
37.144999999999996,513.0
37.15,444.0
37.155,406.0
37.16,420.0
37.165,458.0
37.169999999999995,430.0
37.175,456.0
37.18,545.0
37.184999999999995,551.0
37.190000000000005,524.0
37.195,473.0
37.2,434.0
37.205000000000005,449.0
37.21,401.0
37.215,417.0
37.22,492.0
37.225,518.0
37.230000000000004,539.0
37.235,524.0
37.24,451.0
37.245,411.0
37.25,462.0
37.255,535.0
37.26,526.0
37.265,495.0
37.269999999999996,472.0
37.275,433.0
37.28,407.0
37.285,457.0
37.29,529.0
37.294999999999995,510.0
37.3,481.0
37.305,490.0
37.309999999999995,513.0
37.315000000000005,514.0
37.32,486.0
37.325,478.0
37.330000000000005,450.0
37.335,481.0
37.34,457.0
37.345,538.0
37.35,569.0
37.355000000000004,506.0
37.36,458.0
37.365,470.0
37.37,471.0
37.375,464.0
37.38,530.0
37.385,550.0
37.39,490.0
37.394999999999996,470.0
37.4,482.0
37.405,463.0
37.41,461.0
37.415,445.0
37.419999999999995,468.0
37.425,498.0
37.43,494.0
37.434999999999995,466.0
37.440000000000005,529.0
37.445,609.0
37.45,616.0
37.455000000000005,542.0
37.46,476.0
37.465,502.0
37.47,510.0
37.475,478.0
37.480000000000004,486.0
37.485,487.0
37.49,473.0
37.495,481.0
37.5,442.0
37.505,450.0
37.51,429.0
37.515,498.0
37.519999999999996,486.0
37.525,534.0
37.53,570.0
37.535,574.0
37.54,522.0
37.544999999999995,462.0
37.55,483.0
37.555,519.0
37.559999999999995,497.0
37.565000000000005,425.0
37.57,410.0
37.575,436.0
37.580000000000005,519.0
37.585,470.0
37.59,461.0
37.595,495.0
37.6,444.0
37.605000000000004,433.0
37.61,527.0
37.615,539.0
37.62,478.0
37.625,513.0
37.63,525.0
37.635,535.0
37.64,519.0
37.644999999999996,532.0
37.65,502.0
37.655,495.0
37.66,490.0
37.665,470.0
37.669999999999995,554.0
37.675,645.0
37.68,524.0
37.684999999999995,414.0
37.690000000000005,442.0
37.695,511.0
37.7,540.0
37.705000000000005,519.0
37.71,566.0
37.715,604.0
37.72,553.0
37.725,522.0
37.730000000000004,535.0
37.735,522.0
37.74,467.0
37.745,479.0
37.75,503.0
37.755,498.0
37.76,520.0
37.765,522.0
37.769999999999996,484.0
37.775,462.0
37.78,495.0
37.785,516.0
37.79,476.0
37.794999999999995,492.0
37.8,542.0
37.805,511.0
37.809999999999995,505.0
37.815000000000005,545.0
37.82,513.0
37.825,455.0
37.830000000000005,391.0
37.835,414.0
37.84,431.0
37.845,427.0
37.85,439.0
37.855000000000004,481.0
37.86,490.0
37.865,466.0
37.87,492.0
37.875,514.0
37.88,516.0
37.885,479.0
37.89,435.0
37.894999999999996,449.0
37.9,466.0
37.905,522.0
37.91,542.0
37.915,499.0
37.919999999999995,478.0
37.925,511.0
37.93,518.0
37.934999999999995,504.0
37.940000000000005,537.0
37.945,540.0
37.95,535.0
37.955000000000005,468.0
37.96,431.0
37.965,465.0
37.97,406.0
37.975,338.0
37.980000000000004,399.0
37.985,497.0
37.99,490.0
37.995,418.0
38.0,369.0
38.005,412.0
38.01,505.0
38.015,506.0
38.019999999999996,480.0
38.025,471.0
38.03,473.0
38.035,459.0
38.04,508.0
38.044999999999995,549.0
38.05,506.0
38.055,474.0
38.059999999999995,451.0
38.065000000000005,449.0
38.07,481.0
38.075,473.0
38.080000000000005,641.0
38.085,788.0
38.09,845.0
38.095,866.0
38.1,881.0
38.105000000000004,900.0
38.11,952.0
38.115,839.0
38.12,719.0
38.125,620.0
38.13,578.0
38.135,516.0
38.14,495.0
38.144999999999996,441.0
38.15,462.0
38.155,473.0
38.16,530.0
38.165,513.0
38.169999999999995,417.0
38.175,465.0
38.18,503.0
38.184999999999995,547.0
38.190000000000005,534.0
38.195,466.0
38.2,436.0
38.205000000000005,442.0
38.21,425.0
38.215,434.0
38.22,570.0
38.225,606.0
38.230000000000004,519.0
38.235,441.0
38.24,450.0
38.245,438.0
38.25,377.0
38.255,405.0
38.26,428.0
38.265,428.0
38.269999999999996,486.0
38.275,491.0
38.28,502.0
38.285,549.0
38.29,542.0
38.294999999999995,540.0
38.3,516.0
38.305,474.0
38.309999999999995,461.0
38.315000000000005,442.0
38.32,438.0
38.325,503.0
38.330000000000005,529.0
38.335,455.0
38.34,461.0
38.345,465.0
38.35,463.0
38.355000000000004,486.0
38.36,473.0
38.365,487.0
38.37,571.0
38.375,562.0
38.38,500.0
38.385,496.0
38.39,482.0
38.394999999999996,430.0
38.4,391.0
38.405,428.0
38.41,536.0
38.415,621.0
38.419999999999995,644.0
38.425,564.0
38.43,538.0
38.434999999999995,636.0
38.440000000000005,614.0
38.445,476.0
38.45,460.0
38.455000000000005,437.0
38.46,434.0
38.465,445.0
38.47,415.0
38.475,375.0
38.480000000000004,439.0
38.485,521.0
38.49,552.0
38.495,510.0
38.5,466.0
38.505,460.0
38.51,454.0
38.515,485.0
38.519999999999996,462.0
38.525,456.0
38.53,479.0
38.535,476.0
38.54,449.0
38.544999999999995,477.0
38.55,470.0
38.555,508.0
38.559999999999995,534.0
38.565000000000005,575.0
38.57,596.0
38.575,580.0
38.580000000000005,502.0
38.585,453.0
38.59,406.0
38.595,428.0
38.6,548.0
38.605000000000004,625.0
38.61,549.0
38.615,466.0
38.62,524.0
38.625,607.0
38.63,542.0
38.635,489.0
38.64,542.0
38.644999999999996,526.0
38.65,502.0
38.655,518.0
38.66,495.0
38.665,450.0
38.669999999999995,457.0
38.675,486.0
38.68,515.0
38.684999999999995,488.0
38.690000000000005,457.0
38.695,485.0
38.7,545.0
38.705000000000005,566.0
38.71,550.0
38.715,489.0
38.72,446.0
38.725,401.0
38.730000000000004,404.0
38.735,439.0
38.74,504.0
38.745,515.0
38.75,454.0
38.755,377.0
38.76,401.0
38.765,515.0
38.769999999999996,534.0
38.775,470.0
38.78,453.0
38.785,471.0
38.79,430.0
38.794999999999995,422.0
38.8,408.0
38.805,434.0
38.809999999999995,475.0
38.815000000000005,515.0
38.82,521.0
38.825,478.0
38.830000000000005,465.0
38.835,465.0
38.84,447.0
38.845,433.0
38.85,425.0
38.855000000000004,473.0
38.86,536.0
38.865,542.0
38.87,513.0
38.875,503.0
38.88,484.0
38.885,487.0
38.89,495.0
38.894999999999996,546.0
38.9,530.0
38.905,513.0
38.91,517.0
38.915,478.0
38.919999999999995,459.0
38.925,479.0
38.93,436.0
38.934999999999995,397.0
38.940000000000005,415.0
38.945,469.0
38.95,500.0
38.955000000000005,493.0
38.96,500.0
38.965,492.0
38.97,508.0
38.975,549.0
38.980000000000004,520.0
38.985,478.0
38.99,537.0
38.995,567.0
39.0,508.0
39.005,567.0
39.01,502.0
39.015,529.0
39.019999999999996,567.0
39.025,551.0
39.03,519.0
39.035,495.0
39.04,497.0
39.044999999999995,485.0
39.05,484.0
39.055,480.0
39.059999999999995,542.0
39.065000000000005,932.0
39.07,1684.0
39.075,2870.0
39.080000000000005,4993.0
39.085,8529.0
39.09,13384.0
39.095,20422.0
39.1,30609.0
39.105000000000004,44215.0
39.11,61985.0
39.115,84608.0
39.12,109834.0
39.125,137585.0
39.13,168485.0
39.135,195486.0
39.14,215465.0
39.144999999999996,231550.0
39.15,236465.0
39.155,227279.0
39.16,211127.0
39.165,189470.0
39.169999999999995,159805.0
39.175,124832.0
39.18,91153.0
39.184999999999995,64110.0
39.190000000000005,43463.0
39.195,28002.0
39.2,18255.0
39.205000000000005,12479.0
39.21,8327.0
39.215,5511.0
39.22,3978.0
39.225,3196.0
39.230000000000004,2713.0
39.235,2186.0
39.24,1686.0
39.245,1537.0
39.25,1564.0
39.255,1414.0
39.26,1215.0
39.265,1268.0
39.269999999999996,1306.0
39.275,1129.0
39.28,994.0
39.285,1074.0
39.29,1062.0
39.294999999999995,960.0
39.3,907.0
39.305,946.0
39.309999999999995,882.0
39.315000000000005,678.0
39.32,639.0
39.325,674.0
39.330000000000005,818.0
39.335,749.0
39.34,657.0
39.345,593.0
39.35,556.0
39.355000000000004,617.0
39.36,660.0
39.365,629.0
39.37,580.0
39.375,548.0
39.38,553.0
39.385,588.0
39.39,516.0
39.394999999999996,488.0
39.4,524.0
39.405,569.0
39.41,534.0
39.415,491.0
39.419999999999995,526.0
39.425,549.0
39.43,514.0
39.434999999999995,528.0
39.440000000000005,529.0
39.445,476.0
39.45,483.0
39.455000000000005,495.0
39.46,523.0
39.465,523.0
39.47,510.0
39.475,471.0
39.480000000000004,470.0
39.485,484.0
39.49,511.0
39.495,529.0
39.5,521.0
39.505,518.0
39.51,504.0
39.515,479.0
39.519999999999996,457.0
39.525,468.0
39.53,490.0
39.535,479.0
39.54,466.0
39.544999999999995,488.0
39.55,504.0
39.555,529.0
39.559999999999995,566.0
39.565000000000005,516.0
39.57,462.0
39.575,532.0
39.580000000000005,574.0
39.585,517.0
39.59,543.0
39.595,576.0
39.6,546.0
39.605000000000004,559.0
39.61,571.0
39.615,540.0
39.62,468.0
39.625,438.0
39.63,478.0
39.635,505.0
39.64,567.0
39.644999999999996,599.0
39.65,532.0
39.655,471.0
39.66,420.0
39.665,446.0
39.669999999999995,534.0
39.675,530.0
39.68,489.0
39.684999999999995,546.0
39.690000000000005,554.0
39.695,463.0
39.7,513.0
39.705000000000005,642.0
39.71,593.0
39.715,460.0
39.72,423.0
39.725,483.0
39.730000000000004,521.0
39.735,478.0
39.74,465.0
39.745,465.0
39.75,458.0
39.755,476.0
39.76,486.0
39.765,511.0
39.769999999999996,535.0
39.775,526.0
39.78,548.0
39.785,606.0
39.79,551.0
39.794999999999995,511.0
39.8,545.0
39.805,572.0
39.809999999999995,536.0
39.815000000000005,482.0
39.82,442.0
39.825,407.0
39.830000000000005,400.0
39.835,398.0
39.84,418.0
39.845,462.0
39.85,492.0
39.855000000000004,473.0
39.86,486.0
39.865,484.0
39.87,454.0
39.875,465.0
39.88,495.0
39.885,505.0
39.89,513.0
39.894999999999996,502.0
39.9,467.0
39.905,418.0
39.91,407.0
39.915,463.0
39.919999999999995,527.0
39.925,548.0
39.93,490.0
39.934999999999995,487.0
39.940000000000005,470.0
39.945,508.0
39.95,550.0
39.955000000000005,527.0
39.96,492.0
39.965,558.0
39.97,559.0
39.975,448.0
39.980000000000004,407.0
39.985,444.0
39.99,468.0
39.995,466.0
40.0,450.0
40.005,490.0
40.01,548.0
40.015,557.0
40.019999999999996,540.0
40.025,562.0
40.03,554.0
40.035,534.0
40.04,534.0
40.044999999999995,518.0
40.05,457.0
40.055,446.0
40.059999999999995,471.0
40.065000000000005,502.0
40.07,519.0
40.075,521.0
40.080000000000005,485.0
40.085,437.0
40.09,418.0
40.095,484.0
40.1,539.0
40.105000000000004,526.0
40.11,493.0
40.115,444.0
40.12,417.0
40.125,470.0
40.13,548.0
40.135,575.0
40.14,553.0
40.144999999999996,505.0
40.15,494.0
40.155,490.0
40.16,466.0
40.165,495.0
40.169999999999995,478.0
40.175,430.0
40.18,418.0
40.184999999999995,458.0
40.190000000000005,534.0
40.195,535.0
40.2,500.0
40.205000000000005,502.0
40.21,524.0
40.215,500.0
40.22,471.0
40.225,425.0
40.230000000000004,406.0
40.235,458.0
40.24,518.0
40.245,495.0
40.25,462.0
40.255,495.0
40.26,538.0
40.265,535.0
40.269999999999996,479.0
40.275,408.0
40.28,441.0
40.285,431.0
40.29,429.0
40.294999999999995,410.0
40.3,470.0
40.305,583.0
40.309999999999995,564.0
40.315000000000005,484.0
40.32,540.0
40.325,508.0
40.330000000000005,546.0
40.335,575.0
40.34,530.0
40.345,413.0
40.35,434.0
40.355000000000004,582.0
40.36,657.0
40.365,541.0
40.37,450.0
40.375,436.0
40.38,471.0
40.385,436.0
40.39,433.0
40.394999999999996,426.0
40.4,429.0
40.405,459.0
40.41,432.0
40.415,432.0
40.419999999999995,508.0
40.425,593.0
40.43,594.0
40.434999999999995,542.0
40.440000000000005,511.0
40.445,548.0
40.45,563.0
40.455000000000005,476.0
40.46,448.0
40.465,500.0
40.47,487.0
40.475,446.0
40.480000000000004,461.0
40.485,502.0
40.49,527.0
40.495,526.0
40.5,473.0
40.505,430.0
40.51,454.0
40.515,564.0
40.519999999999996,536.0
40.525,516.0
40.53,559.0
40.535,534.0
40.54,579.0
40.544999999999995,621.0
40.55,572.0
40.555,561.0
40.559999999999995,570.0
40.565000000000005,477.0
40.57,411.0
40.575,468.0
40.580000000000005,521.0
40.585,537.0
40.59,517.0
40.595,527.0
40.6,500.0
40.605000000000004,485.0
40.61,452.0
40.615,414.0
40.62,460.0
40.625,511.0
40.63,511.0
40.635,481.0
40.64,503.0
40.644999999999996,505.0
40.65,494.0
40.655,554.0
40.66,574.0
40.665,555.0
40.669999999999995,545.0
40.675,482.0
40.68,449.0
40.684999999999995,482.0
40.690000000000005,498.0
40.695,450.0
40.7,394.0
40.705000000000005,449.0
40.71,514.0
40.715,511.0
40.72,522.0
40.725,545.0
40.730000000000004,519.0
40.735,497.0
40.74,487.0
40.745,504.0
40.75,473.0
40.755,430.0
40.76,441.0
40.765,510.0
40.769999999999996,546.0
40.775,502.0
40.78,487.0
40.785,491.0
40.79,422.0
40.794999999999995,414.0
40.8,473.0
40.805,486.0
40.809999999999995,433.0
40.815000000000005,471.0
40.82,482.0
40.825,448.0
40.830000000000005,441.0
40.835,542.0
40.84,566.0
40.845,468.0
40.85,430.0
40.855000000000004,466.0
40.86,476.0
40.865,495.0
40.87,486.0
40.875,449.0
40.88,447.0
40.885,466.0
40.89,462.0
40.894999999999996,477.0
40.9,527.0
40.905,503.0
40.91,481.0
40.915,489.0
40.919999999999995,455.0
40.925,426.0
40.93,429.0
40.934999999999995,417.0
40.940000000000005,420.0
40.945,415.0
40.95,425.0
40.955000000000005,470.0
40.96,491.0
40.965,427.0
40.97,414.0
40.975,505.0
40.980000000000004,537.0
40.985,547.0
40.99,583.0
40.995,550.0
41.0,526.0
41.005,495.0
41.01,450.0
41.015,513.0
41.019999999999996,553.0
41.025,597.0
41.03,618.0
41.035,571.0
41.04,557.0
41.044999999999995,516.0
41.05,510.0
41.055,555.0
41.059999999999995,509.0
41.065000000000005,530.0
41.07,527.0
41.075,465.0
41.080000000000005,450.0
41.085,466.0
41.09,430.0
41.095,493.0
41.1,487.0
41.105000000000004,518.0
41.11,462.0
41.115,439.0
41.12,527.0
41.125,526.0
41.13,489.0
41.135,489.0
41.14,510.0
41.144999999999996,524.0
41.15,487.0
41.155,448.0
41.16,431.0
41.165,457.0
41.169999999999995,473.0
41.175,458.0
41.18,512.0
41.184999999999995,597.0
41.190000000000005,590.0
41.195,531.0
41.2,498.0
41.205000000000005,542.0
41.21,532.0
41.215,487.0
41.22,486.0
41.225,463.0
41.230000000000004,463.0
41.235,474.0
41.24,460.0
41.245,457.0
41.25,446.0
41.255,441.0
41.26,484.0
41.265,546.0
41.269999999999996,569.0
41.275,520.0
41.28,461.0
41.285,500.0
41.29,465.0
41.294999999999995,490.0
41.3,546.0
41.305,489.0
41.309999999999995,497.0
41.315000000000005,590.0
41.32,613.0
41.325,557.0
41.330000000000005,516.0
41.335,513.0
41.34,510.0
41.345,478.0
41.35,476.0
41.355000000000004,473.0
41.36,442.0
41.365,483.0
41.37,546.0
41.375,522.0
41.38,510.0
41.385,511.0
41.39,504.0
41.394999999999996,516.0
41.4,488.0
41.405,458.0
41.41,487.0
41.415,489.0
41.419999999999995,444.0
41.425,447.0
41.43,480.0
41.434999999999995,471.0
41.440000000000005,460.0
41.445,471.0
41.45,486.0
41.455000000000005,517.0
41.46,565.0
41.465,553.0
41.47,499.0
41.475,492.0
41.480000000000004,462.0
41.485,481.0
41.49,462.0
41.495,438.0
41.5,479.0
41.505,534.0
41.51,561.0
41.515,568.0
41.519999999999996,514.0
41.525,505.0
41.53,573.0
41.535,579.0
41.54,531.0
41.544999999999995,477.0
41.55,486.0
41.555,551.0
41.559999999999995,537.0
41.565000000000005,479.0
41.57,470.0
41.575,525.0
41.580000000000005,607.0
41.585,644.0
41.59,593.0
41.595,527.0
41.6,534.0
41.605000000000004,522.0
41.61,468.0
41.615,497.0
41.62,543.0
41.625,492.0
41.63,500.0
41.635,554.0
41.64,526.0
41.644999999999996,458.0
41.65,439.0
41.655,482.0
41.66,535.0
41.665,567.0
41.669999999999995,546.0
41.675,441.0
41.68,401.0
41.684999999999995,433.0
41.690000000000005,493.0
41.695,495.0
41.7,473.0
41.705000000000005,506.0
41.71,498.0
41.715,459.0
41.72,519.0
41.725,516.0
41.730000000000004,516.0
41.735,452.0
41.74,457.0
41.745,479.0
41.75,457.0
41.755,471.0
41.76,473.0
41.765,439.0
41.769999999999996,452.0
41.775,484.0
41.78,498.0
41.785,492.0
41.79,516.0
41.794999999999995,490.0
41.8,486.0
41.805,479.0
41.809999999999995,431.0
41.815000000000005,412.0
41.82,471.0
41.825,489.0
41.830000000000005,460.0
41.835,466.0
41.84,442.0
41.845,396.0
41.85,418.0
41.855000000000004,447.0
41.86,438.0
41.865,461.0
41.87,555.0
41.875,586.0
41.88,562.0
41.885,572.0
41.89,565.0
41.894999999999996,527.0
41.9,508.0
41.905,523.0
41.91,553.0
41.915,552.0
41.919999999999995,513.0
41.925,469.0
41.93,446.0
41.934999999999995,470.0
41.940000000000005,511.0
41.945,502.0
41.95,553.0
41.955000000000005,529.0
41.96,472.0
41.965,478.0
41.97,490.0
41.975,490.0
41.980000000000004,492.0
41.985,527.0
41.99,534.0
41.995,569.0
42.0,622.0
42.005,566.0
42.01,493.0
42.015,497.0
42.019999999999996,495.0
42.025,460.0
42.03,481.0
42.035,460.0
42.04,485.0
42.044999999999995,473.0
42.05,463.0
42.055,483.0
42.059999999999995,495.0
42.065000000000005,460.0
42.07,465.0
42.075,485.0
42.080000000000005,491.0
42.085,474.0
42.09,489.0
42.095,510.0
42.1,510.0
42.105000000000004,502.0
42.11,510.0
42.115,514.0
42.12,482.0
42.125,430.0
42.13,403.0
42.135,430.0
42.14,511.0
42.144999999999996,470.0
42.15,448.0
42.155,502.0
42.16,439.0
42.165,414.0
42.169999999999995,496.0
42.175,551.0
42.18,508.0
42.184999999999995,497.0
42.190000000000005,507.0
42.195,487.0
42.2,508.0
42.205000000000005,561.0
42.21,604.0
42.215,579.0
42.22,510.0
42.225,438.0
42.230000000000004,359.0
42.235,386.0
42.24,400.0
42.245,410.0
42.25,444.0
42.255,417.0
42.26,530.0
42.265,580.0
42.269999999999996,510.0
42.275,465.0
42.28,471.0
42.285,480.0
42.29,454.0
42.294999999999995,433.0
42.3,457.0
42.305,494.0
42.309999999999995,511.0
42.315000000000005,426.0
42.32,430.0
42.325,456.0
42.330000000000005,511.0
42.335,583.0
42.34,545.0
42.345,457.0
42.35,502.0
42.355000000000004,601.0
42.36,592.0
42.365,529.0
42.37,479.0
42.375,492.0
42.38,542.0
42.385,518.0
42.39,482.0
42.394999999999996,492.0
42.4,510.0
42.405,534.0
42.41,524.0
42.415,427.0
42.419999999999995,436.0
42.425,490.0
42.43,521.0
42.434999999999995,525.0
42.440000000000005,484.0
42.445,461.0
42.45,572.0
42.455000000000005,700.0
42.46,1345.0
42.465,2201.0
42.47,3740.0
42.475,6398.0
42.480000000000004,10673.0
42.485,17144.0
42.49,26397.0
42.495,39588.0
42.5,56248.0
42.505,75326.0
42.51,98911.0
42.515,127463.0
42.519999999999996,157595.0
42.525,184045.0
42.53,205668.0
42.535,223710.0
42.54,233462.0
42.544999999999995,231200.0
42.55,216658.0
42.555,191125.0
42.559999999999995,160552.0
42.565000000000005,130702.0
42.57,101141.0
42.575,73399.0
42.580000000000005,52101.0
42.585,36492.0
42.59,24548.0
42.595,16255.0
42.6,10815.0
42.605000000000004,7209.0
42.61,4911.0
42.615,3436.0
42.62,2585.0
42.625,2086.0
42.63,1772.0
42.635,1607.0
42.64,1525.0
42.644999999999996,1282.0
42.65,1140.0
42.655,1087.0
42.66,1095.0
42.665,1066.0
42.669999999999995,938.0
42.675,910.0
42.68,1014.0
42.684999999999995,1041.0
42.690000000000005,902.0
42.695,737.0
42.7,727.0
42.705000000000005,809.0
42.71,857.0
42.715,804.0
42.72,752.0
42.725,686.0
42.730000000000004,633.0
42.735,638.0
42.74,609.0
42.745,564.0
42.75,607.0
42.755,582.0
42.76,663.0
42.765,670.0
42.769999999999996,506.0
42.775,524.0
42.78,548.0
42.785,573.0
42.79,574.0
42.794999999999995,582.0
42.8,615.0
42.805,553.0
42.809999999999995,505.0
42.815000000000005,530.0
42.82,542.0
42.825,487.0
42.830000000000005,444.0
42.835,502.0
42.84,537.0
42.845,561.0
42.85,538.0
42.855000000000004,516.0
42.86,474.0
42.865,459.0
42.87,460.0
42.875,560.0
42.88,513.0
42.885,454.0
42.89,492.0
42.894999999999996,508.0
42.9,526.0
42.905,578.0
42.91,577.0
42.915,505.0
42.919999999999995,482.0
42.925,544.0
42.93,473.0
42.934999999999995,460.0
42.940000000000005,467.0
42.945,489.0
42.95,492.0
42.955000000000005,450.0
42.96,473.0
42.965,506.0
42.97,505.0
42.975,530.0
42.980000000000004,538.0
42.985,537.0
42.99,514.0
42.995,479.0
43.0,450.0
43.005,458.0
43.01,518.0
43.015,582.0
43.019999999999996,574.0
43.025,518.0
43.03,500.0
43.035,505.0
43.04,508.0
43.044999999999995,495.0
43.05,497.0
43.055,500.0
43.059999999999995,495.0
43.065000000000005,497.0
43.07,491.0
43.075,494.0
43.080000000000005,540.0
43.085,598.0
43.09,581.0
43.095,486.0
43.1,453.0
43.105000000000004,469.0
43.11,452.0
43.115,442.0
43.12,445.0
43.125,450.0
43.13,455.0
43.135,508.0
43.14,522.0
43.144999999999996,434.0
43.15,478.0
43.155,487.0
43.16,466.0
43.165,463.0
43.169999999999995,546.0
43.175,535.0
43.18,498.0
43.184999999999995,508.0
43.190000000000005,466.0
43.195,511.0
43.2,518.0
43.205000000000005,508.0
43.21,519.0
43.215,556.0
43.22,562.0
43.225,510.0
43.230000000000004,474.0
43.235,441.0
43.24,426.0
43.245,470.0
43.25,531.0
43.255,485.0
43.26,527.0
43.265,531.0
43.269999999999996,476.0
43.275,494.0
43.28,530.0
43.285,574.0
43.29,542.0
43.294999999999995,471.0
43.3,462.0
43.305,506.0
43.309999999999995,540.0
43.315000000000005,534.0
43.32,474.0
43.325,498.0
43.330000000000005,586.0
43.335,535.0
43.34,519.0
43.345,489.0
43.35,469.0
43.355000000000004,505.0
43.36,465.0
43.365,484.0
43.37,466.0
43.375,418.0
43.38,482.0
43.385,484.0
43.39,436.0
43.394999999999996,548.0
43.4,545.0
43.405,537.0
43.41,487.0
43.415,434.0
43.419999999999995,410.0
43.425,419.0
43.43,466.0
43.434999999999995,500.0
43.440000000000005,445.0
43.445,430.0
43.45,418.0
43.455000000000005,453.0
43.46,492.0
43.465,490.0
43.47,497.0
43.475,465.0
43.480000000000004,460.0
43.485,497.0
43.49,456.0
43.495,490.0
43.5,522.0
43.505,524.0
43.51,539.0
43.515,575.0
43.519999999999996,569.0
43.525,492.0
43.53,484.0
43.535,446.0
43.54,449.0
43.544999999999995,449.0
43.55,434.0
43.555,457.0
43.559999999999995,464.0
43.565000000000005,474.0
43.57,537.0
43.575,522.0
43.580000000000005,474.0
43.585,519.0
43.59,536.0
43.595,494.0
43.6,481.0
43.605000000000004,458.0
43.61,404.0
43.615,452.0
43.62,521.0
43.625,511.0
43.63,517.0
43.635,522.0
43.64,495.0
43.644999999999996,487.0
43.65,488.0
43.655,511.0
43.66,545.0
43.665,564.0
43.669999999999995,542.0
43.675,500.0
43.68,502.0
43.684999999999995,522.0
43.690000000000005,574.0
43.695,608.0
43.7,579.0
43.705000000000005,529.0
43.71,511.0
43.715,569.0
43.72,540.0
43.725,489.0
43.730000000000004,468.0
43.735,494.0
43.74,500.0
43.745,479.0
43.75,453.0
43.755,460.0
43.76,451.0
43.765,441.0
43.769999999999996,483.0
43.775,513.0
43.78,481.0
43.785,490.0
43.79,522.0
43.794999999999995,516.0
43.8,510.0
43.805,510.0
43.809999999999995,497.0
43.815000000000005,463.0
43.82,507.0
43.825,533.0
43.830000000000005,449.0
43.835,409.0
43.84,430.0
43.845,510.0
43.85,495.0
43.855000000000004,487.0
43.86,510.0
43.865,463.0
43.87,428.0
43.875,462.0
43.88,471.0
43.885,500.0
43.89,554.0
43.894999999999996,591.0
43.9,593.0
43.905,550.0
43.91,483.0
43.915,482.0
43.919999999999995,495.0
43.925,501.0
43.93,500.0
43.934999999999995,510.0
43.940000000000005,516.0
43.945,540.0
43.95,556.0
43.955000000000005,529.0
43.96,518.0
43.965,516.0
43.97,487.0
43.975,548.0
43.980000000000004,499.0
43.985,390.0
43.99,500.0
43.995,557.0
44.0,519.0
44.005,482.0
44.01,459.0
44.015,483.0
44.019999999999996,503.0
44.025,474.0
44.03,452.0
44.035,438.0
44.04,439.0
44.044999999999995,487.0
44.05,503.0
44.055,458.0
44.059999999999995,484.0
44.065000000000005,499.0
44.07,487.0
44.075,518.0
44.080000000000005,489.0
44.085,452.0
44.09,466.0
44.095,471.0
44.1,500.0
44.105000000000004,508.0
44.11,529.0
44.115,523.0
44.12,474.0
44.125,471.0
44.13,478.0
44.135,578.0
44.14,639.0
44.144999999999996,529.0
44.15,458.0
44.155,396.0
44.16,411.0
44.165,467.0
44.169999999999995,501.0
44.175,488.0
44.18,481.0
44.184999999999995,483.0
44.190000000000005,463.0
44.195,452.0
44.2,479.0
44.205000000000005,537.0
44.21,516.0
44.215,454.0
44.22,465.0
44.225,473.0
44.230000000000004,458.0
44.235,444.0
44.24,452.0
44.245,479.0
44.25,537.0
44.255,543.0
44.26,500.0
44.265,470.0
44.269999999999996,447.0
44.275,497.0
44.28,546.0
44.285,511.0
44.29,479.0
44.294999999999995,458.0
44.3,505.0
44.305,524.0
44.309999999999995,478.0
44.315000000000005,443.0
44.32,504.0
44.325,492.0
44.330000000000005,439.0
44.335,475.0
44.34,566.0
44.345,583.0
44.35,486.0
44.355000000000004,429.0
44.36,468.0
44.365,517.0
44.37,511.0
44.375,553.0
44.38,564.0
44.385,458.0
44.39,482.0
44.394999999999996,479.0
44.4,468.0
44.405,486.0
44.41,452.0
44.415,462.0
44.419999999999995,451.0
44.425,483.0
44.43,492.0
44.434999999999995,491.0
44.440000000000005,439.0
44.445,426.0
44.45,417.0
44.455000000000005,414.0
44.46,399.0
44.465,420.0
44.47,453.0
44.475,480.0
44.480000000000004,495.0
44.485,479.0
44.49,474.0
44.495,489.0
44.5,476.0
44.505,494.0
44.51,498.0
44.515,479.0
44.519999999999996,477.0
44.525,490.0
44.53,458.0
44.535,476.0
44.54,486.0
44.544999999999995,447.0
44.55,448.0
44.555,527.0
44.559999999999995,532.0
44.565000000000005,490.0
44.57,483.0
44.575,459.0
44.580000000000005,447.0
44.585,501.0
44.59,540.0
44.595,554.0
44.6,540.0
44.605000000000004,477.0
44.61,495.0
44.615,543.0
44.62,516.0
44.625,450.0
44.63,452.0
44.635,459.0
44.64,446.0
44.644999999999996,408.0
44.65,390.0
44.655,481.0
44.66,537.0
44.665,506.0
44.669999999999995,528.0
44.675,510.0
44.68,482.0
44.684999999999995,513.0
44.690000000000005,553.0
44.695,476.0
44.7,429.0
44.705000000000005,473.0
44.71,481.0
44.715,543.0
44.72,596.0
44.725,540.0
44.730000000000004,484.0
44.735,514.0
44.74,511.0
44.745,489.0
44.75,451.0
44.755,465.0
44.76,527.0
44.765,553.0
44.769999999999996,518.0
44.775,508.0
44.78,473.0
44.785,451.0
44.79,409.0
44.794999999999995,473.0
44.8,481.0
44.805,517.0
44.809999999999995,540.0
44.815000000000005,479.0
44.82,441.0
44.825,470.0
44.830000000000005,522.0
44.835,586.0
44.84,553.0
44.845,559.0
44.85,518.0
44.855000000000004,473.0
44.86,510.0
44.865,516.0
44.87,502.0
44.875,522.0
44.88,539.0
44.885,521.0
44.89,486.0
44.894999999999996,472.0
44.9,499.0
44.905,500.0
44.91,470.0
44.915,466.0
44.919999999999995,423.0
44.925,454.0
44.93,575.0
44.934999999999995,554.0
44.940000000000005,522.0
44.945,558.0
44.95,497.0
44.955000000000005,486.0
44.96,556.0
44.965,564.0
44.97,495.0
44.975,423.0
44.980000000000004,461.0
44.985,502.0
44.99,524.0
44.995,564.0
45.0,538.0
45.005,543.0
45.01,550.0
45.015,530.0
45.019999999999996,513.0
45.025,538.0
45.03,528.0
45.035,490.0
45.04,532.0
45.044999999999995,623.0
45.05,574.0
45.055,438.0
45.059999999999995,446.0
45.065000000000005,490.0
45.07,539.0
45.075,514.0
45.080000000000005,550.0
45.085,482.0
45.09,455.0
45.095,481.0
45.1,476.0
45.105000000000004,491.0
45.11,490.0
45.115,475.0
45.12,489.0
45.125,483.0
45.13,508.0
45.135,507.0
45.14,458.0
45.144999999999996,460.0
45.15,479.0
45.155,489.0
45.16,482.0
45.165,486.0
45.169999999999995,569.0
45.175,628.0
45.18,602.0
45.184999999999995,532.0
45.190000000000005,517.0
45.195,564.0
45.2,591.0
45.205000000000005,532.0
45.21,542.0
45.215,533.0
45.22,476.0
45.225,497.0
45.230000000000004,524.0
45.235,544.0
45.24,551.0
45.245,506.0
45.25,474.0
45.255,495.0
45.26,483.0
45.265,467.0
45.269999999999996,462.0
45.275,512.0
45.28,564.0
45.285,612.0
45.29,636.0
45.294999999999995,609.0
45.3,561.0
45.305,543.0
45.309999999999995,517.0
45.315000000000005,507.0
45.32,498.0
45.325,511.0
45.330000000000005,513.0
45.335,476.0
45.34,479.0
45.345,476.0
45.35,399.0
45.355000000000004,422.0
45.36,476.0
45.365,515.0
45.37,564.0
45.375,557.0
45.38,500.0
45.385,508.0
45.39,527.0
45.394999999999996,538.0
45.4,482.0
45.405,406.0
45.41,434.0
45.415,495.0
45.419999999999995,566.0
45.425,575.0
45.43,523.0
45.434999999999995,536.0
45.440000000000005,536.0
45.445,470.0
45.45,489.0
45.455000000000005,492.0
45.46,487.0
45.465,442.0
45.47,400.0
45.475,418.0
45.480000000000004,438.0
45.485,430.0
45.49,489.0
45.495,449.0
45.5,473.0
45.505,505.0
45.51,484.0
45.515,546.0
45.519999999999996,552.0
45.525,505.0
45.53,473.0
45.535,478.0
45.54,459.0
45.544999999999995,447.0
45.55,458.0
45.555,537.0
45.559999999999995,574.0
45.565000000000005,488.0
45.57,491.0
45.575,548.0
45.580000000000005,537.0
45.585,417.0
45.59,439.0
45.595,481.0
45.6,453.0
45.605000000000004,409.0
45.61,463.0
45.615,483.0
45.62,466.0
45.625,500.0
45.63,522.0
45.635,494.0
45.64,508.0
45.644999999999996,527.0
45.65,527.0
45.655,515.0
45.66,486.0
45.665,530.0
45.669999999999995,504.0
45.675,433.0
45.68,479.0
45.684999999999995,528.0
45.690000000000005,593.0
45.695,1012.0
45.7,1773.0
45.705000000000005,3095.0
45.71,5242.0
45.715,8250.0
45.72,13258.0
45.725,21066.0
45.730000000000004,31713.0
45.735,46526.0
45.74,65854.0
45.745,88660.0
45.75,113873.0
45.755,139446.0
45.76,164287.0
45.765,188362.0
45.769999999999996,210147.0
45.775,225585.0
45.78,231701.0
45.785,226350.0
45.79,208882.0
45.794999999999995,184382.0
45.8,156614.0
45.805,125737.0
45.809999999999995,93991.0
45.815000000000005,66775.0
45.82,46753.0
45.825,31846.0
45.830000000000005,20806.0
45.835,13660.0
45.84,9363.0
45.845,6380.0
45.85,4254.0
45.855000000000004,3052.0
45.86,2526.0
45.865,2055.0
45.87,1703.0
45.875,1490.0
45.88,1340.0
45.885,1257.0
45.89,1187.0
45.894999999999996,1157.0
45.9,1020.0
45.905,967.0
45.91,959.0
45.915,930.0
45.919999999999995,906.0
45.925,850.0
45.93,794.0
45.934999999999995,834.0
45.940000000000005,832.0
45.945,759.0
45.95,737.0
45.955000000000005,658.0
45.96,646.0
45.965,654.0
45.97,591.0
45.975,599.0
45.980000000000004,580.0
45.985,551.0
45.99,561.0
45.995,608.0
46.0,630.0
46.005,610.0
46.01,589.0
46.015,576.0
46.019999999999996,560.0
46.025,525.0
46.03,469.0
46.035,512.0
46.04,588.0
46.044999999999995,498.0
46.05,460.0
46.055,484.0
46.059999999999995,484.0
46.065000000000005,506.0
46.07,494.0
46.075,509.0
46.080000000000005,505.0
46.085,537.0
46.09,626.0
46.095,617.0
46.1,511.0
46.105000000000004,502.0
46.11,570.0
46.115,601.0
46.12,538.0
46.125,514.0
46.13,498.0
46.135,468.0
46.14,527.0
46.144999999999996,540.0
46.15,500.0
46.155,508.0
46.16,484.0
46.165,471.0
46.169999999999995,495.0
46.175,506.0
46.18,529.0
46.184999999999995,489.0
46.190000000000005,460.0
46.195,524.0
46.2,529.0
46.205000000000005,500.0
46.21,550.0
46.215,591.0
46.22,542.0
46.225,518.0
46.230000000000004,503.0
46.235,564.0
46.24,567.0
46.245,564.0
46.25,473.0
46.255,532.0
46.26,495.0
46.265,500.0
46.269999999999996,452.0
46.275,474.0
46.28,494.0
46.285,483.0
46.29,461.0
46.294999999999995,479.0
46.3,496.0
46.305,503.0
46.309999999999995,546.0
46.315000000000005,486.0
46.32,502.0
46.325,554.0
46.330000000000005,503.0
46.335,439.0
46.34,447.0
46.345,476.0
46.35,526.0
46.355000000000004,551.0
46.36,502.0
46.365,425.0
46.37,450.0
46.375,489.0
46.38,500.0
46.385,514.0
46.39,535.0
46.394999999999996,478.0
46.4,537.0
46.405,599.0
46.41,582.0
46.415,566.0
46.419999999999995,521.0
46.425,526.0
46.43,486.0
46.434999999999995,547.0
46.440000000000005,551.0
46.445,554.0
46.45,615.0
46.455000000000005,552.0
46.46,487.0
46.465,503.0
46.47,509.0
46.475,487.0
46.480000000000004,521.0
46.485,605.0
46.49,562.0
46.495,484.0
46.5,425.0
46.505,486.0
46.51,574.0
46.515,494.0
46.519999999999996,470.0
46.525,484.0
46.53,534.0
46.535,558.0
46.54,577.0
46.544999999999995,610.0
46.55,568.0
46.555,521.0
46.559999999999995,547.0
46.565000000000005,563.0
46.57,520.0
46.575,487.0
46.580000000000005,514.0
46.585,530.0
46.59,527.0
46.595,522.0
46.6,494.0
46.605000000000004,431.0
46.61,410.0
46.615,497.0
46.62,585.0
46.625,618.0
46.63,577.0
46.635,519.0
46.64,524.0
46.644999999999996,570.0
46.65,564.0
46.655,526.0
46.66,484.0
46.665,444.0
46.669999999999995,450.0
46.675,471.0
46.68,462.0
46.684999999999995,481.0
46.690000000000005,463.0
46.695,459.0
46.7,434.0
46.705000000000005,438.0
46.71,476.0
46.715,474.0
46.72,406.0
46.725,447.0
46.730000000000004,478.0
46.735,505.0
46.74,517.0
46.745,533.0
46.75,514.0
46.755,547.0
46.76,556.0
46.765,502.0
46.769999999999996,461.0
46.775,396.0
46.78,442.0
46.785,539.0
46.79,526.0
46.794999999999995,532.0
46.8,479.0
46.805,454.0
46.809999999999995,535.0
46.815000000000005,585.0
46.82,602.0
46.825,530.0
46.830000000000005,511.0
46.835,536.0
46.84,586.0
46.845,559.0
46.85,513.0
46.855000000000004,555.0
46.86,545.0
46.865,481.0
46.87,479.0
46.875,460.0
46.88,462.0
46.885,437.0
46.89,438.0
46.894999999999996,461.0
46.9,543.0
46.905,567.0
46.91,554.0
46.915,578.0
46.919999999999995,506.0
46.925,415.0
46.93,477.0
46.934999999999995,490.0
46.940000000000005,503.0
46.945,479.0
46.95,521.0
46.955000000000005,559.0
46.96,530.0
46.965,504.0
46.97,482.0
46.975,487.0
46.980000000000004,497.0
46.985,548.0
46.99,580.0
46.995,542.0
47.0,524.0
47.005,519.0
47.01,518.0
47.015,503.0
47.019999999999996,508.0
47.025,527.0
47.03,503.0
47.035,541.0
47.04,577.0
47.044999999999995,526.0
47.05,484.0
47.055,524.0
47.059999999999995,511.0
47.065000000000005,462.0
47.07,489.0
47.075,484.0
47.080000000000005,466.0
47.085,470.0
47.09,468.0
47.095,456.0
47.1,434.0
47.105000000000004,414.0
47.11,467.0
47.115,514.0
47.12,465.0
47.125,465.0
47.13,564.0
47.135,567.0
47.14,505.0
47.144999999999996,538.0
47.15,558.0
47.155,516.0
47.16,559.0
47.165,562.0
47.169999999999995,516.0
47.175,438.0
47.18,455.0
47.184999999999995,478.0
47.190000000000005,489.0
47.195,524.0
47.2,537.0
47.205000000000005,509.0
47.21,520.0
47.215,538.0
47.22,506.0
47.225,545.0
47.230000000000004,588.0
47.235,596.0
47.24,567.0
47.245,567.0
47.25,535.0
47.255,550.0
47.26,494.0
47.265,488.0
47.269999999999996,466.0
47.275,461.0
47.28,487.0
47.285,452.0
47.29,423.0
47.294999999999995,508.0
47.3,550.0
47.305,491.0
47.309999999999995,470.0
47.315000000000005,486.0
47.32,473.0
47.325,543.0
47.330000000000005,569.0
47.335,518.0
47.34,521.0
47.345,503.0
47.35,497.0
47.355000000000004,542.0
47.36,585.0
47.365,570.0
47.37,535.0
47.375,540.0
47.38,546.0
47.385,540.0
47.39,497.0
47.394999999999996,460.0
47.4,489.0
47.405,512.0
47.41,548.0
47.415,544.0
47.419999999999995,522.0
47.425,505.0
47.43,456.0
47.434999999999995,470.0
47.440000000000005,511.0
47.445,497.0
47.45,470.0
47.455000000000005,473.0
47.46,463.0
47.465,479.0
47.47,513.0
47.475,435.0
47.480000000000004,393.0
47.485,434.0
47.49,423.0
47.495,442.0
47.5,433.0
47.505,432.0
47.51,512.0
47.515,585.0
47.519999999999996,562.0
47.525,548.0
47.53,553.0
47.535,511.0
47.54,471.0
47.544999999999995,462.0
47.55,457.0
47.555,442.0
47.559999999999995,421.0
47.565000000000005,417.0
47.57,420.0
47.575,489.0
47.580000000000005,502.0
47.585,471.0
47.59,471.0
47.595,527.0
47.6,578.0
47.605000000000004,539.0
47.61,514.0
47.615,504.0
47.62,508.0
47.625,474.0
47.63,460.0
47.635,502.0
47.64,499.0
47.644999999999996,463.0
47.65,457.0
47.655,501.0
47.66,556.0
47.665,550.0
47.669999999999995,495.0
47.675,489.0
47.68,560.0
47.684999999999995,596.0
47.690000000000005,538.0
47.695,486.0
47.7,444.0
47.705000000000005,429.0
47.71,439.0
47.715,519.0
47.72,543.0
47.725,486.0
47.730000000000004,514.0
47.735,513.0
47.74,479.0
47.745,473.0
47.75,521.0
47.755,572.0
47.76,600.0
47.765,590.0
47.769999999999996,532.0
47.775,489.0
47.78,476.0
47.785,465.0
47.79,410.0
47.794999999999995,428.0
47.8,514.0
47.805,497.0
47.809999999999995,443.0
47.815000000000005,449.0
47.82,457.0
47.825,474.0
47.830000000000005,457.0
47.835,527.0
47.84,542.0
47.845,489.0
47.85,486.0
47.855000000000004,434.0
47.86,452.0
47.865,444.0
47.87,465.0
47.875,492.0
47.88,563.0
47.885,524.0
47.89,487.0
47.894999999999996,522.0
47.9,520.0
47.905,474.0
47.91,431.0
47.915,444.0
47.919999999999995,540.0
47.925,543.0
47.93,487.0
47.934999999999995,434.0
47.940000000000005,409.0
47.945,430.0
47.95,457.0
47.955000000000005,499.0
47.96,503.0
47.965,509.0
47.97,526.0
47.975,567.0
47.980000000000004,594.0
47.985,526.0
47.99,501.0
47.995,514.0
48.0,507.0
48.005,473.0
48.01,434.0
48.015,463.0
48.019999999999996,468.0
48.025,463.0
48.03,474.0
48.035,479.0
48.04,498.0
48.044999999999995,527.0
48.05,464.0
48.055,444.0
48.059999999999995,425.0
48.065000000000005,418.0
48.07,422.0
48.075,434.0
48.080000000000005,466.0
48.085,529.0
48.09,534.0
48.095,509.0
48.1,521.0
48.105000000000004,527.0
48.11,526.0
48.115,468.0
48.12,450.0
48.125,453.0
48.13,543.0
48.135,536.0
48.14,471.0
48.144999999999996,452.0
48.15,486.0
48.155,529.0
48.16,528.0
48.165,511.0
48.169999999999995,526.0
48.175,515.0
48.18,512.0
48.184999999999995,479.0
48.190000000000005,442.0
48.195,481.0
48.2,491.0
48.205000000000005,466.0
48.21,510.0
48.215,558.0
48.22,500.0
48.225,424.0
48.230000000000004,422.0
48.235,408.0
48.24,423.0
48.245,486.0
48.25,529.0
48.255,492.0
48.26,471.0
48.265,486.0
48.269999999999996,486.0
48.275,497.0
48.28,447.0
48.285,445.0
48.29,497.0
48.294999999999995,529.0
48.3,463.0
48.305,456.0
48.309999999999995,509.0
48.315000000000005,450.0
48.32,545.0
48.325,532.0
48.330000000000005,486.0
48.335,574.0
48.34,575.0
48.345,523.0
48.35,504.0
48.355000000000004,516.0
48.36,463.0
48.365,414.0
48.37,393.0
48.375,403.0
48.38,482.0
48.385,466.0
48.39,409.0
48.394999999999996,441.0
48.4,489.0
48.405,508.0
48.41,548.0
48.415,548.0
48.419999999999995,471.0
48.425,414.0
48.43,417.0
48.434999999999995,431.0
48.440000000000005,428.0
48.445,481.0
48.45,511.0
48.455000000000005,540.0
48.46,474.0
48.465,478.0
48.47,514.0
48.475,562.0
48.480000000000004,527.0
48.485,471.0
48.49,539.0
48.495,607.0
48.5,527.0
48.505,465.0
48.51,497.0
48.515,555.0
48.519999999999996,556.0
48.525,504.0
48.53,530.0
48.535,530.0
48.54,516.0
48.544999999999995,508.0
48.55,468.0
48.555,455.0
48.559999999999995,473.0
48.565000000000005,494.0
48.57,441.0
48.575,420.0
48.580000000000005,435.0
48.585,502.0
48.59,549.0
48.595,544.0
48.6,500.0
48.605000000000004,534.0
48.61,524.0
48.615,549.0
48.62,539.0
48.625,550.0
48.63,466.0
48.635,454.0
48.64,511.0
48.644999999999996,538.0
48.65,510.0
48.655,486.0
48.66,514.0
48.665,542.0
48.669999999999995,535.0
48.675,479.0
48.68,478.0
48.684999999999995,516.0
48.690000000000005,511.0
48.695,479.0
48.7,514.0
48.705000000000005,511.0
48.71,454.0
48.715,446.0
48.72,457.0
48.725,532.0
48.730000000000004,588.0
48.735,572.0
48.74,551.0
48.745,543.0
48.75,498.0
48.755,452.0
48.76,462.0
48.765,481.0
48.769999999999996,478.0
48.775,486.0
48.78,467.0
48.785,494.0
48.79,881.0
48.794999999999995,1550.0
48.8,2783.0
48.805,4758.0
48.809999999999995,7794.0
48.815000000000005,12375.0
48.82,19150.0
48.825,28769.0
48.830000000000005,41962.0
48.835,58740.0
48.84,79370.0
48.845,103515.0
48.85,127991.0
48.855000000000004,150301.0
48.86,172659.0
48.865,196112.0
48.87,215586.0
48.875,225821.0
48.88,223882.0
48.885,213242.0
48.89,197370.0
48.894999999999996,173786.0
48.9,143308.0
48.905,111134.0
48.91,81750.0
48.915,57690.0
48.919999999999995,39654.0
48.925,26492.0
48.93,17335.0
48.934999999999995,11232.0
48.940000000000005,7213.0
48.945,4750.0
48.95,3453.0
48.955000000000005,2636.0
48.96,2044.0
48.965,1756.0
48.97,1575.0
48.975,1380.0
48.980000000000004,1279.0
48.985,1219.0
48.99,1188.0
48.995,1060.0
49.0,1012.0
49.005,1019.0
49.01,958.0
49.015,889.0
49.019999999999996,873.0
49.025,807.0
49.03,800.0
49.035,810.0
49.04,783.0
49.044999999999995,774.0
49.05,697.0
49.055,673.0
49.059999999999995,627.0
49.065000000000005,572.0
49.07,610.0
49.075,610.0
49.080000000000005,615.0
49.085,628.0
49.09,666.0
49.095,647.0
49.1,590.0
49.105000000000004,543.0
49.11,534.0
49.115,524.0
49.12,502.0
49.125,540.0
49.13,519.0
49.135,500.0
49.14,502.0
49.144999999999996,542.0
49.15,554.0
49.155,545.0
49.16,508.0
49.165,470.0
49.169999999999995,493.0
49.175,510.0
49.18,534.0
49.184999999999995,526.0
49.190000000000005,557.0
49.195,528.0
49.2,489.0
49.205000000000005,504.0
49.21,551.0
49.215,569.0
49.22,510.0
49.225,438.0
49.230000000000004,502.0
49.235,519.0
49.24,511.0
49.245,480.0
49.25,466.0
49.255,484.0
49.26,468.0
49.265,470.0
49.269999999999996,472.0
49.275,511.0
49.28,548.0
49.285,537.0
49.29,511.0
49.294999999999995,494.0
49.3,505.0
49.305,466.0
49.309999999999995,505.0
49.315000000000005,525.0
49.32,519.0
49.325,494.0
49.330000000000005,482.0
49.335,508.0
49.34,526.0
49.345,479.0
49.35,502.0
49.355000000000004,542.0
49.36,502.0
49.365,439.0
49.37,431.0
49.375,487.0
49.38,498.0
49.385,466.0
49.39,476.0
49.394999999999996,495.0
49.4,488.0
49.405,436.0
49.41,401.0
49.415,482.0
49.419999999999995,497.0
49.425,511.0
49.43,570.0
49.434999999999995,578.0
49.440000000000005,547.0
49.445,478.0
49.45,506.0
49.455000000000005,646.0
49.46,641.0
49.465,679.0
49.47,593.0
49.475,461.0
49.480000000000004,433.0
49.485,457.0
49.49,498.0
49.495,503.0
49.5,461.0
49.505,480.0
49.51,490.0
49.515,476.0
49.519999999999996,526.0
49.525,511.0
49.53,474.0
49.535,489.0
49.54,454.0
49.544999999999995,462.0
49.55,464.0
49.555,507.0
49.559999999999995,510.0
49.565000000000005,494.0
49.57,543.0
49.575,562.0
49.580000000000005,529.0
49.585,482.0
49.59,547.0
49.595,533.0
49.6,448.0
49.605000000000004,486.0
49.61,548.0
49.615,519.0
49.62,510.0
49.625,440.0
49.63,402.0
49.635,457.0
49.64,569.0
49.644999999999996,546.0
49.65,487.0
49.655,490.0
49.66,459.0
49.665,460.0
49.669999999999995,487.0
49.675,481.0
49.68,462.0
49.684999999999995,412.0
49.690000000000005,429.0
49.695,500.0
49.7,532.0
49.705000000000005,471.0
49.71,478.0
49.715,502.0
49.72,518.0
49.725,502.0
49.730000000000004,495.0
49.735,523.0
49.74,495.0
49.745,531.0
49.75,582.0
49.755,566.0
49.76,500.0
49.765,468.0
49.769999999999996,451.0
49.775,495.0
49.78,548.0
49.785,566.0
49.79,521.0
49.794999999999995,507.0
49.8,548.0
49.805,527.0
49.809999999999995,469.0
49.815000000000005,474.0
49.82,449.0
49.825,458.0
49.830000000000005,434.0
49.835,440.0
49.84,454.0
49.845,454.0
49.85,441.0
49.855000000000004,458.0
49.86,512.0
49.865,561.0
49.87,557.0
49.875,519.0
49.88,542.0
49.885,545.0
49.89,539.0
49.894999999999996,516.0
49.9,566.0
49.905,551.0
49.91,522.0
49.915,503.0
49.919999999999995,544.0
49.925,559.0
49.93,503.0
49.934999999999995,457.0
49.940000000000005,473.0
49.945,518.0
49.95,480.0
49.955000000000005,498.0
49.96,537.0
49.965,534.0
49.97,537.0
49.975,538.0
49.980000000000004,542.0
49.985,542.0
49.99,506.0
49.995,498.0
50.0,481.0
50.005,479.0
50.01,511.0
50.015,524.0
50.019999999999996,534.0
50.025,534.0
50.03,564.0
50.035,647.0
50.04,616.0
50.044999999999995,532.0
50.05,500.0
50.055,493.0
50.059999999999995,487.0
50.065000000000005,514.0
50.07,569.0
50.075,503.0
50.080000000000005,489.0
50.085,540.0
50.09,492.0
50.095,441.0
50.1,455.0
50.105000000000004,479.0
50.11,482.0
50.115,493.0
50.12,509.0
50.125,480.0
50.13,434.0
50.135,431.0
50.14,511.0
50.144999999999996,567.0
50.15,529.0
50.155,492.0
50.16,543.0
50.165,551.0
50.169999999999995,508.0
50.175,542.0
50.18,524.0
50.184999999999995,566.0
50.190000000000005,535.0
50.195,508.0
50.2,504.0
50.205000000000005,487.0
50.21,497.0
50.215,586.0
50.22,555.0
50.225,513.0
50.230000000000004,529.0
50.235,499.0
50.24,449.0
50.245,492.0
50.25,522.0
50.255,473.0
50.26,467.0
50.265,482.0
50.269999999999996,496.0
50.275,521.0
50.28,497.0
50.285,461.0
50.29,489.0
50.294999999999995,532.0
50.3,548.0
50.305,545.0
50.309999999999995,513.0
50.315000000000005,487.0
50.32,522.0
50.325,550.0
50.330000000000005,527.0
50.335,529.0
50.34,542.0
50.345,471.0
50.35,501.0
50.355000000000004,498.0
50.36,390.0
50.365,430.0
50.37,438.0
50.375,505.0
50.38,553.0
50.385,536.0
50.39,514.0
50.394999999999996,507.0
50.4,505.0
50.405,543.0
50.41,561.0
50.415,572.0
50.419999999999995,616.0
50.425,514.0
50.43,458.0
50.434999999999995,436.0
50.440000000000005,474.0
50.445,474.0
50.45,476.0
50.455000000000005,546.0
50.46,526.0
50.465,489.0
50.47,478.0
50.475,487.0
50.480000000000004,479.0
50.485,495.0
50.49,531.0
50.495,523.0
50.5,507.0
50.505,540.0
50.51,543.0
50.515,491.0
50.519999999999996,506.0
50.525,562.0
50.53,549.0
50.535,495.0
50.54,526.0
50.544999999999995,564.0
50.55,473.0
50.555,483.0
50.559999999999995,494.0
50.565000000000005,508.0
50.57,450.0
50.575,453.0
50.580000000000005,474.0
50.585,546.0
50.59,523.0
50.595,484.0
50.6,426.0
50.605000000000004,410.0
50.61,474.0
50.615,549.0
50.62,513.0
50.625,495.0
50.63,527.0
50.635,515.0
50.64,499.0
50.644999999999996,531.0
50.65,579.0
50.655,598.0
50.66,556.0
50.665,513.0
50.669999999999995,492.0
50.675,491.0
50.68,479.0
50.684999999999995,501.0
50.690000000000005,518.0
50.695,535.0
50.7,521.0
50.705000000000005,514.0
50.71,500.0
50.715,471.0
50.72,494.0
50.725,494.0
50.730000000000004,465.0
50.735,519.0
50.74,578.0
50.745,548.0
50.75,554.0
50.755,534.0
50.76,551.0
50.765,551.0
50.769999999999996,500.0
50.775,495.0
50.78,580.0
50.785,593.0
50.79,520.0
50.794999999999995,495.0
50.8,494.0
50.805,516.0
50.809999999999995,492.0
50.815000000000005,455.0
50.82,462.0
50.825,517.0
50.830000000000005,498.0
50.835,490.0
50.84,502.0
50.845,503.0
50.85,473.0
50.855000000000004,498.0
50.86,479.0
50.865,449.0
50.87,460.0
50.875,469.0
50.88,442.0
50.885,441.0
50.89,457.0
50.894999999999996,496.0
50.9,540.0
50.905,527.0
50.91,495.0
50.915,474.0
50.919999999999995,486.0
50.925,502.0
50.93,471.0
50.934999999999995,499.0
50.940000000000005,535.0
50.945,502.0
50.95,492.0
50.955000000000005,502.0
50.96,518.0
50.965,495.0
50.97,498.0
50.975,534.0
50.980000000000004,566.0
50.985,526.0
50.99,526.0
50.995,561.0
51.0,537.0
51.005,555.0
51.01,532.0
51.015,565.0
51.019999999999996,665.0
51.025,571.0
51.03,484.0
51.035,530.0
51.04,538.0
51.044999999999995,463.0
51.05,504.0
51.055,548.0
51.059999999999995,478.0
51.065000000000005,495.0
51.07,526.0
51.075,553.0
51.080000000000005,521.0
51.085,495.0
51.09,510.0
51.095,542.0
51.1,528.0
51.105000000000004,506.0
51.11,510.0
51.115,487.0
51.12,516.0
51.125,545.0
51.13,516.0
51.135,537.0
51.14,605.0
51.144999999999996,670.0
51.15,668.0
51.155,636.0
51.16,575.0
51.165,546.0
51.169999999999995,478.0
51.175,482.0
51.18,523.0
51.184999999999995,498.0
51.190000000000005,479.0
51.195,542.0
51.2,598.0
51.205000000000005,585.0
51.21,558.0
51.215,538.0
51.22,526.0
51.225,481.0
51.230000000000004,530.0
51.235,614.0
51.24,554.0
51.245,474.0
51.25,559.0
51.255,606.0
51.26,508.0
51.265,517.0
51.269999999999996,554.0
51.275,514.0
51.28,564.0
51.285,534.0
51.29,534.0
51.294999999999995,561.0
51.3,506.0
51.305,490.0
51.309999999999995,516.0
51.315000000000005,452.0
51.32,394.0
51.325,484.0
51.330000000000005,528.0
51.335,487.0
51.34,582.0
51.345,560.0
51.35,518.0
51.355000000000004,538.0
51.36,548.0
51.365,493.0
51.37,460.0
51.375,499.0
51.38,504.0
51.385,510.0
51.39,488.0
51.394999999999996,452.0
51.4,500.0
51.405,529.0
51.41,536.0
51.415,517.0
51.419999999999995,505.0
51.425,490.0
51.43,470.0
51.434999999999995,525.0
51.440000000000005,482.0
51.445,436.0
51.45,475.0
51.455000000000005,526.0
51.46,548.0
51.465,578.0
51.47,559.0
51.475,496.0
51.480000000000004,527.0
51.485,560.0
51.49,540.0
51.495,518.0
51.5,526.0
51.505,551.0
51.51,534.0
51.515,530.0
51.519999999999996,545.0
51.525,522.0
51.53,558.0
51.535,554.0
51.54,517.0
51.544999999999995,459.0
51.55,425.0
51.555,481.0
51.559999999999995,561.0
51.565000000000005,556.0
51.57,514.0
51.575,475.0
51.580000000000005,469.0
51.585,513.0
51.59,538.0
51.595,553.0
51.6,556.0
51.605000000000004,548.0
51.61,575.0
51.615,618.0
51.62,570.0
51.625,548.0
51.63,502.0
51.635,506.0
51.64,498.0
51.644999999999996,476.0
51.65,479.0
51.655,437.0
51.66,486.0
51.665,526.0
51.669999999999995,562.0
51.675,529.0
51.68,526.0
51.684999999999995,559.0
51.690000000000005,625.0
51.695,586.0
51.7,504.0
51.705000000000005,495.0
51.71,521.0
51.715,468.0
51.72,463.0
51.725,558.0
51.730000000000004,571.0
51.735,519.0
51.74,521.0
51.745,510.0
51.75,554.0
51.755,873.0
51.76,1514.0
51.765,2614.0
51.769999999999996,4066.0
51.775,6406.0
51.78,10683.0
51.785,17363.0
51.79,26609.0
51.794999999999995,39522.0
51.8,57138.0
51.805,78950.0
51.809999999999995,103265.0
51.815000000000005,128769.0
51.82,154088.0
51.825,176805.0
51.830000000000005,197454.0
51.835,216646.0
51.84,231709.0
51.845,237799.0
51.85,227765.0
51.855000000000004,203344.0
51.86,172262.0
51.865,138262.0
51.87,104938.0
51.875,77018.0
51.88,55745.0
51.885,39078.0
51.89,26132.0
51.894999999999996,17014.0
51.9,11207.0
51.905,7383.0
51.91,4678.0
51.915,3170.0
51.919999999999995,2578.0
51.925,2159.0
51.93,1770.0
51.934999999999995,1535.0
51.940000000000005,1329.0
51.945,1324.0
51.95,1334.0
51.955000000000005,1217.0
51.96,1150.0
51.965,1165.0
51.97,1070.0
51.975,991.0
51.980000000000004,926.0
51.985,796.0
51.99,799.0
51.995,808.0
52.0,725.0
52.005,761.0
52.01,772.0
52.015,742.0
52.019999999999996,702.0
52.025,746.0
52.03,802.0
52.035,730.0
52.04,630.0
52.044999999999995,620.0
52.05,626.0
52.055,599.0
52.059999999999995,537.0
52.065000000000005,551.0
52.07,641.0
52.075,692.0
52.080000000000005,562.0
52.085,550.0
52.09,546.0
52.095,554.0
52.1,559.0
52.105000000000004,539.0
52.11,494.0
52.115,524.0
52.12,514.0
52.125,548.0
52.13,568.0
52.135,612.0
52.14,539.0
52.144999999999996,542.0
52.15,641.0
52.155,591.0
52.16,529.0
52.165,596.0
52.169999999999995,580.0
52.175,535.0
52.18,575.0
52.184999999999995,556.0
52.190000000000005,573.0
52.195,569.0
52.2,562.0
52.205000000000005,561.0
52.21,470.0
52.215,518.0
52.22,535.0
52.225,546.0
52.230000000000004,553.0
52.235,526.0
52.24,503.0
52.245,488.0
52.25,491.0
52.255,478.0
52.26,492.0
52.265,498.0
52.269999999999996,504.0
52.275,519.0
52.28,506.0
52.285,468.0
52.29,488.0
52.294999999999995,519.0
52.3,502.0
52.305,535.0
52.309999999999995,590.0
52.315000000000005,555.0
52.32,541.0
52.325,539.0
52.330000000000005,540.0
52.335,540.0
52.34,572.0
52.345,570.0
52.35,576.0
52.355000000000004,609.0
52.36,618.0
52.365,575.0
52.37,484.0
52.375,420.0
52.38,434.0
52.385,482.0
52.39,543.0
52.394999999999996,538.0
52.4,492.0
52.405,481.0
52.41,521.0
52.415,492.0
52.419999999999995,470.0
52.425,486.0
52.43,506.0
52.434999999999995,495.0
52.440000000000005,526.0
52.445,540.0
52.45,516.0
52.455000000000005,551.0
52.46,543.0
52.465,543.0
52.47,562.0
52.475,609.0
52.480000000000004,575.0
52.485,524.0
52.49,529.0
52.495,574.0
52.5,606.0
52.505,577.0
52.51,528.0
52.515,558.0
52.519999999999996,566.0
52.525,521.0
52.53,500.0
52.535,510.0
52.54,542.0
52.544999999999995,560.0
52.55,488.0
52.555,510.0
52.559999999999995,548.0
52.565000000000005,494.0
52.57,526.0
52.575,534.0
52.580000000000005,519.0
52.585,511.0
52.59,534.0
52.595,591.0
52.6,578.0
52.605000000000004,527.0
52.61,542.0
52.615,566.0
52.62,553.0
52.625,472.0
52.63,463.0
52.635,542.0
52.64,650.0
52.644999999999996,617.0
52.65,554.0
52.655,532.0
52.66,506.0
52.665,536.0
52.669999999999995,591.0
52.675,570.0
52.68,511.0
52.684999999999995,558.0
52.690000000000005,524.0
52.695,450.0
52.7,413.0
52.705000000000005,425.0
52.71,464.0
52.715,463.0
52.72,422.0
52.725,449.0
52.730000000000004,546.0
52.735,620.0
52.74,644.0
52.745,601.0
52.75,578.0
52.755,586.0
52.76,535.0
52.765,489.0
52.769999999999996,527.0
52.775,534.0
52.78,511.0
52.785,492.0
52.79,505.0
52.794999999999995,507.0
52.8,543.0
52.805,538.0
52.809999999999995,497.0
52.815000000000005,498.0
52.82,534.0
52.825,506.0
52.830000000000005,503.0
52.835,514.0
52.84,550.0
52.845,586.0
52.85,585.0
52.855000000000004,563.0
52.86,514.0
52.865,511.0
52.87,542.0
52.875,519.0
52.88,508.0
52.885,528.0
52.89,598.0
52.894999999999996,604.0
52.9,540.0
52.905,513.0
52.91,493.0
52.915,498.0
52.919999999999995,529.0
52.925,561.0
52.93,526.0
52.934999999999995,529.0
52.940000000000005,529.0
52.945,505.0
52.95,458.0
52.955000000000005,475.0
52.96,562.0
52.965,555.0
52.97,577.0
52.975,563.0
52.980000000000004,457.0
52.985,519.0
52.99,526.0
52.995,511.0
53.0,527.0
53.005,485.0
53.01,500.0
53.015,511.0
53.019999999999996,511.0
53.025,489.0
53.03,493.0
53.035,480.0
53.04,470.0
53.044999999999995,513.0
53.05,510.0
53.055,472.0
53.059999999999995,511.0
53.065000000000005,538.0
53.07,559.0
53.075,527.0
53.080000000000005,542.0
53.085,562.0
53.09,526.0
53.095,506.0
53.1,558.0
53.105000000000004,527.0
53.11,520.0
53.115,509.0
53.12,642.0
53.125,596.0
53.13,543.0
53.135,519.0
53.14,522.0
53.144999999999996,548.0
53.15,569.0
53.155,543.0
53.16,470.0
53.165,470.0
53.169999999999995,513.0
53.175,518.0
53.18,523.0
53.184999999999995,548.0
53.190000000000005,505.0
53.195,550.0
53.2,529.0
53.205000000000005,580.0
53.21,593.0
53.215,566.0
53.22,575.0
53.225,586.0
53.230000000000004,550.0
53.235,588.0
53.24,550.0
53.245,530.0
53.25,602.0
53.255,578.0
53.26,545.0
53.265,560.0
53.269999999999996,528.0
53.275,522.0
53.28,577.0
53.285,612.0
53.29,560.0
53.294999999999995,569.0
53.3,620.0
53.305,559.0
53.309999999999995,495.0
53.315000000000005,476.0
53.32,436.0
53.325,417.0
53.330000000000005,429.0
53.335,479.0
53.34,530.0
53.345,513.0
53.35,575.0
53.355000000000004,578.0
53.36,574.0
53.365,554.0
53.37,484.0
53.375,443.0
53.38,479.0
53.385,550.0
53.39,545.0
53.394999999999996,520.0
53.4,460.0
53.405,460.0
53.41,457.0
53.415,534.0
53.419999999999995,553.0
53.425,539.0
53.43,517.0
53.434999999999995,541.0
53.440000000000005,570.0
53.445,521.0
53.45,521.0
53.455000000000005,557.0
53.46,481.0
53.465,476.0
53.47,447.0
53.475,434.0
53.480000000000004,470.0
53.485,503.0
53.49,586.0
53.495,654.0
53.5,678.0
53.505,615.0
53.51,511.0
53.515,516.0
53.519999999999996,545.0
53.525,561.0
53.53,487.0
53.535,466.0
53.54,489.0
53.544999999999995,542.0
53.55,551.0
53.555,577.0
53.559999999999995,535.0
53.565000000000005,530.0
53.57,545.0
53.575,578.0
53.580000000000005,569.0
53.585,555.0
53.59,581.0
53.595,549.0
53.6,505.0
53.605000000000004,572.0
53.61,622.0
53.615,580.0
53.62,521.0
53.625,538.0
53.63,564.0
53.635,558.0
53.64,518.0
53.644999999999996,518.0
53.65,493.0
53.655,479.0
53.66,505.0
53.665,538.0
53.669999999999995,532.0
53.675,489.0
53.68,542.0
53.684999999999995,532.0
53.690000000000005,503.0
53.695,490.0
53.7,484.0
53.705000000000005,524.0
53.71,530.0
53.715,513.0
53.72,562.0
53.725,600.0
53.730000000000004,614.0
53.735,575.0
53.74,532.0
53.745,524.0
53.75,523.0
53.755,550.0
53.76,540.0
53.765,551.0
53.769999999999996,570.0
53.775,572.0
53.78,527.0
53.785,499.0
53.79,512.0
53.794999999999995,511.0
53.8,498.0
53.805,505.0
53.809999999999995,500.0
53.815000000000005,487.0
53.82,463.0
53.825,463.0
53.830000000000005,457.0
53.835,489.0
53.84,455.0
53.845,487.0
53.85,521.0
53.855000000000004,548.0
53.86,538.0
53.865,487.0
53.87,554.0
53.875,590.0
53.88,558.0
53.885,507.0
53.89,532.0
53.894999999999996,518.0
53.9,473.0
53.905,490.0
53.91,505.0
53.915,636.0
53.919999999999995,698.0
53.925,681.0
53.93,657.0
53.934999999999995,614.0
53.940000000000005,526.0
53.945,505.0
53.95,544.0
53.955000000000005,585.0
53.96,626.0
53.965,596.0
53.97,530.0
53.975,525.0
53.980000000000004,502.0
53.985,559.0
53.99,532.0
53.995,502.0
54.0,484.0
54.005,527.0
54.01,498.0
54.015,526.0
54.019999999999996,525.0
54.025,484.0
54.03,450.0
54.035,457.0
54.04,476.0
54.044999999999995,490.0
54.05,526.0
54.055,550.0
54.059999999999995,582.0
54.065000000000005,565.0
54.07,526.0
54.075,546.0
54.080000000000005,566.0
54.085,562.0
54.09,578.0
54.095,564.0
54.1,502.0
54.105000000000004,556.0
54.11,518.0
54.115,527.0
54.12,583.0
54.125,572.0
54.13,541.0
54.135,494.0
54.14,528.0
54.144999999999996,580.0
54.15,525.0
54.155,503.0
54.16,503.0
54.165,493.0
54.169999999999995,499.0
54.175,530.0
54.18,571.0
54.184999999999995,528.0
54.190000000000005,505.0
54.195,554.0
54.2,594.0
54.205000000000005,618.0
54.21,573.0
54.215,508.0
54.22,520.0
54.225,555.0
54.230000000000004,566.0
54.235,510.0
54.24,456.0
54.245,511.0
54.25,569.0
54.255,548.0
54.26,527.0
54.265,532.0
54.269999999999996,607.0
54.275,633.0
54.28,578.0
54.285,540.0
54.29,540.0
54.294999999999995,578.0
54.3,598.0
54.305,551.0
54.309999999999995,519.0
54.315000000000005,522.0
54.32,537.0
54.325,570.0
54.330000000000005,527.0
54.335,520.0
54.34,616.0
54.345,566.0
54.35,556.0
54.355000000000004,537.0
54.36,500.0
54.365,525.0
54.37,607.0
54.375,593.0
54.38,550.0
54.385,548.0
54.39,596.0
54.394999999999996,536.0
54.4,612.0
54.405,597.0
54.41,560.0
54.415,545.0
54.419999999999995,518.0
54.425,506.0
54.43,468.0
54.434999999999995,468.0
54.440000000000005,498.0
54.445,518.0
54.45,567.0
54.455000000000005,546.0
54.46,460.0
54.465,482.0
54.47,554.0
54.475,513.0
54.480000000000004,533.0
54.485,532.0
54.49,507.0
54.495,524.0
54.5,534.0
54.505,518.0
54.51,553.0
54.515,532.0
54.519999999999996,502.0
54.525,480.0
54.53,436.0
54.535,451.0
54.54,513.0
54.544999999999995,510.0
54.55,454.0
54.555,503.0
54.559999999999995,536.0
54.565000000000005,526.0
54.57,529.0
54.575,490.0
54.580000000000005,506.0
54.585,540.0
54.59,597.0
54.595,631.0
54.6,1057.0
54.605000000000004,1944.0
54.61,3380.0
54.615,5520.0
54.62,8846.0
54.625,14002.0
54.63,21614.0
54.635,32001.0
54.64,44927.0
54.644999999999996,60737.0
54.65,81169.0
54.655,107044.0
54.66,135898.0
54.665,163052.0
54.669999999999995,187102.0
54.675,206543.0
54.68,219044.0
54.684999999999995,226044.0
54.690000000000005,225785.0
54.695,214441.0
54.7,194961.0
54.705000000000005,170711.0
54.71,139705.0
54.715,106445.0
54.72,78899.0
54.725,57166.0
54.730000000000004,39863.0
54.735,27060.0
54.74,17854.0
54.745,11452.0
54.75,7233.0
54.755,4695.0
54.76,3463.0
54.765,2710.0
54.769999999999996,2206.0
54.775,1855.0
54.78,1602.0
54.785,1552.0
54.79,1588.0
54.794999999999995,1363.0
54.8,1122.0
54.805,986.0
54.809999999999995,1026.0
54.815000000000005,1063.0
54.82,988.0
54.825,897.0
54.830000000000005,873.0
54.835,812.0
54.84,802.0
54.845,786.0
54.85,770.0
54.855000000000004,783.0
54.86,788.0
54.865,678.0
54.87,673.0
54.875,685.0
54.88,626.0
54.885,601.0
54.89,567.0
54.894999999999996,578.0
54.9,592.0
54.905,583.0
54.91,599.0
54.915,519.0
54.919999999999995,526.0
54.925,536.0
54.93,577.0
54.934999999999995,559.0
54.940000000000005,566.0
54.945,524.0
54.95,497.0
54.955000000000005,484.0
54.96,570.0
54.965,487.0
54.97,493.0
54.975,537.0
54.980000000000004,570.0
54.985,566.0
54.99,545.0
54.995,559.0
55.0,606.0
55.005,622.0
55.01,598.0
55.015,554.0
55.019999999999996,569.0
55.025,562.0
55.03,584.0
55.035,536.0
55.04,577.0
55.044999999999995,653.0
55.05,689.0
55.055,660.0
55.059999999999995,575.0
55.065000000000005,567.0
55.07,591.0
55.075,585.0
55.080000000000005,570.0
55.085,548.0
55.09,503.0
55.095,498.0
55.1,589.0
55.105000000000004,592.0
55.11,561.0
55.115,625.0
55.12,644.0
55.125,548.0
55.13,478.0
55.135,529.0
55.14,537.0
55.144999999999996,554.0
55.15,540.0
55.155,553.0
55.16,590.0
55.165,554.0
55.169999999999995,546.0
55.175,566.0
55.18,522.0
55.184999999999995,524.0
55.190000000000005,512.0
55.195,548.0
55.2,543.0
55.205000000000005,517.0
55.21,566.0
55.215,578.0
55.22,558.0
55.225,504.0
55.230000000000004,548.0
55.235,548.0
55.24,518.0
55.245,529.0
55.25,571.0
55.255,557.0
55.26,503.0
55.265,473.0
55.269999999999996,456.0
55.275,489.0
55.28,519.0
55.285,537.0
55.29,478.0
55.294999999999995,548.0
55.3,588.0
55.305,522.0
55.309999999999995,492.0
55.315000000000005,554.0
55.32,572.0
55.325,532.0
55.330000000000005,512.0
55.335,554.0
55.34,561.0
55.345,521.0
55.35,507.0
55.355000000000004,553.0
55.36,556.0
55.365,545.0
55.37,559.0
55.375,564.0
55.38,558.0
55.385,532.0
55.39,532.0
55.394999999999996,588.0
55.4,631.0
55.405,610.0
55.41,599.0
55.415,591.0
55.419999999999995,546.0
55.425,524.0
55.43,521.0
55.434999999999995,486.0
55.440000000000005,508.0
55.445,567.0
55.45,547.0
55.455000000000005,519.0
55.46,543.0
55.465,558.0
55.47,539.0
55.475,589.0
55.480000000000004,591.0
55.485,527.0
55.49,548.0
55.495,628.0
55.5,596.0
55.505,563.0
55.51,513.0
55.515,536.0
55.519999999999996,543.0
55.525,482.0
55.53,511.0
55.535,585.0
55.54,553.0
55.544999999999995,469.0
55.55,490.0
55.555,567.0
55.559999999999995,534.0
55.565000000000005,506.0
55.57,526.0
55.575,474.0
55.580000000000005,482.0
55.585,535.0
55.59,551.0
55.595,566.0
55.6,519.0
55.605000000000004,540.0
55.61,527.0
55.615,538.0
55.62,574.0
55.625,639.0
55.63,641.0
55.635,590.0
55.64,544.0
55.644999999999996,567.0
55.65,629.0
55.655,591.0
55.66,526.0
55.665,498.0
55.669999999999995,533.0
55.675,574.0
55.68,534.0
55.684999999999995,550.0
55.690000000000005,570.0
55.695,545.0
55.7,519.0
55.705000000000005,562.0
55.71,581.0
55.715,609.0
55.72,620.0
55.725,614.0
55.730000000000004,526.0
55.735,534.0
55.74,532.0
55.745,554.0
55.75,588.0
55.755,559.0
55.76,532.0
55.765,594.0
55.769999999999996,588.0
55.775,569.0
55.78,586.0
55.785,532.0
55.79,541.0
55.794999999999995,552.0
55.8,551.0
55.805,618.0
55.809999999999995,617.0
55.815000000000005,519.0
55.82,495.0
55.825,524.0
55.830000000000005,522.0
55.835,530.0
55.84,551.0
55.845,579.0
55.85,555.0
55.855000000000004,543.0
55.86,534.0
55.865,550.0
55.87,511.0
55.875,453.0
55.88,481.0
55.885,565.0
55.89,674.0
55.894999999999996,690.0
55.9,562.0
55.905,511.0
55.91,580.0
55.915,559.0
55.919999999999995,570.0
55.925,569.0
55.93,543.0
55.934999999999995,540.0
55.940000000000005,549.0
55.945,506.0
55.95,544.0
55.955000000000005,570.0
55.96,583.0
55.965,564.0
55.97,532.0
55.975,561.0
55.980000000000004,599.0
55.985,558.0
55.99,574.0
55.995,566.0
56.0,527.0
56.005,529.0
56.01,524.0
56.015,516.0
56.019999999999996,555.0
56.025,553.0
56.03,484.0
56.035,510.0
56.04,527.0
56.044999999999995,546.0
56.05,602.0
56.055,580.0
56.059999999999995,545.0
56.065000000000005,465.0
56.07,468.0
56.075,554.0
56.080000000000005,534.0
56.085,508.0
56.09,547.0
56.095,535.0
56.1,592.0
56.105000000000004,700.0
56.11,618.0
56.115,510.0
56.12,525.0
56.125,601.0
56.13,587.0
56.135,481.0
56.14,455.0
56.144999999999996,502.0
56.15,532.0
56.155,550.0
56.16,579.0
56.165,554.0
56.169999999999995,538.0
56.175,570.0
56.18,599.0
56.184999999999995,624.0
56.190000000000005,610.0
56.195,526.0
56.2,473.0
56.205000000000005,495.0
56.21,518.0
56.215,521.0
56.22,556.0
56.225,619.0
56.230000000000004,672.0
56.235,650.0
56.24,613.0
56.245,534.0
56.25,461.0
56.255,508.0
56.26,547.0
56.265,513.0
56.269999999999996,494.0
56.275,589.0
56.28,618.0
56.285,591.0
56.29,574.0
56.294999999999995,517.0
56.3,490.0
56.305,498.0
56.309999999999995,534.0
56.315000000000005,588.0
56.32,570.0
56.325,529.0
56.330000000000005,545.0
56.335,590.0
56.34,673.0
56.345,714.0
56.35,692.0
56.355000000000004,636.0
56.36,596.0
56.365,599.0
56.37,580.0
56.375,599.0
56.38,663.0
56.385,622.0
56.39,548.0
56.394999999999996,574.0
56.4,623.0
56.405,660.0
56.41,643.0
56.415,614.0
56.419999999999995,607.0
56.425,552.0
56.43,553.0
56.434999999999995,579.0
56.440000000000005,532.0
56.445,490.0
56.45,512.0
56.455000000000005,526.0
56.46,533.0
56.465,506.0
56.47,551.0
56.475,522.0
56.480000000000004,564.0
56.485,571.0
56.49,564.0
56.495,561.0
56.5,509.0
56.505,572.0
56.51,564.0
56.515,543.0
56.519999999999996,591.0
56.525,614.0
56.53,629.0
56.535,636.0
56.54,585.0
56.544999999999995,614.0
56.55,666.0
56.555,610.0
56.559999999999995,543.0
56.565000000000005,510.0
56.57,496.0
56.575,519.0
56.580000000000005,498.0
56.585,509.0
56.59,517.0
56.595,548.0
56.6,543.0
56.605000000000004,489.0
56.61,510.0
56.615,543.0
56.62,508.0
56.625,535.0
56.63,569.0
56.635,521.0
56.64,530.0
56.644999999999996,584.0
56.65,599.0
56.655,540.0
56.66,527.0
56.665,545.0
56.669999999999995,542.0
56.675,649.0
56.68,650.0
56.684999999999995,582.0
56.690000000000005,551.0
56.695,564.0
56.7,554.0
56.705000000000005,572.0
56.71,634.0
56.715,587.0
56.72,520.0
56.725,562.0
56.730000000000004,654.0
56.735,620.0
56.74,558.0
56.745,482.0
56.75,473.0
56.755,527.0
56.76,569.0
56.765,497.0
56.769999999999996,534.0
56.775,570.0
56.78,552.0
56.785,532.0
56.79,504.0
56.794999999999995,450.0
56.8,449.0
56.805,481.0
56.809999999999995,526.0
56.815000000000005,567.0
56.82,535.0
56.825,615.0
56.830000000000005,547.0
56.835,481.0
56.84,535.0
56.845,569.0
56.85,574.0
56.855000000000004,556.0
56.86,575.0
56.865,553.0
56.87,585.0
56.875,581.0
56.88,522.0
56.885,492.0
56.89,593.0
56.894999999999996,732.0
56.9,642.0
56.905,538.0
56.91,481.0
56.915,503.0
56.919999999999995,631.0
56.925,647.0
56.93,604.0
56.934999999999995,645.0
56.940000000000005,604.0
56.945,521.0
56.95,500.0
56.955000000000005,506.0
56.96,543.0
56.965,588.0
56.97,662.0
56.975,695.0
56.980000000000004,625.0
56.985,568.0
56.99,570.0
56.995,569.0
57.0,556.0
57.005,484.0
57.01,582.0
57.015,660.0
57.019999999999996,594.0
57.025,606.0
57.03,570.0
57.035,505.0
57.04,516.0
57.044999999999995,564.0
57.05,553.0
57.055,481.0
57.059999999999995,510.0
57.065000000000005,556.0
57.07,543.0
57.075,531.0
57.080000000000005,532.0
57.085,484.0
57.09,483.0
57.095,513.0
57.1,613.0
57.105000000000004,608.0
57.11,563.0
57.115,564.0
57.12,583.0
57.125,585.0
57.13,575.0
57.135,538.0
57.14,526.0
57.144999999999996,521.0
57.15,465.0
57.155,439.0
57.16,509.0
57.165,599.0
57.169999999999995,588.0
57.175,519.0
57.18,497.0
57.184999999999995,513.0
57.190000000000005,537.0
57.195,548.0
57.2,537.0
57.205000000000005,521.0
57.21,530.0
57.215,563.0
57.22,535.0
57.225,498.0
57.230000000000004,548.0
57.235,554.0
57.24,543.0
57.245,592.0
57.25,590.0
57.255,610.0
57.26,559.0
57.265,530.0
57.269999999999996,548.0
57.275,559.0
57.28,552.0
57.285,592.0
57.29,612.0
57.294999999999995,521.0
57.3,495.0
57.305,580.0
57.309999999999995,573.0
57.315000000000005,562.0
57.32,609.0
57.325,639.0
57.330000000000005,1046.0
57.335,1784.0
57.34,3020.0
57.345,5089.0
57.35,8169.0
57.355000000000004,12434.0
57.36,18548.0
57.365,27030.0
57.37,38938.0
57.375,54571.0
57.38,73384.0
57.385,95412.0
57.39,121248.0
57.394999999999996,150715.0
57.4,178964.0
57.405,201675.0
57.41,220651.0
57.415,236431.0
57.419999999999995,240746.0
57.425,229069.0
57.43,205373.0
57.434999999999995,175481.0
57.440000000000005,143831.0
57.445,113945.0
57.45,86253.0
57.455000000000005,61929.0
57.46,42730.0
57.465,28697.0
57.47,19243.0
57.475,13059.0
57.480000000000004,8702.0
57.485,5766.0
57.49,4164.0
57.495,3225.0
57.5,2470.0
57.505,2008.0
57.51,1769.0
57.515,1545.0
57.519999999999996,1487.0
57.525,1410.0
57.53,1365.0
57.535,1266.0
57.54,1190.0
57.544999999999995,1129.0
57.55,1057.0
57.555,937.0
57.559999999999995,885.0
57.565000000000005,841.0
57.57,830.0
57.575,804.0
57.580000000000005,735.0
57.585,738.0
57.59,794.0
57.595,737.0
57.6,692.0
57.605000000000004,697.0
57.61,682.0
57.615,658.0
57.62,656.0
57.625,633.0
57.63,631.0
57.635,609.0
57.64,683.0
57.644999999999996,758.0
57.65,722.0
57.655,705.0
57.66,673.0
57.665,587.0
57.669999999999995,554.0
57.675,605.0
57.68,636.0
57.684999999999995,562.0
57.690000000000005,664.0
57.695,634.0
57.7,559.0
57.705000000000005,559.0
57.71,593.0
57.715,573.0
57.72,569.0
57.725,614.0
57.730000000000004,605.0
57.735,564.0
57.74,554.0
57.745,574.0
57.75,593.0
57.755,559.0
57.76,567.0
57.765,562.0
57.769999999999996,540.0
57.775,583.0
57.78,623.0
57.785,614.0
57.79,553.0
57.794999999999995,540.0
57.8,595.0
57.805,570.0
57.809999999999995,532.0
57.815000000000005,585.0
57.82,626.0
57.825,610.0
57.830000000000005,575.0
57.835,594.0
57.84,566.0
57.845,505.0
57.85,503.0
57.855000000000004,551.0
57.86,566.0
57.865,552.0
57.87,484.0
57.875,516.0
57.88,505.0
57.885,491.0
57.89,534.0
57.894999999999996,595.0
57.9,617.0
57.905,649.0
57.91,650.0
57.915,585.0
57.919999999999995,562.0
57.925,530.0
57.93,487.0
57.934999999999995,534.0
57.940000000000005,591.0
57.945,561.0
57.95,585.0
57.955000000000005,599.0
57.96,562.0
57.965,594.0
57.97,703.0
57.975,665.0
57.980000000000004,521.0
57.985,490.0
57.99,559.0
57.995,600.0
58.0,543.0
58.005,492.0
58.01,553.0
58.015,635.0
58.019999999999996,692.0
58.025,684.0
58.03,589.0
58.035,525.0
58.04,545.0
58.044999999999995,629.0
58.05,656.0
58.055,575.0
58.059999999999995,542.0
58.065000000000005,573.0
58.07,534.0
58.075,517.0
58.080000000000005,598.0
58.085,674.0
58.09,615.0
58.095,588.0
58.1,614.0
58.105000000000004,577.0
58.11,569.0
58.115,578.0
58.12,511.0
58.125,650.0
58.13,644.0
58.135,590.0
58.14,577.0
58.144999999999996,587.0
58.15,591.0
58.155,534.0
58.16,520.0
58.165,483.0
58.169999999999995,524.0
58.175,542.0
58.18,606.0
58.184999999999995,659.0
58.190000000000005,579.0
58.195,551.0
58.2,585.0
58.205000000000005,628.0
58.21,702.0
58.215,661.0
58.22,540.0
58.225,496.0
58.230000000000004,548.0
58.235,583.0
58.24,554.0
58.245,543.0
58.25,590.0
58.255,535.0
58.26,519.0
58.265,534.0
58.269999999999996,591.0
58.275,639.0
58.28,602.0
58.285,570.0
58.29,550.0
58.294999999999995,555.0
58.3,576.0
58.305,586.0
58.309999999999995,620.0
58.315000000000005,643.0
58.32,617.0
58.325,593.0
58.330000000000005,585.0
58.335,548.0
58.34,570.0
58.345,590.0
58.35,588.0
58.355000000000004,527.0
58.36,601.0
58.365,676.0
58.37,634.0
58.375,560.0
58.38,546.0
58.385,562.0
58.39,569.0
58.394999999999996,589.0
58.4,580.0
58.405,617.0
58.41,580.0
58.415,521.0
58.419999999999995,537.0
58.425,543.0
58.43,535.0
58.434999999999995,514.0
58.440000000000005,577.0
58.445,649.0
58.45,566.0
58.455000000000005,521.0
58.46,583.0
58.465,586.0
58.47,578.0
58.475,567.0
58.480000000000004,551.0
58.485,601.0
58.49,521.0
58.495,495.0
58.5,529.0
58.505,566.0
58.51,537.0
58.515,537.0
58.519999999999996,519.0
58.525,511.0
58.53,609.0
58.535,694.0
58.54,647.0
58.544999999999995,562.0
58.55,562.0
58.555,622.0
58.559999999999995,584.0
58.565000000000005,577.0
58.57,554.0
58.575,540.0
58.580000000000005,606.0
58.585,633.0
58.59,577.0
58.595,569.0
58.6,563.0
58.605000000000004,567.0
58.61,603.0
58.615,615.0
58.62,638.0
58.625,612.0
58.63,554.0
58.635,537.0
58.64,527.0
58.644999999999996,562.0
58.65,561.0
58.655,556.0
58.66,580.0
58.665,566.0
58.669999999999995,515.0
58.675,542.0
58.68,599.0
58.684999999999995,596.0
58.690000000000005,602.0
58.695,602.0
58.7,605.0
58.705000000000005,580.0
58.71,659.0
58.715,674.0
58.72,564.0
58.725,649.0
58.730000000000004,639.0
58.735,602.0
58.74,569.0
58.745,548.0
58.75,538.0
58.755,548.0
58.76,514.0
58.765,500.0
58.769999999999996,526.0
58.775,551.0
58.78,554.0
58.785,567.0
58.79,608.0
58.794999999999995,591.0
58.8,500.0
58.805,498.0
58.809999999999995,505.0
58.815000000000005,575.0
58.82,570.0
58.825,552.0
58.830000000000005,550.0
58.835,535.0
58.84,597.0
58.845,674.0
58.85,644.0
58.855000000000004,601.0
58.86,633.0
58.865,670.0
58.87,634.0
58.875,606.0
58.88,615.0
58.885,598.0
58.89,602.0
58.894999999999996,596.0
58.9,593.0
58.905,658.0
58.91,695.0
58.915,652.0
58.919999999999995,538.0
58.925,534.0
58.93,510.0
58.934999999999995,524.0
58.940000000000005,512.0
58.945,529.0
58.95,572.0
58.955000000000005,598.0
58.96,556.0
58.965,551.0
58.97,609.0
58.975,585.0
58.980000000000004,525.0
58.985,563.0
58.99,630.0
58.995,641.0
59.0,628.0
59.005,649.0
59.01,608.0
59.015,698.0
59.019999999999996,642.0
59.025,553.0
59.03,558.0
59.035,604.0
59.04,618.0
59.044999999999995,575.0
59.05,583.0
59.055,603.0
59.059999999999995,567.0
59.065000000000005,590.0
59.07,561.0
59.075,535.0
59.080000000000005,581.0
59.085,623.0
59.09,615.0
59.095,582.0
59.1,540.0
59.105000000000004,538.0
59.11,546.0
59.115,534.0
59.12,578.0
59.125,612.0
59.13,630.0
59.135,689.0
59.14,621.0
59.144999999999996,570.0
59.15,569.0
59.155,609.0
59.16,658.0
59.165,641.0
59.169999999999995,559.0
59.175,556.0
59.18,727.0
59.184999999999995,771.0
59.190000000000005,661.0
59.195,622.0
59.2,588.0
59.205000000000005,532.0
59.21,520.0
59.215,607.0
59.22,681.0
59.225,614.0
59.230000000000004,526.0
59.235,551.0
59.24,569.0
59.245,575.0
59.25,553.0
59.255,553.0
59.26,598.0
59.265,622.0
59.269999999999996,612.0
59.275,590.0
59.28,642.0
59.285,645.0
59.29,574.0
59.294999999999995,588.0
59.3,548.0
59.305,553.0
59.309999999999995,609.0
59.315000000000005,618.0
59.32,601.0
59.325,572.0
59.330000000000005,577.0
59.335,588.0
59.34,599.0
59.345,609.0
59.35,623.0
59.355000000000004,687.0
59.36,694.0
59.365,574.0
59.37,516.0
59.375,535.0
59.38,635.0
59.385,647.0
59.39,586.0
59.394999999999996,535.0
59.4,505.0
59.405,516.0
59.41,546.0
59.415,579.0
59.419999999999995,610.0
59.425,630.0
59.43,585.0
59.434999999999995,601.0
59.440000000000005,524.0
59.445,522.0
59.45,548.0
59.455000000000005,575.0
59.46,595.0
59.465,633.0
59.47,649.0
59.475,658.0
59.480000000000004,586.0
59.485,574.0
59.49,584.0
59.495,577.0
59.5,551.0
59.505,575.0
59.51,561.0
59.515,530.0
59.519999999999996,527.0
59.525,541.0
59.53,553.0
59.535,617.0
59.54,639.0
59.544999999999995,574.0
59.55,546.0
59.555,580.0
59.559999999999995,570.0
59.565000000000005,577.0
59.57,618.0
59.575,583.0
59.580000000000005,513.0
59.585,530.0
59.59,599.0
59.595,561.0
59.6,550.0
59.605000000000004,505.0
59.61,502.0
59.615,569.0
59.62,617.0
59.625,614.0
59.63,648.0
59.635,603.0
59.64,528.0
59.644999999999996,566.0
59.65,569.0
59.655,530.0
59.66,505.0
59.665,567.0
59.669999999999995,564.0
59.675,504.0
59.68,501.0
59.684999999999995,543.0
59.690000000000005,570.0
59.695,554.0
59.7,607.0
59.705000000000005,633.0
59.71,761.0
59.715,751.0
59.72,592.0
59.725,615.0
59.730000000000004,718.0
59.735,652.0
59.74,596.0
59.745,654.0
59.75,649.0
59.755,580.0
59.76,544.0
59.765,550.0
59.769999999999996,569.0
59.775,593.0
59.78,617.0
59.785,578.0
59.79,535.0
59.794999999999995,526.0
59.8,570.0
59.805,629.0
59.809999999999995,608.0
59.815000000000005,567.0
59.82,555.0
59.825,535.0
59.830000000000005,573.0
59.835,534.0
59.84,608.0
59.845,646.0
59.85,556.0
59.855000000000004,578.0
59.86,593.0
59.865,639.0
59.87,614.0
59.875,543.0
59.88,630.0
59.885,628.0
59.89,609.0
59.894999999999996,630.0
59.9,638.0
59.905,632.0
59.91,620.0
59.915,585.0
59.919999999999995,553.0
59.925,535.0
59.93,554.0
59.934999999999995,538.0
59.940000000000005,618.0
59.945,740.0
59.95,684.0
59.955000000000005,838.0
59.96,1414.0
59.965,2518.0
59.97,4286.0
59.975,6834.0
59.980000000000004,10602.0
59.985,15958.0
59.99,24172.0
59.995,36241.0
60.0,52498.0
60.005,73328.0
60.01,95996.0
60.015,116937.0
60.019999999999996,136447.0
60.025,158622.0
60.03,182020.0
60.035,199156.0
60.04,209585.0
60.044999999999995,218376.0
60.05,225044.0
60.055,220651.0
60.059999999999995,201667.0
60.065000000000005,172466.0
60.07,137648.0
60.075,104828.0
60.080000000000005,79122.0
60.085,57985.0
60.09,39641.0
60.095,26459.0
60.1,17903.0
60.105000000000004,12054.0
60.11,8339.0
60.115,5832.0
60.12,4176.0
60.125,3162.0
60.13,2559.0
60.135,2116.0
60.14,1824.0
60.144999999999996,1716.0
60.15,1537.0
60.155,1401.0
60.16,1310.0
60.165,1230.0
60.169999999999995,1145.0
60.175,1101.0
60.18,1033.0
60.184999999999995,1031.0
60.190000000000005,980.0
60.195,928.0
60.2,943.0
60.205000000000005,919.0
60.21,870.0
60.215,764.0
60.22,710.0
60.225,697.0
60.230000000000004,678.0
60.235,794.0
60.24,827.0
60.245,692.0
60.25,630.0
60.255,670.0
60.26,742.0
60.265,689.0
60.269999999999996,621.0
60.275,658.0
60.28,649.0
60.285,626.0
60.29,593.0
60.294999999999995,601.0
60.3,601.0
60.305,608.0
60.309999999999995,607.0
60.315000000000005,658.0
60.32,659.0
60.325,649.0
60.330000000000005,666.0
60.335,630.0
60.34,559.0
60.345,593.0
60.35,622.0
60.355000000000004,647.0
60.36,682.0
60.365,727.0
60.37,721.0
60.375,650.0
60.38,631.0
60.385,729.0
60.39,722.0
60.394999999999996,622.0
60.4,565.0
60.405,595.0
60.41,638.0
60.415,596.0
60.419999999999995,543.0
60.425,573.0
60.43,605.0
60.434999999999995,689.0
60.440000000000005,742.0
60.445,687.0
60.45,652.0
60.455000000000005,660.0
60.46,652.0
60.465,662.0
60.47,698.0
60.475,737.0
60.480000000000004,791.0
60.485,705.0
60.49,638.0
60.495,661.0
60.5,670.0
60.505,664.0
60.51,681.0
60.515,678.0
60.519999999999996,604.0
60.525,628.0
60.53,678.0
60.535,645.0
60.54,670.0
60.544999999999995,698.0
60.55,606.0
60.555,630.0
60.559999999999995,642.0
60.565000000000005,658.0
60.57,641.0
60.575,660.0
60.580000000000005,628.0
60.585,577.0
60.59,572.0
60.595,609.0
60.6,591.0
60.605000000000004,641.0
60.61,642.0
60.615,604.0
60.62,609.0
60.625,676.0
60.63,727.0
60.635,652.0
60.64,615.0
60.644999999999996,659.0
60.65,612.0
60.655,523.0
60.66,568.0
60.665,642.0
60.669999999999995,668.0
60.675,644.0
60.68,584.0
60.684999999999995,675.0
60.690000000000005,676.0
60.695,630.0
60.7,692.0
60.705000000000005,637.0
60.71,632.0
60.715,658.0
60.72,598.0
60.725,583.0
60.730000000000004,630.0
60.735,646.0
60.74,673.0
60.745,698.0
60.75,660.0
60.755,633.0
60.76,598.0
60.765,654.0
60.769999999999996,654.0
60.775,638.0
60.78,582.0
60.785,571.0
60.79,566.0
60.794999999999995,536.0
60.8,559.0
60.805,626.0
60.809999999999995,675.0
60.815000000000005,694.0
60.82,679.0
60.825,698.0
60.830000000000005,753.0
60.835,792.0
60.84,734.0
60.845,687.0
60.85,695.0
60.855000000000004,702.0
60.86,676.0
60.865,705.0
60.87,681.0
60.875,656.0
60.88,676.0
60.885,669.0
60.89,718.0
60.894999999999996,625.0
60.9,617.0
60.905,650.0
60.91,639.0
60.915,633.0
60.919999999999995,676.0
60.925,604.0
60.93,571.0
60.934999999999995,641.0
60.940000000000005,661.0
60.945,693.0
60.95,682.0
60.955000000000005,708.0
60.96,689.0
60.965,646.0
60.97,682.0
60.975,666.0
60.980000000000004,671.0
60.985,718.0
60.99,742.0
60.995,714.0
61.0,703.0
61.005,756.0
61.01,785.0
61.015,724.0
61.019999999999996,700.0
61.025,729.0
61.03,687.0
61.035,678.0
61.04,694.0
61.044999999999995,661.0
61.05,671.0
61.055,663.0
61.059999999999995,612.0
61.065000000000005,652.0
61.07,761.0
61.075,815.0
61.080000000000005,748.0
61.085,679.0
61.09,662.0
61.095,617.0
61.1,619.0
61.105000000000004,757.0
61.11,833.0
61.115,714.0
61.12,628.0
61.125,673.0
61.13,681.0
61.135,626.0
61.14,612.0
61.144999999999996,654.0
61.15,788.0
61.155,839.0
61.16,674.0
61.165,630.0
61.169999999999995,753.0
61.175,818.0
61.18,812.0
61.184999999999995,785.0
61.190000000000005,721.0
61.195,607.0
61.2,631.0
61.205000000000005,748.0
61.21,791.0
61.215,734.0
61.22,653.0
61.225,692.0
61.230000000000004,770.0
61.235,756.0
61.24,687.0
61.245,660.0
61.25,673.0
61.255,719.0
61.26,740.0
61.265,654.0
61.269999999999996,621.0
61.275,670.0
61.28,668.0
61.285,654.0
61.29,706.0
61.294999999999995,663.0
61.3,666.0
61.305,732.0
61.309999999999995,735.0
61.315000000000005,765.0
61.32,869.0
61.325,830.0
61.330000000000005,644.0
61.335,588.0
61.34,667.0
61.345,642.0
61.35,681.0
61.355000000000004,706.0
61.36,656.0
61.365,665.0
61.37,767.0
61.375,746.0
61.38,669.0
61.385,644.0
61.39,668.0
61.394999999999996,714.0
61.4,801.0
61.405,827.0
61.41,765.0
61.415,732.0
61.419999999999995,722.0
61.425,714.0
61.43,716.0
61.434999999999995,708.0
61.440000000000005,723.0
61.445,753.0
61.45,697.0
61.455000000000005,678.0
61.46,748.0
61.465,735.0
61.47,743.0
61.475,707.0
61.480000000000004,637.0
61.485,590.0
61.49,599.0
61.495,633.0
61.5,684.0
61.505,751.0
61.51,756.0
61.515,670.0
61.519999999999996,641.0
61.525,665.0
61.53,706.0
61.535,788.0
61.54,878.0
61.544999999999995,814.0
61.55,698.0
61.555,757.0
61.559999999999995,826.0
61.565000000000005,735.0
61.57,655.0
61.575,699.0
61.580000000000005,747.0
61.585,659.0
61.59,586.0
61.595,694.0
61.6,734.0
61.605000000000004,719.0
61.61,735.0
61.615,778.0
61.62,769.0
61.625,810.0
61.63,753.0
61.635,648.0
61.64,663.0
61.644999999999996,669.0
61.65,695.0
61.655,766.0
61.66,756.0
61.665,739.0
61.669999999999995,706.0
61.675,679.0
61.68,763.0
61.684999999999995,814.0
61.690000000000005,746.0
61.695,662.0
61.7,679.0
61.705000000000005,765.0
61.71,828.0
61.715,835.0
61.72,800.0
61.725,801.0
61.730000000000004,797.0
61.735,698.0
61.74,683.0
61.745,607.0
61.75,670.0
61.755,737.0
61.76,754.0
61.765,710.0
61.769999999999996,649.0
61.775,634.0
61.78,713.0
61.785,682.0
61.79,668.0
61.794999999999995,753.0
61.8,815.0
61.805,823.0
61.809999999999995,824.0
61.815000000000005,831.0
61.82,795.0
61.825,716.0
61.830000000000005,702.0
61.835,689.0
61.84,636.0
61.845,686.0
61.85,742.0
61.855000000000004,806.0
61.86,863.0
61.865,798.0
61.87,742.0
61.875,806.0
61.88,810.0
61.885,757.0
61.89,792.0
61.894999999999996,858.0
61.9,817.0
61.905,730.0
61.91,751.0
61.915,814.0
61.919999999999995,761.0
61.925,722.0
61.93,768.0
61.934999999999995,744.0
61.940000000000005,696.0
61.945,723.0
61.95,750.0
61.955000000000005,777.0
61.96,839.0
61.965,841.0
61.97,815.0
61.975,774.0
61.980000000000004,857.0
61.985,972.0
61.99,842.0
61.995,732.0
62.0,778.0
62.005,834.0
62.01,779.0
62.015,695.0
62.019999999999996,747.0
62.025,748.0
62.03,676.0
62.035,666.0
62.04,682.0
62.044999999999995,730.0
62.05,826.0
62.055,886.0
62.059999999999995,858.0
62.065000000000005,836.0
62.07,820.0
62.075,730.0
62.080000000000005,720.0
62.085,801.0
62.09,839.0
62.095,828.0
62.1,800.0
62.105000000000004,751.0
62.11,692.0
62.115,687.0
62.12,689.0
62.125,729.0
62.13,803.0
62.135,834.0
62.14,820.0
62.144999999999996,769.0
62.15,716.0
62.155,743.0
62.16,817.0
62.165,867.0
62.169999999999995,839.0
62.175,776.0
62.18,764.0
62.184999999999995,797.0
62.190000000000005,825.0
62.195,839.0
62.2,836.0
62.205000000000005,775.0
62.21,710.0
62.215,698.0
62.22,779.0
62.225,852.0
62.230000000000004,754.0
62.235,724.0
62.24,786.0
62.245,734.0
62.25,695.0
62.255,785.0
62.26,878.0
62.265,866.0
62.269999999999996,810.0
62.275,844.0
62.28,879.0
62.285,775.0
62.29,724.0
62.294999999999995,725.0
62.3,744.0
62.305,772.0
62.309999999999995,782.0
62.315000000000005,849.0
62.32,790.0
62.325,745.0
62.330000000000005,862.0
62.335,828.0
62.34,684.0
62.345,646.0
62.35,719.0
62.355000000000004,774.0
62.36,743.0
62.365,757.0
62.37,878.0
62.375,923.0
62.38,791.0
62.385,796.0
62.39,876.0
62.394999999999996,829.0
62.4,805.0
62.405,778.0
62.41,782.0
62.415,770.0
62.419999999999995,863.0
62.425,844.0
62.43,826.0
62.434999999999995,791.0
62.440000000000005,769.0
62.445,756.0
62.45,727.0
62.455000000000005,790.0
62.46,853.0
62.465,873.0
62.47,915.0
62.475,875.0
62.480000000000004,828.0
62.485,884.0
62.49,1265.0
62.495,2210.0
62.5,3743.0
62.505,6192.0
62.51,10342.0
62.515,16689.0
62.519999999999996,25659.0
62.525,37157.0
62.53,51150.0
62.535,68614.0
62.54,87201.0
62.544999999999995,106969.0
62.55,129433.0
62.555,153014.0
62.559999999999995,176816.0
62.565000000000005,198421.0
62.57,213811.0
62.575,218977.0
62.580000000000005,216764.0
62.585,210942.0
62.59,199402.0
62.595,179775.0
62.6,151737.0
62.605000000000004,120215.0
62.61,89814.0
62.615,64482.0
62.62,45313.0
62.625,30956.0
62.63,20803.0
62.635,13942.0
62.64,9357.0
62.644999999999996,6502.0
62.65,4884.0
62.655,3774.0
62.66,3116.0
62.665,2763.0
62.669999999999995,2406.0
62.675,2082.0
62.68,1876.0
62.684999999999995,1668.0
62.690000000000005,1593.0
62.695,1466.0
62.7,1420.0
62.705000000000005,1322.0
62.71,1290.0
62.715,1346.0
62.72,1289.0
62.725,1116.0
62.730000000000004,1027.0
62.735,937.0
62.74,991.0
62.745,999.0
62.75,938.0
62.755,860.0
62.76,791.0
62.765,830.0
62.769999999999996,855.0
62.775,850.0
62.78,908.0
62.785,916.0
62.79,905.0
62.794999999999995,890.0
62.8,872.0
62.805,837.0
62.809999999999995,824.0
62.815000000000005,865.0
62.82,852.0
62.825,871.0
62.830000000000005,938.0
62.835,910.0
62.84,868.0
62.845,926.0
62.85,887.0
62.855000000000004,806.0
62.86,859.0
62.865,830.0
62.87,741.0
62.875,801.0
62.88,902.0
62.885,919.0
62.89,889.0
62.894999999999996,865.0
62.9,910.0
62.905,967.0
62.91,998.0
62.915,964.0
62.919999999999995,847.0
62.925,718.0
62.93,714.0
62.934999999999995,854.0
62.940000000000005,881.0
62.945,796.0
62.95,780.0
62.955000000000005,794.0
62.96,860.0
62.965,951.0
62.97,862.0
62.975,775.0
62.980000000000004,866.0
62.985,910.0
62.99,845.0
62.995,814.0
63.0,793.0
63.005,737.0
63.01,730.0
63.015,773.0
63.019999999999996,882.0
63.025,953.0
63.03,907.0
63.035,854.0
63.04,893.0
63.044999999999995,939.0
63.05,969.0
63.055,983.0
63.059999999999995,1018.0
63.065000000000005,1088.0
63.07,978.0
63.075,801.0
63.080000000000005,777.0
63.085,870.0
63.09,1023.0
63.095,1071.0
63.1,943.0
63.105000000000004,780.0
63.11,801.0
63.115,876.0
63.12,812.0
63.125,737.0
63.13,769.0
63.135,838.0
63.14,848.0
63.144999999999996,834.0
63.15,857.0
63.155,874.0
63.16,872.0
63.165,938.0
63.169999999999995,879.0
63.175,777.0
63.18,889.0
63.184999999999995,964.0
63.190000000000005,942.0
63.195,934.0
63.2,919.0
63.205000000000005,876.0
63.21,831.0
63.215,839.0
63.22,847.0
63.225,845.0
63.230000000000004,926.0
63.235,930.0
63.24,878.0
63.245,959.0
63.25,1066.0
63.255,1047.0
63.26,1028.0
63.265,1021.0
63.269999999999996,911.0
63.275,904.0
63.28,1012.0
63.285,1105.0
63.29,1057.0
63.294999999999995,1002.0
63.3,1047.0
63.305,963.0
63.309999999999995,884.0
63.315000000000005,963.0
63.32,1030.0
63.325,1017.0
63.330000000000005,1028.0
63.335,1034.0
63.34,1052.0
63.345,1081.0
63.35,1060.0
63.355000000000004,1010.0
63.36,906.0
63.365,854.0
63.37,916.0
63.375,987.0
63.38,971.0
63.385,889.0
63.39,923.0
63.394999999999996,1020.0
63.4,950.0
63.405,868.0
63.41,849.0
63.415,802.0
63.419999999999995,825.0
63.425,926.0
63.43,987.0
63.434999999999995,1047.0
63.440000000000005,1063.0
63.445,1007.0
63.45,929.0
63.455000000000005,905.0
63.46,916.0
63.465,961.0
63.47,1012.0
63.475,1066.0
63.480000000000004,1062.0
63.485,945.0
63.49,914.0
63.495,953.0
63.5,914.0
63.505,847.0
63.51,802.0
63.515,832.0
63.519999999999996,840.0
63.525,851.0
63.53,925.0
63.535,967.0
63.54,932.0
63.544999999999995,893.0
63.55,929.0
63.555,942.0
63.559999999999995,1015.0
63.565000000000005,1026.0
63.57,918.0
63.575,979.0
63.580000000000005,975.0
63.585,846.0
63.59,922.0
63.595,1065.0
63.6,1017.0
63.605000000000004,869.0
63.61,866.0
63.615,972.0
63.62,1057.0
63.625,1118.0
63.63,1095.0
63.635,967.0
63.64,919.0
63.644999999999996,1033.0
63.65,1105.0
63.655,1055.0
63.66,1041.0
63.665,1060.0
63.669999999999995,1015.0
63.675,940.0
63.68,900.0
63.684999999999995,928.0
63.690000000000005,972.0
63.695,978.0
63.7,996.0
63.705000000000005,1020.0
63.71,1078.0
63.715,1216.0
63.72,1233.0
63.725,1054.0
63.730000000000004,879.0
63.735,838.0
63.74,882.0
63.745,908.0
63.75,927.0
63.755,942.0
63.76,996.0
63.765,1121.0
63.769999999999996,1082.0
63.775,982.0
63.78,1145.0
63.785,1326.0
63.79,1249.0
63.794999999999995,1154.0
63.8,1150.0
63.805,1135.0
63.809999999999995,1064.0
63.815000000000005,1028.0
63.82,1090.0
63.825,1109.0
63.830000000000005,1105.0
63.835,1159.0
63.84,1228.0
63.845,1214.0
63.85,1159.0
63.855000000000004,1199.0
63.86,1198.0
63.865,1061.0
63.87,1039.0
63.875,1097.0
63.88,1127.0
63.885,1113.0
63.89,1135.0
63.894999999999996,1170.0
63.9,1114.0
63.905,1034.0
63.91,1041.0
63.915,1086.0
63.919999999999995,1174.0
63.925,1120.0
63.93,1046.0
63.934999999999995,1051.0
63.940000000000005,1081.0
63.945,1130.0
63.95,999.0
63.955000000000005,897.0
63.96,1020.0
63.965,1118.0
63.97,1118.0
63.975,1119.0
63.980000000000004,1121.0
63.985,1124.0
63.99,1097.0
63.995,1055.0
64.0,1052.0
64.00500000000001,1037.0
64.01,1015.0
64.015,1033.0
64.02,1054.0
64.025,1068.0
64.03,1050.0
64.035,1060.0
64.04,1086.0
64.045,1058.0
64.05,1007.0
64.055,1042.0
64.06,1028.0
64.065,988.0
64.07,953.0
64.075,920.0
64.08,897.0
64.085,906.0
64.09,994.0
64.095,1116.0
64.1,1119.0
64.105,1044.0
64.11,1086.0
64.115,1107.0
64.11999999999999,1140.0
64.125,1230.0
64.13000000000001,1092.0
64.135,1032.0
64.14,1206.0
64.145,1234.0
64.15,1074.0
64.155,977.0
64.16,1006.0
64.165,1047.0
64.17,1068.0
64.175,1102.0
64.18,1118.0
64.185,1059.0
64.19,1026.0
64.195,1151.0
64.2,1103.0
64.205,938.0
64.21,964.0
64.215,1047.0
64.22,1111.0
64.225,1127.0
64.23,1070.0
64.235,1054.0
64.24,1102.0
64.24499999999999,1023.0
64.25,969.0
64.25500000000001,994.0
64.26,927.0
64.265,876.0
64.27,959.0
64.275,1119.0
64.28,1222.0
64.285,1169.0
64.29,1100.0
64.295,1153.0
64.3,1180.0
64.305,1128.0
64.31,1205.0
64.315,1297.0
64.32,1196.0
64.325,1052.0
64.33,1054.0
64.335,1127.0
64.34,1150.0
64.345,1166.0
64.35,1122.0
64.355,1090.0
64.36,1196.0
64.365,1353.0
64.36999999999999,1306.0
64.375,1108.0
64.38000000000001,1102.0
64.385,1125.0
64.39,1083.0
64.395,1092.0
64.4,1089.0
64.405,1001.0
64.41,918.0
64.415,911.0
64.42,1016.0
64.425,1095.0
64.43,1140.0
64.435,1130.0
64.44,1110.0
64.445,1126.0
64.45,1030.0
64.455,970.0
64.46,1146.0
64.465,1308.0
64.47,1236.0
64.475,1096.0
64.48,1065.0
64.485,1028.0
64.49,978.0
64.49499999999999,956.0
64.5,1063.0
64.50500000000001,1324.0
64.51,1417.0
64.515,1348.0
64.52,1316.0
64.525,1266.0
64.53,1159.0
64.535,1066.0
64.54,1078.0
64.545,1094.0
64.55,1076.0
64.555,1062.0
64.56,1071.0
64.565,1108.0
64.57,1118.0
64.575,1164.0
64.58,1159.0
64.585,1096.0
64.59,1137.0
64.595,1153.0
64.6,1100.0
64.605,1054.0
64.61,1079.0
64.615,1137.0
64.61999999999999,1154.0
64.625,1153.0
64.63000000000001,1185.0
64.635,1210.0
64.64,1087.0
64.645,989.0
64.65,1084.0
64.655,1201.0
64.66,1190.0
64.665,1130.0
64.67,1174.0
64.675,1154.0
64.68,1142.0
64.685,1231.0
64.69,1272.0
64.695,1209.0
64.7,1256.0
64.705,1310.0
64.71,1273.0
64.715,1252.0
64.72,1114.0
64.725,998.0
64.73,1124.0
64.735,1210.0
64.74,1134.0
64.74499999999999,1066.0
64.75,1058.0
64.75500000000001,1074.0
64.76,1080.0
64.765,1078.0
64.77,1105.0
64.775,1089.0
64.78,1039.0
64.785,1085.0
64.79,1173.0
64.795,1123.0
64.8,1041.0
64.805,1092.0
64.81,1178.0
64.815,1177.0
64.82,1119.0
64.825,1128.0
64.83,1300.0
64.835,1358.0
64.84,1230.0
64.845,1134.0
64.85,1140.0
64.855,1182.0
64.86,1183.0
64.865,1201.0
64.86999999999999,1258.0
64.875,1346.0
64.88000000000001,1351.0
64.885,1252.0
64.89,1118.0
64.895,1020.0
64.9,1048.0
64.905,1114.0
64.91,1156.0
64.915,1215.0
64.92,1201.0
64.925,1188.0
64.93,1242.0
64.935,2007.0
64.94,3361.0
64.945,5554.0
64.95,8961.0
64.955,13859.0
64.96,20480.0
64.965,29901.0
64.97,41951.0
64.975,56275.0
64.98,74974.0
64.985,97085.0
64.99,118981.0
64.99499999999999,142092.0
65.0,165344.0
65.00500000000001,185267.0
65.01,203471.0
65.015,217648.0
65.02,224015.0
65.025,220601.0
65.03,205627.0
65.035,180951.0
65.04,150764.0
65.045,119235.0
65.05,90476.0
65.055,66922.0
65.06,48342.0
65.065,34113.0
65.07,23528.0
65.075,15949.0
65.08,10827.0
65.085,7757.0
65.09,5876.0
65.095,4542.0
65.1,3615.0
65.105,3031.0
65.11,2646.0
65.115,2468.0
65.11999999999999,2367.0
65.125,2079.0
65.13000000000001,1895.0
65.135,1834.0
65.14,1735.0
65.145,1582.0
65.15,1414.0
65.155,1342.0
65.16,1290.0
65.165,1370.0
65.17,1322.0
65.175,1297.0
65.18,1335.0
65.185,1185.0
65.19,1062.0
65.195,1150.0
65.2,1272.0
65.205,1286.0
65.21,1230.0
65.215,1223.0
65.22,1334.0
65.225,1377.0
65.23,1327.0
65.235,1353.0
65.24,1347.0
65.24499999999999,1208.0
65.25,1188.0
65.25500000000001,1321.0
65.26,1381.0
65.265,1375.0
65.27,1366.0
65.275,1377.0
65.28,1277.0
65.285,1103.0
65.29,1110.0
65.295,1257.0
65.3,1458.0
65.305,1582.0
65.31,1484.0
65.315,1354.0
65.32,1326.0
65.325,1334.0
65.33,1263.0
65.335,1198.0
65.34,1356.0
65.345,1575.0
65.35,1535.0
65.355,1430.0
65.36,1490.0
65.365,1414.0
65.36999999999999,1237.0
65.375,1192.0
65.38000000000001,1249.0
65.385,1392.0
65.39,1469.0
65.395,1409.0
65.4,1292.0
65.405,1228.0
65.41,1230.0
65.415,1215.0
65.42,1289.0
65.425,1462.0
65.43,1510.0
65.435,1451.0
65.44,1407.0
65.445,1417.0
65.45,1399.0
65.455,1353.0
65.46,1369.0
65.465,1383.0
65.47,1399.0
65.475,1401.0
65.48,1315.0
65.485,1286.0
65.49,1271.0
65.49499999999999,1260.0
65.5,1403.0
65.50500000000001,1478.0
65.51,1365.0
65.515,1285.0
65.52,1303.0
65.525,1272.0
65.53,1211.0
65.535,1153.0
65.54,1233.0
65.545,1434.0
65.55,1410.0
65.555,1305.0
65.56,1287.0
65.565,1290.0
65.57,1385.0
65.575,1420.0
65.58,1430.0
65.585,1450.0
65.59,1333.0
65.595,1164.0
65.6,1227.0
65.605,1457.0
65.61,1542.0
65.615,1449.0
65.61999999999999,1380.0
65.625,1415.0
65.63000000000001,1409.0
65.635,1353.0
65.64,1415.0
65.645,1423.0
65.65,1401.0
65.655,1590.0
65.66,1674.0
65.665,1604.0
65.67,1534.0
65.675,1457.0
65.68,1417.0
65.685,1422.0
65.69,1502.0
65.695,1496.0
65.7,1449.0
65.705,1455.0
65.71,1364.0
65.715,1294.0
65.72,1334.0
65.725,1415.0
65.73,1433.0
65.735,1297.0
65.74,1224.0
65.74499999999999,1343.0
65.75,1442.0
65.75500000000001,1351.0
65.76,1229.0
65.765,1163.0
65.77,1130.0
65.775,1159.0
65.78,1342.0
65.785,1476.0
65.79,1465.0
65.795,1526.0
65.8,1548.0
65.805,1506.0
65.81,1495.0
65.815,1430.0
65.82,1316.0
65.825,1313.0
65.83,1409.0
65.835,1458.0
65.84,1385.0
65.845,1330.0
65.85,1338.0
65.855,1380.0
65.86,1484.0
65.865,1498.0
65.86999999999999,1446.0
65.875,1483.0
65.88000000000001,1388.0
65.885,1279.0
65.89,1353.0
65.895,1387.0
65.9,1417.0
65.905,1470.0
65.91,1391.0
65.915,1322.0
65.92,1300.0
65.925,1434.0
65.93,1522.0
65.935,1391.0
65.94,1319.0
65.945,1326.0
65.95,1352.0
65.955,1439.0
65.96,1513.0
65.965,1509.0
65.97,1445.0
65.975,1435.0
65.98,1415.0
65.985,1354.0
65.99,1311.0
65.99499999999999,1366.0
66.0,1370.0
66.00500000000001,1382.0
66.01,1506.0
66.015,1604.0
66.02,1524.0
66.025,1420.0
66.03,1366.0
66.035,1388.0
66.04,1529.0
66.045,1522.0
66.05,1401.0
66.055,1423.0
66.06,1551.0
66.065,1653.0
66.07,1504.0
66.075,1358.0
66.08,1462.0
66.085,1526.0
66.09,1459.0
66.095,1460.0
66.1,1468.0
66.105,1513.0
66.11,1529.0
66.115,1514.0
66.11999999999999,1552.0
66.125,1438.0
66.13000000000001,1369.0
66.135,1402.0
66.14,1426.0
66.145,1546.0
66.15,1665.0
66.155,1580.0
66.16,1440.0
66.165,1472.0
66.17,1521.0
66.175,1414.0
66.18,1348.0
66.185,1430.0
66.19,1435.0
66.195,1487.0
66.2,1478.0
66.205,1319.0
66.21,1345.0
66.215,1436.0
66.22,1330.0
66.225,1326.0
66.23,1495.0
66.235,1485.0
66.24,1385.0
66.24499999999999,1430.0
66.25,1542.0
66.25500000000001,1629.0
66.26,1665.0
66.265,1715.0
66.27,1772.0
66.275,1733.0
66.28,1663.0
66.285,1542.0
66.29,1441.0
66.295,1401.0
66.3,1545.0
66.305,1692.0
66.31,1663.0
66.315,1653.0
66.32,1620.0
66.325,1466.0
66.33,1452.0
66.335,1621.0
66.34,1625.0
66.345,1543.0
66.35,1474.0
66.355,1413.0
66.36,1475.0
66.365,1614.0
66.36999999999999,1626.0
66.375,1653.0
66.38000000000001,1672.0
66.385,1568.0
66.39,1493.0
66.395,1549.0
66.4,1597.0
66.405,1490.0
66.41,1346.0
66.415,1323.0
66.42,1460.0
66.425,1597.0
66.43,1575.0
66.435,1484.0
66.44,1431.0
66.445,1439.0
66.45,1489.0
66.455,1575.0
66.46,1638.0
66.465,1505.0
66.47,1271.0
66.475,1260.0
66.48,1394.0
66.485,1564.0
66.49,1666.0
66.49499999999999,1514.0
66.5,1471.0
66.50500000000001,1628.0
66.51,1761.0
66.515,1858.0
66.52,1838.0
66.525,1626.0
66.53,1465.0
66.535,1535.0
66.54,1569.0
66.545,1433.0
66.55,1384.0
66.555,1351.0
66.56,1348.0
66.565,1501.0
66.57,1658.0
66.575,1766.0
66.58,1868.0
66.585,1890.0
66.59,1772.0
66.595,1612.0
66.6,1516.0
66.605,1529.0
66.61,1556.0
66.615,1578.0
66.61999999999999,1638.0
66.625,1634.0
66.63000000000001,1593.0
66.635,1524.0
66.64,1479.0
66.645,1538.0
66.65,1553.0
66.655,1566.0
66.66,1640.0
66.665,1619.0
66.67,1630.0
66.675,1612.0
66.68,1540.0
66.685,1631.0
66.69,1651.0
66.695,1492.0
66.7,1524.0
66.705,1697.0
66.71,1796.0
66.715,1767.0
66.72,1676.0
66.725,1546.0
66.73,1412.0
66.735,1444.0
66.74,1735.0
66.74499999999999,1926.0
66.75,1793.0
66.75500000000001,1576.0
66.76,1449.0
66.765,1548.0
66.77,1726.0
66.775,1762.0
66.78,1689.0
66.785,1626.0
66.79,1636.0
66.795,1541.0
66.8,1439.0
66.805,1605.0
66.81,1866.0
66.815,1841.0
66.82,1623.0
66.825,1591.0
66.83,1732.0
66.835,1783.0
66.84,1714.0
66.845,1708.0
66.85,1714.0
66.855,1559.0
66.86,1451.0
66.865,1558.0
66.86999999999999,1702.0
66.875,1805.0
66.88000000000001,1874.0
66.885,1892.0
66.89,1834.0
66.895,1842.0
66.9,1852.0
66.905,1722.0
66.91,1514.0
66.915,1337.0
66.92,1497.0
66.925,1767.0
66.93,1645.0
66.935,1571.0
66.94,1657.0
66.945,1706.0
66.95,1908.0
66.955,2106.0
66.96,1988.0
66.965,1799.0
66.97,1775.0
66.975,1754.0
66.98,1693.0
66.985,1691.0
66.99,1670.0
66.99499999999999,1593.0
67.0,1607.0
67.00500000000001,1655.0
67.01,1644.0
67.015,1657.0
67.02,1711.0
67.025,1708.0
67.03,1727.0
67.035,1850.0
67.04,1874.0
67.045,1711.0
67.05,1607.0
67.055,1606.0
67.06,1625.0
67.065,1742.0
67.07,1800.0
67.075,1677.0
67.08,1709.0
67.085,1839.0
67.09,1801.0
67.095,1717.0
67.1,1695.0
67.105,1673.0
67.11,1630.0
67.115,1699.0
67.11999999999999,1834.0
67.125,1854.0
67.13000000000001,1758.0
67.135,1730.0
67.14,1672.0
67.145,1569.0
67.15,1632.0
67.155,1820.0
67.16,1913.0
67.165,1847.0
67.17,1728.0
67.175,1737.0
67.18,1727.0
67.185,1677.0
67.19,1692.0
67.195,1649.0
67.2,1621.0
67.205,1701.0
67.21,1721.0
67.215,1813.0
67.22,1912.0
67.225,1817.0
67.23,1778.0
67.235,1906.0
67.24,1802.0
67.24499999999999,1534.0
67.25,1601.0
67.25500000000001,1774.0
67.26,1742.0
67.265,1730.0
67.27,1678.0
67.275,1568.0
67.28,1660.0
67.285,1747.0
67.29,1753.0
67.295,2290.0
67.3,3820.0
67.305,6593.0
67.31,11013.0
67.315,17135.0
67.32,25181.0
67.325,35388.0
67.33,48410.0
67.335,65191.0
67.34,85837.0
67.345,107889.0
67.35,129326.0
67.355,151241.0
67.36,175267.0
67.365,198390.0
67.36999999999999,213674.0
67.375,221364.0
67.38000000000001,222046.0
67.385,211042.0
67.39,188894.0
67.395,160258.0
67.4,129735.0
67.405,102403.0
67.41,78495.0
67.415,58263.0
67.42,42546.0
67.425,30846.0
67.43,22470.0
67.435,16494.0
67.44,11769.0
67.445,8280.0
67.45,6269.0
67.455,5160.0
67.46,4556.0
67.465,3969.0
67.47,3412.0
67.475,3074.0
67.48,2849.0
67.485,2575.0
67.49,2276.0
67.49499999999999,2188.0
67.5,2199.0
67.50500000000001,2039.0
67.51,1898.0
67.515,1935.0
67.52,2071.0
67.525,1938.0
67.53,1823.0
67.535,1890.0
67.54,1910.0
67.545,1814.0
67.55,1802.0
67.555,1820.0
67.56,1828.0
67.565,1886.0
67.57,1978.0
67.575,1942.0
67.58,1764.0
67.585,1780.0
67.59,1857.0
67.595,1796.0
67.6,1752.0
67.605,1794.0
67.61,1854.0
67.615,1862.0
67.61999999999999,1954.0
67.625,2042.0
67.63000000000001,1983.0
67.635,1942.0
67.64,1882.0
67.645,1927.0
67.65,2025.0
67.655,2011.0
67.66,2021.0
67.665,1958.0
67.67,1827.0
67.675,1903.0
67.68,2002.0
67.685,1938.0
67.69,1911.0
67.695,1951.0
67.7,2010.0
67.705,2118.0
67.71,2190.0
67.715,2197.0
67.72,2036.0
67.725,1842.0
67.73,1924.0
67.735,2000.0
67.74,1915.0
67.74499999999999,1914.0
67.75,1759.0
67.75500000000001,1628.0
67.76,1838.0
67.765,1898.0
67.77,1771.0
67.775,1824.0
67.78,2104.0
67.785,2220.0
67.79,2054.0
67.795,1934.0
67.8,1855.0
67.805,1836.0
67.81,2003.0
67.815,2012.0
67.82,1839.0
67.825,1836.0
67.83,1913.0
67.835,1988.0
67.84,2118.0
67.845,2131.0
67.85,2047.0
67.855,2024.0
67.86,2034.0
67.865,2004.0
67.86999999999999,1938.0
67.875,1935.0
67.88000000000001,2105.0
67.885,2308.0
67.89,2279.0
67.895,2110.0
67.9,1962.0
67.905,1945.0
67.91,2054.0
67.915,2129.0
67.92,2143.0
67.925,2117.0
67.93,1996.0
67.935,1868.0
67.94,1872.0
67.945,1936.0
67.95,1957.0
67.955,1887.0
67.96,1847.0
67.965,2050.0
67.97,2201.0
67.975,2193.0
67.98,2119.0
67.985,2114.0
67.99,2178.0
67.99499999999999,2113.0
68.0,1940.0
68.00500000000001,1927.0
68.01,2057.0
68.015,2074.0
68.02,2037.0
68.025,2050.0
68.03,2038.0
68.035,1826.0
68.04,1639.0
68.045,1719.0
68.05,1837.0
68.055,1948.0
68.06,2066.0
68.065,2057.0
68.07,2092.0
68.075,2159.0
68.08,2082.0
68.085,2046.0
68.09,1994.0
68.095,2092.0
68.1,2183.0
68.105,1982.0
68.11,1869.0
68.115,1926.0
68.11999999999999,1988.0
68.125,2014.0
68.13000000000001,2010.0
68.135,2022.0
68.14,2031.0
68.145,1988.0
68.15,2004.0
68.155,2106.0
68.16,2081.0
68.165,1962.0
68.17,1986.0
68.175,2022.0
68.18,1948.0
68.185,1883.0
68.19,2033.0
68.195,2326.0
68.2,2358.0
68.205,2076.0
68.21,1908.0
68.215,1975.0
68.22,2067.0
68.225,2190.0
68.23,2214.0
68.235,2202.0
68.24,2150.0
68.24499999999999,1980.0
68.25,1940.0
68.25500000000001,1966.0
68.26,1961.0
68.265,2102.0
68.27,2166.0
68.275,2098.0
68.28,2097.0
68.28500000000001,2190.0
68.28999999999999,2268.0
68.295,2151.0
68.3,2085.0
68.305,2198.0
68.31,2176.0
68.315,2025.0
68.32,2001.0
68.325,2058.0
68.33,2070.0
68.33500000000001,2044.0
68.33999999999999,2073.0
68.345,2138.0
68.35,2231.0
68.355,2244.0
68.36,2111.0
68.365,2081.0
68.36999999999999,2188.0
68.375,2225.0
68.38000000000001,2121.0
68.385,1954.0
68.39,2081.0
68.395,2249.0
68.4,2153.0
68.405,2126.0
68.41000000000001,1945.0
68.41499999999999,1657.0
68.42,1751.0
68.425,2090.0
68.43,2086.0
68.435,1934.0
68.44,1930.0
68.445,1932.0
68.45,2044.0
68.455,2134.0
68.46000000000001,2161.0
68.46499999999999,2188.0
68.47,2080.0
68.475,1964.0
68.48,2033.0
68.485,2113.0
68.49,2188.0
68.49499999999999,2194.0
68.5,2106.0
68.50500000000001,2087.0
68.51,2153.0
68.515,2127.0
68.52,2090.0
68.525,2102.0
68.53,2106.0
68.53500000000001,2223.0
68.53999999999999,2351.0
68.545,2313.0
68.55,2239.0
68.555,2222.0
68.56,2126.0
68.565,2050.0
68.57,2119.0
68.575,2170.0
68.58,2276.0
68.58500000000001,2263.0
68.58999999999999,2017.0
68.595,1977.0
68.6,2134.0
68.605,2202.0
68.61,2186.0
68.615,2298.0
68.61999999999999,2432.0
68.625,2369.0
68.63000000000001,2190.0
68.635,2039.0
68.64,1995.0
68.645,1955.0
68.65,1993.0
68.655,2174.0
68.66000000000001,2423.0
68.66499999999999,2547.0
68.67,2508.0
68.675,2478.0
68.68,2359.0
68.685,2173.0
68.69,2157.0
68.695,2216.0
68.7,2176.0
68.705,2182.0
68.71000000000001,2300.0
68.71499999999999,2439.0
68.72,2529.0
68.725,2423.0
68.73,2270.0
68.735,2297.0
68.74,2278.0
68.74499999999999,2133.0
68.75,2085.0
68.75500000000001,2057.0
68.76,2093.0
68.765,2254.0
68.77,2324.0
68.775,2334.0
68.78,2391.0
68.78500000000001,2385.0
68.78999999999999,2362.0
68.795,2273.0
68.8,2095.0
68.805,2083.0
68.81,2217.0
68.815,2255.0
68.82,2295.0
68.825,2380.0
68.83,2270.0
68.83500000000001,2138.0
68.83999999999999,2075.0
68.845,1959.0
68.85,2074.0
68.855,2290.0
68.86,2311.0
68.865,2370.0
68.86999999999999,2550.0
68.875,2604.0
68.88000000000001,2353.0
68.885,2116.0
68.89,2130.0
68.895,2151.0
68.9,2249.0
68.905,2358.0
68.91000000000001,2358.0
68.91499999999999,2402.0
68.92,2466.0
68.925,2506.0
68.93,2454.0
68.935,2327.0
68.94,2298.0
68.945,2337.0
68.95,2393.0
68.955,2318.0
68.96000000000001,2190.0
68.96499999999999,2183.0
68.97,2264.0
68.975,2337.0
68.98,2289.0
68.985,2366.0
68.99,2582.0
68.99499999999999,2495.0
69.0,2326.0
69.00500000000001,2370.0
69.01,2311.0
69.015,2266.0
69.02,2308.0
69.025,2212.0
69.03,2135.0
69.03500000000001,2158.0
69.03999999999999,2233.0
69.045,2156.0
69.05,2065.0
69.055,2266.0
69.06,2386.0
69.065,2481.0
69.07,2498.0
69.075,2369.0
69.08,2297.0
69.08500000000001,2346.0
69.08999999999999,2478.0
69.095,2468.0
69.1,2337.0
69.105,2332.0
69.11,2322.0
69.115,2302.0
69.11999999999999,2383.0
69.125,2455.0
69.13000000000001,2470.0
69.135,2501.0
69.14,2677.0
69.145,2678.0
69.15,2397.0
69.155,2359.0
69.16000000000001,2494.0
69.16499999999999,2458.0
69.17,2407.0
69.175,2457.0
69.18,2524.0
69.185,2468.0
69.19,2396.0
69.195,2490.0
69.2,2686.0
69.205,2615.0
69.21000000000001,2428.0
69.21499999999999,2422.0
69.22,2449.0
69.225,2315.0
69.23,2124.0
69.235,2182.0
69.24,2394.0
69.24499999999999,2518.0
69.25,2633.0
69.25500000000001,2555.0
69.26,2438.0
69.265,2530.0
69.27,2510.0
69.275,2406.0
69.28,2329.0
69.28500000000001,2276.0
69.28999999999999,2241.0
69.295,2278.0
69.3,2334.0
69.305,2375.0
69.31,2614.0
69.315,2870.0
69.32,2866.0
69.325,2767.0
69.33,2722.0
69.33500000000001,2566.0
69.33999999999999,2452.0
69.345,2465.0
69.35,2406.0
69.355,2505.0
69.36,2640.0
69.365,2671.0
69.36999999999999,2722.0
69.375,2591.0
69.38000000000001,2388.0
69.385,2302.0
69.39,2396.0
69.395,2596.0
69.4,2572.0
69.405,2510.0
69.41000000000001,2564.0
69.41499999999999,2554.0
69.42,2517.0
69.425,2450.0
69.43,2389.0
69.435,2395.0
69.44,2569.0
69.445,2716.0
69.45,2710.0
69.455,2647.0
69.46000000000001,2521.0
69.46499999999999,2484.0
69.47,2551.0
69.475,2609.0
69.48,2494.0
69.485,2420.0
69.49,2550.0
69.49499999999999,2583.0
69.5,2525.0
69.50500000000001,2421.0
69.51,2416.0
69.515,2530.0
69.52,2506.0
69.525,2426.0
69.53,2385.0
69.53500000000001,2364.0
69.53999999999999,2404.0
69.545,2426.0
69.55,2329.0
69.555,2354.0
69.56,2574.0
69.565,2649.0
69.57,2500.0
69.575,3146.0
69.58,4839.0
69.58500000000001,7722.0
69.58999999999999,12548.0
69.595,19824.0
69.6,28773.0
69.605,39162.0
69.61,51927.0
69.615,68323.0
69.61999999999999,89638.0
69.625,114134.0
69.63000000000001,139646.0
69.635,163762.0
69.64,182487.0
69.645,196895.0
69.65,206633.0
69.655,207609.0
69.66000000000001,199300.0
69.66499999999999,183654.0
69.67,164743.0
69.675,144573.0
69.68,121644.0
69.685,96527.0
69.69,72855.0
69.695,53637.0
69.7,39928.0
69.705,30018.0
69.71000000000001,22314.0
69.71499999999999,16850.0
69.72,13106.0
69.725,10402.0
69.73,8426.0
69.735,6964.0
69.74,5810.0
69.74499999999999,4965.0
69.75,4378.0
69.75500000000001,4158.0
69.76,3994.0
69.765,3660.0
69.77,3405.0
69.775,3175.0
69.78,2986.0
69.78500000000001,2862.0
69.78999999999999,2793.0
69.795,2598.0
69.8,2598.0
69.805,2734.0
69.81,2726.0
69.815,2598.0
69.82,2617.0
69.825,2758.0
69.83,2729.0
69.83500000000001,2591.0
69.83999999999999,2673.0
69.845,2754.0
69.85,2748.0
69.855,2834.0
69.86,2794.0
69.865,2738.0
69.86999999999999,2919.0
69.875,2918.0
69.88000000000001,2799.0
69.885,2852.0
69.89,2894.0
69.895,2786.0
69.9,2733.0
69.905,2782.0
69.91000000000001,2855.0
69.91499999999999,2964.0
69.92,2951.0
69.925,2831.0
69.93,2860.0
69.935,2849.0
69.94,2668.0
69.945,2679.0
69.95,2846.0
69.955,2817.0
69.96000000000001,2732.0
69.96499999999999,2847.0
69.97,2868.0
69.975,2788.0
69.98,2750.0
69.985,2639.0
69.99,2625.0
69.99499999999999,2762.0
70.0,2841.0
70.00500000000001,2738.0
70.01,2585.0
70.015,2634.0
70.02,2889.0
70.025,2986.0
70.03,2875.0
70.03500000000001,2945.0
70.03999999999999,3063.0
70.045,2891.0
70.05,2652.0
70.055,2556.0
70.06,2666.0
70.065,2817.0
70.07,2730.0
70.075,2663.0
70.08,2681.0
70.08500000000001,2607.0
70.08999999999999,2671.0
70.095,2889.0
70.1,2836.0
70.105,2663.0
70.11,2743.0
70.115,2705.0
70.11999999999999,2583.0
70.125,2675.0
70.13000000000001,2640.0
70.135,2521.0
70.14,2593.0
70.145,2703.0
70.15,2788.0
70.155,2758.0
70.16000000000001,2668.0
70.16499999999999,2619.0
70.17,2604.0
70.175,2636.0
70.18,2681.0
70.185,2790.0
70.19,2818.0
70.195,2898.0
70.2,3138.0
70.205,3108.0
70.21000000000001,2991.0
70.21499999999999,3001.0
70.22,2844.0
70.225,2839.0
70.23,3025.0
70.235,2932.0
70.24,2790.0
70.24499999999999,2814.0
70.25,2841.0
70.25500000000001,3030.0
70.26,3086.0
70.265,2794.0
70.27,2746.0
70.275,2869.0
70.28,2839.0
70.28500000000001,2836.0
70.28999999999999,2984.0
70.295,3087.0
70.3,3058.0
70.305,3060.0
70.31,3008.0
70.315,2966.0
70.32,3023.0
70.325,3055.0
70.33,2996.0
70.33500000000001,2909.0
70.33999999999999,2863.0
70.345,2838.0
70.35,2791.0
70.355,2776.0
70.36,2892.0
70.365,2912.0
70.36999999999999,2727.0
70.375,2782.0
70.38000000000001,2948.0
70.385,2857.0
70.39,2858.0
70.395,2901.0
70.4,2805.0
70.405,2720.0
70.41000000000001,2638.0
70.41499999999999,2617.0
70.42,2684.0
70.425,2646.0
70.43,2616.0
70.435,2711.0
70.44,2743.0
70.445,2762.0
70.45,2906.0
70.455,3209.0
70.46000000000001,3359.0
70.46499999999999,3129.0
70.47,2855.0
70.475,2860.0
70.48,2934.0
70.485,2866.0
70.49,2977.0
70.49499999999999,3122.0
70.5,3028.0
70.50500000000001,2873.0
70.51,2795.0
70.515,2878.0
70.52,2956.0
70.525,2935.0
70.53,2981.0
70.53500000000001,3070.0
70.53999999999999,3086.0
70.545,2986.0
70.55,2973.0
70.555,2998.0
70.56,3015.0
70.565,2946.0
70.57,2787.0
70.575,2758.0
70.58,2747.0
70.58500000000001,2830.0
70.58999999999999,3084.0
70.595,3146.0
70.6,3022.0
70.605,2973.0
70.61,3022.0
70.615,3102.0
70.61999999999999,3166.0
70.625,3206.0
70.63000000000001,3097.0
70.635,2914.0
70.64,2886.0
70.645,3052.0
70.65,3145.0
70.655,3162.0
70.66000000000001,3263.0
70.66499999999999,3195.0
70.67,3132.0
70.675,3301.0
70.68,3321.0
70.685,3167.0
70.69,3177.0
70.695,3231.0
70.7,3073.0
70.705,2818.0
70.71000000000001,2828.0
70.71499999999999,2925.0
70.72,2744.0
70.725,2692.0
70.73,2849.0
70.735,2942.0
70.74,3049.0
70.74499999999999,3044.0
70.75,2946.0
70.75500000000001,3041.0
70.76,3122.0
70.765,3092.0
70.77,3106.0
70.775,3097.0
70.78,3089.0
70.78500000000001,3222.0
70.78999999999999,3300.0
70.795,3259.0
70.8,3247.0
70.805,3150.0
70.81,3121.0
70.815,3218.0
70.82,3028.0
70.825,2942.0
70.83,3198.0
70.83500000000001,3326.0
70.83999999999999,3281.0
70.845,3276.0
70.85,3335.0
70.855,3330.0
70.86,3174.0
70.865,3036.0
70.86999999999999,3055.0
70.875,3060.0
70.88000000000001,2914.0
70.885,2769.0
70.89,2939.0
70.895,3182.0
70.9,3215.0
70.905,3183.0
70.91000000000001,3086.0
70.91499999999999,3177.0
70.92,3322.0
70.925,3326.0
70.93,3274.0
70.935,3103.0
70.94,3068.0
70.945,3214.0
70.95,3142.0
70.955,3064.0
70.96000000000001,3111.0
70.96499999999999,3252.0
70.97,3439.0
70.975,3266.0
70.98,2927.0
70.985,2942.0
70.99,3103.0
70.99499999999999,3190.0
71.0,3351.0
71.00500000000001,3463.0
71.01,3330.0
71.015,3158.0
71.02,3133.0
71.025,3183.0
71.03,3111.0
71.03500000000001,3138.0
71.03999999999999,3332.0
71.045,3387.0
71.05,3229.0
71.055,3329.0
71.06,3385.0
71.065,3225.0
71.07,3078.0
71.075,3087.0
71.08,3191.0
71.08500000000001,3242.0
71.08999999999999,3279.0
71.095,3234.0
71.1,3089.0
71.105,3055.0
71.11,3202.0
71.115,3286.0
71.11999999999999,3161.0
71.125,3119.0
71.13000000000001,3318.0
71.135,3343.0
71.14,3200.0
71.145,3228.0
71.15,3298.0
71.155,3287.0
71.16000000000001,3238.0
71.16499999999999,3310.0
71.17,3506.0
71.175,3394.0
71.18,3128.0
71.185,3139.0
71.19,3455.0
71.195,3594.0
71.2,3260.0
71.205,3202.0
71.21000000000001,3389.0
71.21499999999999,3337.0
71.22,3334.0
71.225,3404.0
71.23,3388.0
71.235,3281.0
71.24,3172.0
71.24499999999999,3287.0
71.25,3456.0
71.25500000000001,3413.0
71.26,3278.0
71.265,3201.0
71.27,3433.0
71.275,3690.0
71.28,3610.0
71.28500000000001,3543.0
71.28999999999999,3447.0
71.295,3146.0
71.3,3119.0
71.305,3444.0
71.31,3502.0
71.315,3339.0
71.32,3330.0
71.325,3331.0
71.33,3207.0
71.33500000000001,3187.0
71.33999999999999,3284.0
71.345,3234.0
71.35,3236.0
71.355,3468.0
71.36,3537.0
71.365,3377.0
71.36999999999999,3241.0
71.375,3169.0
71.38000000000001,3226.0
71.385,3254.0
71.39,3183.0
71.395,3338.0
71.4,3559.0
71.405,3572.0
71.41000000000001,3516.0
71.41499999999999,3491.0
71.42,3438.0
71.425,3391.0
71.43,3466.0
71.435,3572.0
71.44,3623.0
71.445,3545.0
71.45,3366.0
71.455,3306.0
71.46000000000001,3216.0
71.46499999999999,3226.0
71.47,3391.0
71.475,3281.0
71.48,3134.0
71.485,3265.0
71.49,3386.0
71.49499999999999,3439.0
71.5,3471.0
71.50500000000001,3516.0
71.51,3594.0
71.515,3513.0
71.52,3463.0
71.525,3476.0
71.53,3340.0
71.53500000000001,3286.0
71.53999999999999,3521.0
71.545,3616.0
71.55,3599.0
71.555,3776.0
71.56,3678.0
71.565,3497.0
71.57,3524.0
71.575,3633.0
71.58,3652.0
71.58500000000001,3538.0
71.58999999999999,3629.0
71.595,3745.0
71.6,3449.0
71.605,3256.0
71.61,3370.0
71.615,3386.0
71.61999999999999,3319.0
71.625,3305.0
71.63000000000001,3347.0
71.635,3481.0
71.64,3822.0
71.645,3994.0
71.65,3713.0
71.655,3343.0
71.66000000000001,3458.0
71.66499999999999,3862.0
71.67,3894.0
71.675,3761.0
71.68,3812.0
71.685,3748.0
71.69,3582.0
71.695,3487.0
71.7,3395.0
71.705,3349.0
71.71000000000001,3416.0
71.71499999999999,3474.0
71.72,3382.0
71.725,3503.0
71.73,3785.0
71.735,3769.0
71.74,3710.0
71.74499999999999,3726.0
71.75,3505.0
71.75500000000001,3346.0
71.76,3535.0
71.765,3666.0
71.77,3673.0
71.775,3849.0
71.78,3908.0
71.78500000000001,4535.0
71.78999999999999,6636.0
71.795,10073.0
71.8,15490.0
71.805,22446.0
71.81,30865.0
71.815,42456.0
71.82,58238.0
71.825,77918.0
71.83,98489.0
71.83500000000001,115542.0
71.83999999999999,128777.0
71.845,141782.0
71.85,155376.0
71.855,164115.0
71.86,166341.0
71.865,166393.0
71.86999999999999,162966.0
71.875,152305.0
71.88000000000001,137915.0
71.885,123546.0
71.89,106836.0
71.895,86781.0
71.9,67989.0
71.905,53172.0
71.91000000000001,41967.0
71.91499999999999,33217.0
71.92,26473.0
71.925,21637.0
71.93,17303.0
71.935,13961.0
71.94,12222.0
71.945,10991.0
71.95,9953.0
71.955,9250.0
71.96000000000001,8575.0
71.96499999999999,7945.0
71.97,7298.0
71.975,6702.0
71.98,6367.0
71.985,5986.0
71.99,5537.0
71.99499999999999,5420.0
72.0,5321.0
72.00500000000001,4910.0
72.01,4556.0
72.015,4418.0
72.02,4336.0
72.025,4066.0
72.03,3830.0
72.03500000000001,3696.0
72.03999999999999,3577.0
72.045,3754.0
72.05,3934.0
72.055,3852.0
72.06,3816.0
72.065,3897.0
72.07,3944.0
72.075,3910.0
72.08,3953.0
72.08500000000001,4025.0
72.08999999999999,3987.0
72.095,4071.0
72.1,4124.0
72.105,3934.0
72.11,3819.0
72.115,3896.0
72.11999999999999,3996.0
72.125,3974.0
72.13000000000001,3934.0
72.135,3826.0
72.14,3642.0
72.145,3581.0
72.15,3620.0
72.155,3671.0
72.16000000000001,3847.0
72.16499999999999,4137.0
72.17,4046.0
72.175,3775.0
72.18,3815.0
72.185,3902.0
72.19,3880.0
72.195,3966.0
72.2,4100.0
72.205,4233.0
72.21000000000001,4036.0
72.21499999999999,4033.0
72.22,4324.0
72.225,4288.0
72.23,4094.0
72.235,3933.0
72.24,3918.0
72.24499999999999,4127.0
72.25,4092.0
72.25500000000001,3931.0
72.26,3889.0
72.265,3889.0
72.27,4079.0
72.275,4046.0
72.28,3703.0
72.28500000000001,3780.0
72.28999999999999,4020.0
72.295,3986.0
72.3,3884.0
72.305,3906.0
72.31,4004.0
72.315,3834.0
72.32,3681.0
72.325,3794.0
72.33,3857.0
72.33500000000001,3988.0
72.33999999999999,3993.0
72.345,3756.0
72.35,3663.0
72.355,3797.0
72.36,3918.0
72.365,3869.0
72.36999999999999,3806.0
72.375,3793.0
72.38000000000001,3751.0
72.385,3810.0
72.39,3954.0
72.395,4091.0
72.4,3972.0
72.405,3856.0
72.41000000000001,4013.0
72.41499999999999,3985.0
72.42,3818.0
72.425,3817.0
72.43,4029.0
72.435,4109.0
72.44,4001.0
72.445,4034.0
72.45,4027.0
72.455,3978.0
72.46000000000001,3977.0
72.46499999999999,4014.0
72.47,4015.0
72.475,3942.0
72.48,3866.0
72.485,3863.0
72.49,4026.0
72.49499999999999,4135.0
72.5,4140.0
72.50500000000001,4105.0
72.51,4086.0
72.515,4162.0
72.52,4113.0
72.525,3924.0
72.53,3801.0
72.53500000000001,3839.0
72.53999999999999,3925.0
72.545,4174.0
72.55,4359.0
72.555,4239.0
72.56,4201.0
72.565,4303.0
72.57,4373.0
72.575,4341.0
72.58,4242.0
72.58500000000001,4214.0
72.58999999999999,4126.0
72.595,4012.0
72.6,4042.0
72.605,4134.0
72.61,4145.0
72.615,4113.0
72.61999999999999,4172.0
72.625,4226.0
72.63000000000001,4103.0
72.635,4020.0
72.64,4105.0
72.645,4006.0
72.65,3840.0
72.655,3889.0
72.66000000000001,3911.0
72.66499999999999,3923.0
72.67,4096.0
72.675,4152.0
72.68,4060.0
72.685,4140.0
72.69,4169.0
72.695,4103.0
72.7,4338.0
72.705,4319.0
72.71000000000001,4006.0
72.71499999999999,3943.0
72.72,4094.0
72.725,4252.0
72.73,4134.0
72.735,4036.0
72.74,4145.0
72.74499999999999,4175.0
72.75,4193.0
72.75500000000001,4367.0
72.76,4601.0
72.765,4426.0
72.77,4222.0
72.775,4257.0
72.78,4260.0
72.78500000000001,4202.0
72.78999999999999,4020.0
72.795,3943.0
72.8,4058.0
72.805,4113.0
72.81,4087.0
72.815,4060.0
72.82,4087.0
72.825,4079.0
72.83,4044.0
72.83500000000001,4236.0
72.83999999999999,4462.0
72.845,4508.0
72.85,4426.0
72.855,4320.0
72.86,4295.0
72.865,4220.0
72.86999999999999,4086.0
72.875,4134.0
72.88000000000001,4106.0
72.885,4079.0
72.89,4298.0
72.895,4413.0
72.9,4331.0
72.905,4201.0
72.91000000000001,4225.0
72.91499999999999,4446.0
72.92,4596.0
72.925,4588.0
72.93,4390.0
72.935,4014.0
72.94,3906.0
72.945,4311.0
72.95,4686.0
72.955,4445.0
72.96000000000001,4163.0
72.96499999999999,4349.0
72.97,4435.0
72.975,4385.0
72.98,4422.0
72.985,4452.0
72.99,4476.0
72.99499999999999,4391.0
73.0,4342.0
73.00500000000001,4219.0
73.01,4026.0
73.015,4347.0
73.02,4678.0
73.025,4588.0
73.03,4538.0
73.03500000000001,4474.0
73.03999999999999,4335.0
73.045,4316.0
73.05,4175.0
73.055,4129.0
73.06,4460.0
73.065,4686.0
73.07,4639.0
73.075,4407.0
73.08,4233.0
73.08500000000001,4332.0
73.08999999999999,4422.0
73.095,4430.0
73.1,4508.0
73.105,4574.0
73.11,4506.0
73.115,4404.0
73.11999999999999,4431.0
73.125,4535.0
73.13000000000001,4569.0
73.135,4500.0
73.14,4364.0
73.145,4242.0
73.15,4174.0
73.155,4102.0
73.16000000000001,4318.0
73.16499999999999,4801.0
73.17,4780.0
73.175,4423.0
73.18,4383.0
73.185,4404.0
73.19,4329.0
73.195,4422.0
73.2,4578.0
73.205,4483.0
73.21000000000001,4425.0
73.21499999999999,4714.0
73.22,4914.0
73.225,4694.0
73.23,4513.0
73.235,4282.0
73.24,4097.0
73.24499999999999,4306.0
73.25,4455.0
73.25500000000001,4519.0
73.26,4664.0
73.265,4655.0
73.27,4524.0
73.275,4433.0
73.28,4398.0
73.28500000000001,4415.0
73.28999999999999,4561.0
73.295,4638.0
73.3,4561.0
73.305,4558.0
73.31,4452.0
73.315,4574.0
73.32,4735.0
73.325,4558.0
73.33,4359.0
73.33500000000001,4341.0
73.33999999999999,4408.0
73.345,4617.0
73.35,4732.0
73.355,4577.0
73.36,4474.0
73.365,4500.0
73.36999999999999,4594.0
73.375,4684.0
73.38000000000001,4649.0
73.385,4655.0
73.39,4710.0
73.395,4618.0
73.4,4516.0
73.405,4574.0
73.41000000000001,4623.0
73.41499999999999,4570.0
73.42,4570.0
73.425,4680.0
73.43,4725.0
73.435,4704.0
73.44,4587.0
73.445,4518.0
73.45,4807.0
73.455,5025.0
73.46000000000001,4785.0
73.46499999999999,4414.0
73.47,4396.0
73.475,4748.0
73.48,4924.0
73.485,4988.0
73.49,5025.0
73.49499999999999,4798.0
73.5,4690.0
73.50500000000001,4583.0
73.51,4454.0
73.515,4561.0
73.52,4608.0
73.525,4587.0
73.53,4734.0
73.53500000000001,4967.0
73.53999999999999,5097.0
73.545,4934.0
73.55,4807.0
73.555,4929.0
73.56,5014.0
73.565,5025.0
73.57,5217.0
73.575,5246.0
73.58,4830.0
73.58500000000001,4479.0
73.58999999999999,4643.0
73.595,4968.0
73.6,4958.0
73.605,5036.0
73.61,5074.0
73.615,4802.0
73.61999999999999,4737.0
73.625,4943.0
73.63000000000001,5098.0
73.635,5021.0
73.64,4857.0
73.645,4826.0
73.65,4874.0
73.655,4811.0
73.66000000000001,4695.0
73.66499999999999,4617.0
73.67,4668.0
73.675,4748.0
73.68,4619.0
73.685,4408.0
73.69,4494.0
73.695,4841.0
73.7,4926.0
73.705,4767.0
73.71000000000001,5026.0
73.71499999999999,5303.0
73.72,5012.0
73.725,4625.0
73.73,4521.0
73.735,4775.0
73.74,5028.0
73.74499999999999,5064.0
73.75,4873.0
73.75500000000001,4652.0
73.76,4662.0
73.765,4671.0
73.77,4730.0
73.775,4972.0
73.78,5186.0
73.78500000000001,5081.0
73.78999999999999,5066.0
73.795,5042.0
73.8,4913.0
73.805,4935.0
73.81,4993.0
73.815,5007.0
73.82,5015.0
73.825,5006.0
73.83,5006.0
73.83500000000001,5076.0
73.83999999999999,5159.0
73.845,5002.0
73.85,4775.0
73.855,4676.0
73.86,4711.0
73.865,4898.0
73.86999999999999,4860.0
73.875,4647.0
73.88000000000001,4881.0
73.885,5089.0
73.89,4834.0
73.895,4844.0
73.9,5038.0
73.905,5022.0
73.91000000000001,5044.0
73.91499999999999,5204.0
73.92,5326.0
73.925,5374.0
73.93,5394.0
73.935,5127.0
73.94,4793.0
73.945,4807.0
73.95,4947.0
73.955,4918.0
73.96000000000001,4930.0
73.96499999999999,4969.0
73.97,5095.0
73.975,5270.0
73.98,5317.0
73.985,5339.0
73.99,5218.0
73.99499999999999,5097.0
74.0,5223.0
74.00500000000001,5412.0
74.01,5431.0
74.015,5063.0
74.02,4995.0
74.025,5223.0
74.03,5055.0
74.03500000000001,5106.0
74.03999999999999,5474.0
74.045,5479.0
74.05,5270.0
74.055,5275.0
74.06,5411.0
74.065,5466.0
74.07,5369.0
74.075,5286.0
74.08,5428.0
74.08500000000001,5340.0
74.08999999999999,5202.0
74.095,5356.0
74.1,5290.0
74.105,5335.0
74.11,5490.0
74.115,5376.0
74.11999999999999,5318.0
74.125,5156.0
74.13000000000001,5012.0
74.135,5218.0
74.14,5433.0
74.145,5219.0
74.15,4897.0
74.155,4882.0
74.16000000000001,4923.0
74.16499999999999,5061.0
74.17,5458.0
74.175,5502.0
74.18,5220.0
74.185,5284.0
74.19,5406.0
74.195,5316.0
74.2,5162.0
74.205,5174.0
74.21000000000001,5354.0
74.21499999999999,5493.0
74.22,5446.0
74.225,5393.0
74.23,5506.0
74.235,5500.0
74.24,5281.0
74.24499999999999,5209.0
74.25,5201.0
74.25500000000001,5068.0
74.26,5060.0
74.265,5279.0
74.27,5369.0
74.275,5289.0
74.28,5294.0
74.28500000000001,5302.0
74.28999999999999,5401.0
74.295,5534.0
74.3,5487.0
74.305,5422.0
74.31,5370.0
74.315,5241.0
74.32,5228.0
74.325,5337.0
74.33,5453.0
74.33500000000001,5591.0
74.33999999999999,5751.0
74.345,5650.0
74.35,5416.0
74.355,5447.0
74.36,5484.0
74.365,5330.0
74.36999999999999,5446.0
74.375,5548.0
74.38000000000001,5402.0
74.385,5398.0
74.39,5582.0
74.395,5532.0
74.4,5101.0
74.405,5022.0
74.41000000000001,5471.0
74.41499999999999,5857.0
74.42,5898.0
74.425,5622.0
74.43,5218.0
74.435,5051.0
74.44,5089.0
74.445,5218.0
74.45,5402.0
74.455,5654.0
74.46000000000001,5649.0
74.46499999999999,5450.0
74.47,5556.0
74.475,5828.0
74.48,5626.0
74.485,5102.0
74.49,5111.0
74.49499999999999,5495.0
74.5,5622.0
74.50500000000001,5660.0
74.51,5622.0
74.515,5463.0
74.52,5465.0
74.525,5610.0
74.53,5713.0
74.53500000000001,5705.0
74.53999999999999,5558.0
74.545,5394.0
74.55,5268.0
74.555,5207.0
74.56,5423.0
74.565,5676.0
74.57,5599.0
74.575,5519.0
74.58,5561.0
74.58500000000001,5690.0
74.58999999999999,5972.0
74.595,6092.0
74.6,5871.0
74.605,5572.0
74.61,5519.0
74.615,5700.0
74.61999999999999,5806.0
74.625,5727.0
74.63000000000001,5507.0
74.635,5239.0
74.64,5241.0
74.645,5492.0
74.65,5561.0
74.655,5513.0
74.66000000000001,5439.0
74.66499999999999,5310.0
74.67,5351.0
74.675,5583.0
74.68,5622.0
74.685,5563.0
74.69,5731.0
74.695,5839.0
74.7,5705.0
74.705,5460.0
74.71000000000001,5406.0
74.71499999999999,5548.0
74.72,5567.0
74.725,5434.0
74.73,5420.0
74.735,5628.0
74.74,5710.0
74.74499999999999,5546.0
74.75,5567.0
74.75500000000001,5646.0
74.76,5867.0
74.765,6189.0
74.77,6029.0
74.775,5654.0
74.78,5548.0
74.78500000000001,5663.0
74.78999999999999,5909.0
74.795,5863.0
74.8,5542.0
74.805,5457.0
74.81,5455.0
74.815,5671.0
74.82,6098.0
74.825,6055.0
74.83,5599.0
74.83500000000001,5442.0
74.83999999999999,5553.0
74.845,5641.0
74.85,5650.0
74.855,5628.0
74.86,5545.0
74.865,5588.0
74.86999999999999,5895.0
74.875,6010.0
74.88000000000001,6078.0
74.885,6069.0
74.89,5706.0
74.895,5447.0
74.9,5492.0
74.905,5791.0
74.91000000000001,6028.0
74.91499999999999,5964.0
74.92,6005.0
74.925,6054.0
74.93,5908.0
74.935,5751.0
74.94,5524.0
74.945,5353.0
74.95,5703.0
74.955,6106.0
74.96000000000001,6028.0
74.96499999999999,5922.0
74.97,5996.0
74.975,6055.0
74.98,6108.0
74.985,5930.0
74.99,5769.0
74.99499999999999,5764.0
75.0,5657.0
75.00500000000001,5711.0
75.01,6071.0
75.015,6359.0
75.02,6425.0
75.025,6441.0
75.03,6536.0
75.03500000000001,6382.0
75.03999999999999,6146.0
75.045,6194.0
75.05,6060.0
75.055,5689.0
75.06,5674.0
75.065,5873.0
75.07,5633.0
75.075,5393.0
75.08,5598.0
75.08500000000001,5977.0
75.08999999999999,6209.0
75.095,6124.0
75.1,6196.0
75.105,6365.0
75.11,6235.0
75.115,6221.0
75.11999999999999,6259.0
75.125,6091.0
75.13000000000001,5956.0
75.135,6103.0
75.14,6311.0
75.145,6237.0
75.15,6136.0
75.155,5938.0
75.16000000000001,5809.0
75.16499999999999,5903.0
75.17,5959.0
75.175,5964.0
75.18,6095.0
75.185,6422.0
75.19,6377.0
75.195,5958.0
75.2,5894.0
75.205,6396.0
75.21000000000001,6580.0
75.21499999999999,6149.0
75.22,6048.0
75.225,6228.0
75.23,6212.0
75.235,6329.0
75.24,6638.0
75.24499999999999,6714.0
75.25,6551.0
75.25500000000001,6553.0
75.26,6625.0
75.265,6460.0
75.27,6310.0
75.275,6310.0
75.28,6140.0
75.28500000000001,5956.0
75.28999999999999,6004.0
75.295,6130.0
75.3,6266.0
75.305,6198.0
75.31,5958.0
75.315,5887.0
75.32,6044.0
75.325,6338.0
75.33,6335.0
75.33500000000001,6108.0
75.33999999999999,5935.0
75.345,5938.0
75.35,6049.0
75.355,5948.0
75.36,6196.0
75.365,6622.0
75.36999999999999,6532.0
75.375,6265.0
75.38000000000001,6187.0
75.385,6249.0
75.39,6316.0
75.395,6434.0
75.4,6570.0
75.405,6330.0
75.41000000000001,6092.0
75.41499999999999,6162.0
75.42,6270.0
75.425,6298.0
75.43,6054.0
75.435,5863.0
75.44,6103.0
75.445,6487.0
75.45,6471.0
75.455,6300.0
75.46000000000001,6493.0
75.46499999999999,6714.0
75.47,6445.0
75.475,6083.0
75.48,6140.0
75.485,6398.0
75.49,6453.0
75.49499999999999,6457.0
75.5,6599.0
75.50500000000001,6452.0
75.51,6233.0
75.515,6407.0
75.52,6620.0
75.525,6486.0
75.53,6303.0
75.53500000000001,6410.0
75.53999999999999,6489.0
75.545,6212.0
75.55,6015.0
75.555,6191.0
75.56,6414.0
75.565,6601.0
75.57,6729.0
75.575,6818.0
75.58,6972.0
75.58500000000001,6967.0
75.58999999999999,6754.0
75.595,6598.0
75.6,6404.0
75.605,6204.0
75.61,6201.0
75.615,6463.0
75.61999999999999,6650.0
75.625,6714.0
75.63000000000001,6815.0
75.635,6822.0
75.64,6662.0
75.645,6577.0
75.65,6551.0
75.655,6481.0
75.66000000000001,6506.0
75.66499999999999,6574.0
75.67,6767.0
75.675,6847.0
75.68,6633.0
75.685,6751.0
75.69,7001.0
75.695,7012.0
75.7,6893.0
75.705,6884.0
75.71000000000001,6940.0
75.71499999999999,6778.0
75.72,6666.0
75.725,6730.0
75.73,6791.0
75.735,6609.0
75.74,6502.0
75.74499999999999,6823.0
75.75,6950.0
75.75500000000001,6866.0
75.76,6762.0
75.765,6734.0
75.77,6719.0
75.775,6670.0
75.78,6754.0
75.78500000000001,6785.0
75.78999999999999,6902.0
75.795,6948.0
75.8,6713.0
75.805,6718.0
75.81,6912.0
75.815,6766.0
75.82,6630.0
75.825,6652.0
75.83,6503.0
75.83500000000001,6415.0
75.83999999999999,6484.0
75.845,6559.0
75.85,6750.0
75.855,6815.0
75.86,6860.0
75.865,7132.0
75.86999999999999,6962.0
75.875,6596.0
75.88000000000001,6687.0
75.885,6860.0
75.89,6804.0
75.895,6665.0
75.9,6823.0
75.905,7048.0
75.91000000000001,6956.0
75.91499999999999,6866.0
75.92,6903.0
75.925,7066.0
75.93,7166.0
75.935,6986.0
75.94,6929.0
75.945,6818.0
75.95,6566.0
75.955,6558.0
75.96000000000001,6514.0
75.96499999999999,6342.0
75.97,6535.0
75.975,6882.0
75.98,7150.0
75.985,7148.0
75.99,6884.0
75.99499999999999,6828.0
76.0,6914.0
76.00500000000001,6919.0
76.01,6823.0
76.015,6900.0
76.02,7093.0
76.025,7015.0
76.03,6978.0
76.03500000000001,7330.0
76.03999999999999,7623.0
76.045,7373.0
76.05,6972.0
76.055,7001.0
76.06,7230.0
76.065,7074.0
76.07,6991.0
76.075,6886.0
76.08,6474.0
76.08500000000001,6710.0
76.08999999999999,7391.0
76.095,7343.0
76.1,6994.0
76.105,7142.0
76.11,7038.0
76.115,6881.0
76.11999999999999,7113.0
76.125,7148.0
76.13000000000001,7166.0
76.135,7159.0
76.14,6903.0
76.145,6849.0
76.15,7086.0
76.155,7001.0
76.16000000000001,6787.0
76.16499999999999,7024.0
76.17,7422.0
76.175,7663.0
76.18,7897.0
76.185,7902.0
76.19,7498.0
76.195,7191.0
76.2,7106.0
76.205,7087.0
76.21000000000001,7205.0
76.21499999999999,7418.0
76.22,7307.0
76.225,6986.0
76.23,7181.0
76.235,7456.0
76.24,7348.0
76.24499999999999,7250.0
76.25,7236.0
76.25500000000001,7257.0
76.26,7188.0
76.265,7116.0
76.27,6978.0
76.275,6826.0
76.28,6905.0
76.28500000000001,7095.0
76.28999999999999,7218.0
76.295,7327.0
76.3,7313.0
76.305,7311.0
76.31,7396.0
76.315,7415.0
76.32,7478.0
76.325,7473.0
76.33,7306.0
76.33500000000001,7319.0
76.33999999999999,7457.0
76.345,7361.0
76.35,7263.0
76.355,7441.0
76.36,7668.0
76.365,7639.0
76.36999999999999,7497.0
76.375,7406.0
76.38000000000001,7452.0
76.385,7630.0
76.39,7631.0
76.395,7585.0
76.4,7641.0
76.405,7423.0
76.41000000000001,6990.0
76.41499999999999,6878.0
76.42,7118.0
76.425,7302.0
76.43,7436.0
76.435,7628.0
76.44,7576.0
76.445,7588.0
76.45,7734.0
76.455,7684.0
76.46000000000001,7463.0
76.46499999999999,7386.0
76.47,7582.0
76.475,7780.0
76.48,7702.0
76.485,7538.0
76.49,7434.0
76.49499999999999,7410.0
76.5,7554.0
76.50500000000001,7668.0
76.51,7460.0
76.515,7314.0
76.52,7318.0
76.525,7158.0
76.53,7302.0
76.53500000000001,7558.0
76.53999999999999,7281.0
76.545,7142.0
76.55,7447.0
76.555,7752.0
76.56,7750.0
76.565,7743.0
76.57,7982.0
76.575,8122.0
76.58,7666.0
76.58500000000001,7556.0
76.58999999999999,7705.0
76.595,7388.0
76.6,7178.0
76.605,7214.0
76.61,7398.0
76.615,7438.0
76.61999999999999,7305.0
76.625,7409.0
76.63000000000001,7634.0
76.635,7777.0
76.64,7806.0
76.645,7690.0
76.65,7585.0
76.655,7689.0
76.66000000000001,7897.0
76.66499999999999,8006.0
76.67,7938.0
76.675,7900.0
76.68,8024.0
76.685,7961.0
76.69,7596.0
76.695,7558.0
76.7,7681.0
76.705,7514.0
76.71000000000001,7580.0
76.71499999999999,7739.0
76.72,7495.0
76.725,7399.0
76.73,7502.0
76.735,7612.0
76.74,7831.0
76.74499999999999,7970.0
76.75,8046.0
76.75500000000001,8121.0
76.76,7953.0
76.765,7716.0
76.77,7711.0
76.775,7834.0
76.78,7838.0
76.78500000000001,7714.0
76.78999999999999,7666.0
76.795,7690.0
76.8,7598.0
76.805,7542.0
76.81,7865.0
76.815,8263.0
76.82,8378.0
76.825,8297.0
76.83,8012.0
76.83500000000001,7833.0
76.83999999999999,7910.0
76.845,7814.0
76.85,7761.0
76.855,7910.0
76.86,7954.0
76.865,8054.0
76.86999999999999,8009.0
76.875,7772.0
76.88000000000001,7754.0
76.885,7854.0
76.89,7892.0
76.895,7884.0
76.9,7698.0
76.905,7372.0
76.91000000000001,7164.0
76.91499999999999,7047.0
76.92,7284.0
76.925,7908.0
76.93,8279.0
76.935,8062.0
76.94,7697.0
76.945,7777.0
76.95,7910.0
76.955,7986.0
76.96000000000001,8065.0
76.96499999999999,8012.0
76.97,8076.0
76.975,8207.0
76.98,8102.0
76.985,7879.0
76.99,7537.0
76.99499999999999,7449.0
77.0,7658.0
77.00500000000001,7719.0
77.01,7809.0
77.015,7864.0
77.02,7714.0
77.025,7759.0
77.03,7938.0
77.03500000000001,7932.0
77.03999999999999,7910.0
77.045,7817.0
77.05,7612.0
77.055,7321.0
77.06,7230.0
77.065,7541.0
77.07,7807.0
77.075,7793.0
77.08,7750.0
77.08500000000001,7737.0
77.08999999999999,7662.0
77.095,7886.0
77.1,8129.0
77.105,8020.0
77.11,7890.0
77.115,7956.0
77.11999999999999,8127.0
77.125,8050.0
77.13000000000001,7935.0
77.135,8004.0
77.14,7940.0
77.145,7919.0
77.15,8246.0
77.155,8332.0
77.16000000000001,8171.0
77.16499999999999,8371.0
77.17,8363.0
77.175,8148.0
77.18,8185.0
77.185,7996.0
77.19,7609.0
77.195,7801.0
77.2,8407.0
77.205,8394.0
77.21000000000001,8058.0
77.21499999999999,8130.0
77.22,8310.0
77.225,8177.0
77.23,8073.0
77.235,8220.0
77.24,8249.0
77.24499999999999,8078.0
77.25,8234.0
77.25500000000001,8430.0
77.26,8246.0
77.265,8121.0
77.27,8036.0
77.275,8028.0
77.28,8029.0
77.28500000000001,8040.0
77.28999999999999,8276.0
77.295,8324.0
77.3,8225.0
77.305,8361.0
77.31,8297.0
77.315,7988.0
77.32,7990.0
77.325,8250.0
77.33,8073.0
77.33500000000001,7817.0
77.33999999999999,7918.0
77.345,8262.0
77.35,8415.0
77.355,8090.0
77.36,7814.0
77.365,7772.0
77.36999999999999,7828.0
77.375,7719.0
77.38000000000001,7682.0
77.385,8006.0
77.39,8371.0
77.395,8409.0
77.4,8329.0
77.405,8412.0
77.41000000000001,8202.0
77.41499999999999,8074.0
77.42,8279.0
77.425,8303.0
77.43,8204.0
77.435,8410.0
77.44,8614.0
77.445,8386.0
77.45,8370.0
77.455,8550.0
77.46000000000001,8348.0
77.46499999999999,7980.0
77.47,7938.0
77.475,8298.0
77.48,8390.0
77.485,8028.0
77.49,7973.0
77.49499999999999,8094.0
77.5,7930.0
77.50500000000001,7833.0
77.51,8020.0
77.515,8058.0
77.52,8118.0
77.525,8484.0
77.53,8470.0
77.53500000000001,8042.0
77.53999999999999,7971.0
77.545,8404.0
77.55,8545.0
77.555,8172.0
77.56,8051.0
77.565,8270.0
77.57,8127.0
77.575,7930.0
77.58,8193.0
77.58500000000001,8343.0
77.58999999999999,8159.0
77.595,8174.0
77.6,8369.0
77.605,8482.0
77.61,8594.0
77.615,8549.0
77.61999999999999,8281.0
77.625,7908.0
77.63000000000001,7656.0
77.635,7822.0
77.64,8057.0
77.645,8129.0
77.65,8170.0
77.655,8247.0
77.66000000000001,8212.0
77.66499999999999,8166.0
77.67,8341.0
77.675,8271.0
77.68,8128.0
77.685,8154.0
77.69,8162.0
77.695,8280.0
77.7,8386.0
77.705,8234.0
77.71000000000001,7995.0
77.71499999999999,8084.0
77.72,8293.0
77.725,8266.0
77.73,8202.0
77.735,8311.0
77.74,8394.0
77.74499999999999,8158.0
77.75,7932.0
77.75500000000001,8024.0
77.76,8008.0
77.765,8043.0
77.77,8524.0
77.775,8754.0
77.78,8404.0
77.78500000000001,8303.0
77.78999999999999,8478.0
77.795,8297.0
77.8,8183.0
77.805,8252.0
77.81,8338.0
77.815,8455.0
77.82,8346.0
77.825,8290.0
77.83,8401.0
77.83500000000001,8231.0
77.83999999999999,7992.0
77.845,8097.0
77.85,8248.0
77.855,8253.0
77.86,8095.0
77.865,7727.0
77.86999999999999,7843.0
77.875,8378.0
77.88000000000001,8561.0
77.885,8415.0
77.89,8420.0
77.895,8511.0
77.9,8442.0
77.905,8386.0
77.91000000000001,8393.0
77.91499999999999,8418.0
77.92,8554.0
77.925,8551.0
77.93,8236.0
77.935,8113.0
77.94,8302.0
77.945,8318.0
77.95,8284.0
77.955,8330.0
77.96000000000001,8188.0
77.96499999999999,8218.0
77.97,8737.0
77.975,9031.0
77.98,8817.0
77.985,8585.0
77.99,8561.0
77.99499999999999,8575.0
78.0,8510.0
78.00500000000001,8588.0
78.01,8564.0
78.015,8273.0
78.02,8102.0
78.025,8249.0
78.03,8343.0
78.03500000000001,8222.0
78.03999999999999,8190.0
78.045,8066.0
78.05,8094.0
78.055,8302.0
78.06,8201.0
78.065,8194.0
78.07,8345.0
78.075,8331.0
78.08,8287.0
78.08500000000001,8290.0
78.08999999999999,8500.0
78.095,8758.0
78.1,8534.0
78.105,8338.0
78.11,8516.0
78.115,8567.0
78.11999999999999,8452.0
78.125,8536.0
78.13000000000001,8695.0
78.135,8610.0
78.14,8574.0
78.145,8463.0
78.15,8359.0
78.155,8469.0
78.16000000000001,8501.0
78.16499999999999,8403.0
78.17,8094.0
78.175,7671.0
78.18,7599.0
78.185,7849.0
78.19,7938.0
78.195,7952.0
78.2,7869.0
78.205,7906.0
78.21000000000001,8290.0
78.21499999999999,8295.0
78.22,7813.0
78.225,7745.0
78.23,8262.0
78.235,8367.0
78.24,7983.0
78.24499999999999,8153.0
78.25,8530.0
78.25500000000001,8306.0
78.26,8039.0
78.265,8130.0
78.27,8207.0
78.275,8276.0
78.28,8481.0
78.28500000000001,8541.0
78.28999999999999,8481.0
78.295,8550.0
78.3,8648.0
78.305,8572.0
78.31,8690.0
78.315,8759.0
78.32,8580.0
78.325,8489.0
78.33,8505.0
78.33500000000001,8484.0
78.33999999999999,8468.0
78.345,8390.0
78.35,8194.0
78.355,8130.0
78.36,8094.0
78.365,8119.0
78.36999999999999,8272.0
78.375,8246.0
78.38000000000001,8230.0
78.385,8430.0
78.39,8874.0
78.395,8786.0
78.4,7916.0
78.405,7812.0
78.41000000000001,8170.0
78.41499999999999,8066.0
78.42,8116.0
78.425,8311.0
78.43,8487.0
78.435,8409.0
78.44,8199.0
78.445,8183.0
78.45,8228.0
78.455,8185.0
78.46000000000001,8077.0
78.46499999999999,8285.0
78.47,8608.0
78.475,8425.0
78.48,8215.0
78.485,8599.0
78.49,8626.0
78.49499999999999,7953.0
78.5,7824.0
78.50500000000001,8260.0
78.51,8750.0
78.515,8910.0
78.52,8697.0
78.525,8550.0
78.53,8518.0
78.53500000000001,8449.0
78.53999999999999,8390.0
78.545,8339.0
78.55,8312.0
78.555,8255.0
78.56,8120.0
78.565,8270.0
78.57,8545.0
78.575,8559.0
78.58,8361.0
78.58500000000001,8201.0
78.58999999999999,8238.0
78.595,8484.0
78.6,8624.0
78.605,8384.0
78.61,8306.0
78.615,8383.0
78.61999999999999,8410.0
78.625,8475.0
78.63000000000001,8360.0
78.635,8257.0
78.64,8281.0
78.645,8198.0
78.65,8150.0
78.655,8178.0
78.66000000000001,8406.0
78.66499999999999,8682.0
78.67,8369.0
78.675,8119.0
78.68,8586.0
78.685,8710.0
78.69,8426.0
78.695,8553.0
78.7,8616.0
78.705,8575.0
78.71000000000001,8628.0
78.71499999999999,8649.0
78.72,8732.0
78.725,8716.0
78.73,8487.0
78.735,8142.0
78.74,8054.0
78.74499999999999,8230.0
78.75,8279.0
78.75500000000001,8410.0
78.76,8449.0
78.765,8484.0
78.77,8609.0
78.775,8174.0
78.78,7786.0
78.78500000000001,8090.0
78.78999999999999,8426.0
78.795,8728.0
78.8,8617.0
78.805,8309.0
78.81,8310.0
78.815,8410.0
78.82,8349.0
78.825,8218.0
78.83,8014.0
78.83500000000001,7783.0
78.83999999999999,7890.0
78.845,8191.0
78.85,8402.0
78.855,8334.0
78.86,8190.0
78.865,8418.0
78.86999999999999,8494.0
78.875,8542.0
78.88000000000001,8644.0
78.885,8364.0
78.89,8094.0
78.895,7828.0
78.9,7806.0
78.905,8201.0
78.91000000000001,8438.0
78.91499999999999,8406.0
78.92,8377.0
78.925,8214.0
78.93,7905.0
78.935,7934.0
78.94,8360.0
78.945,8377.0
78.95,8284.0
78.955,8674.0
78.96000000000001,8708.0
78.96499999999999,8335.0
78.97,8247.0
78.975,8388.0
78.98,8486.0
78.985,8553.0
78.99,8353.0
78.99499999999999,7982.0
79.0,8111.0
79.00500000000001,8182.0
79.01,7934.0
79.015,7954.0
79.02,8032.0
79.025,8029.0
79.03,8225.0
79.03500000000001,8254.0
79.03999999999999,8346.0
79.045,8614.0
79.05,8442.0
79.055,8118.0
79.06,8398.0
79.065,8727.0
79.07,8466.0
79.075,8206.0
79.08,8239.0
79.08500000000001,8431.0
79.08999999999999,8629.0
79.095,8511.0
79.1,8270.0
79.105,8232.0
79.11,8266.0
79.115,8323.0
79.11999999999999,8407.0
79.125,8553.0
79.13000000000001,8770.0
79.135,8839.0
79.14,8398.0
79.145,8122.0
79.15,8198.0
79.155,8174.0
79.16000000000001,8100.0
79.16499999999999,8057.0
79.17,7980.0
79.175,7983.0
79.18,8150.0
79.185,8247.0
79.19,8244.0
79.195,8146.0
79.2,8102.0
79.205,8206.0
79.21000000000001,8294.0
79.21499999999999,8489.0
79.22,8777.0
79.225,8825.0
79.23,8647.0
79.235,8551.0
79.24,8351.0
79.24499999999999,7972.0
79.25,8082.0
79.25500000000001,8458.0
79.26,8520.0
79.265,8538.0
79.27,8741.0
79.275,8674.0
79.28,8545.0
79.28500000000001,8649.0
79.28999999999999,8364.0
79.295,8079.0
79.3,8332.0
79.305,8231.0
79.31,7700.0
79.315,7677.0
79.32,7997.0
79.325,8237.0
79.33,8451.0
79.33500000000001,8447.0
79.33999999999999,8154.0
79.345,8002.0
79.35,8156.0
79.355,8287.0
79.36,8574.0
79.365,8753.0
79.36999999999999,8571.0
79.375,8370.0
79.38000000000001,8210.0
79.385,8287.0
79.39,8532.0
79.395,8545.0
79.4,8639.0
79.405,8431.0
79.41000000000001,8086.0
79.41499999999999,8206.0
79.42,8334.0
79.425,8370.0
79.43,8476.0
79.435,8609.0
79.44,8503.0
79.445,8202.0
79.45,8183.0
79.455,8457.0
79.46000000000001,8614.0
79.46499999999999,8412.0
79.47,8202.0
79.475,8278.0
79.48,8306.0
79.485,8257.0
79.49,8450.0
79.49499999999999,8433.0
79.5,8263.0
79.50500000000001,8230.0
79.51,8265.0
79.515,8571.0
79.52,8689.0
79.525,8367.0
79.53,8282.0
79.53500000000001,8660.0
79.53999999999999,9071.0
79.545,8958.0
79.55,8551.0
79.555,8457.0
79.56,8609.0
79.565,8706.0
79.57,8500.0
79.575,8359.0
79.58,8518.0
79.58500000000001,8607.0
79.58999999999999,8503.0
79.595,8252.0
79.6,8199.0
79.605,8166.0
79.61,7959.0
79.615,8026.0
79.61999999999999,8254.0
79.625,8310.0
79.63000000000001,8465.0
79.635,8607.0
79.64,8610.0
79.645,8678.0
79.65,8402.0
79.655,8053.0
79.66000000000001,8143.0
79.66499999999999,8507.0
79.67,8500.0
79.675,8174.0
79.68,8298.0
79.685,8593.0
79.69,8572.0
79.695,8324.0
79.7,8401.0
79.705,8633.0
79.71000000000001,8343.0
79.71499999999999,8084.0
79.72,8222.0
79.725,8414.0
79.73,8402.0
79.735,8143.0
79.74,8105.0
79.74499999999999,8342.0
79.75,8281.0
79.75500000000001,8039.0
79.76,8334.0
79.765,8623.0
79.77,8298.0
79.775,8036.0
79.78,8308.0
79.78500000000001,8761.0
79.78999999999999,8698.0
79.795,8342.0
79.8,8399.0
79.805,8637.0
79.81,8605.0
79.815,8506.0
79.82,8641.0
79.825,8745.0
79.83,8554.0
79.83500000000001,8372.0
79.83999999999999,8631.0
79.845,8817.0
79.85,8586.0
79.855,8362.0
79.86,8289.0
79.865,8430.0
79.86999999999999,8402.0
79.875,8082.0
79.88000000000001,8239.0
79.885,8582.0
79.89,8401.0
79.895,8183.0
79.9,8342.0
79.905,8473.0
79.91000000000001,8542.0
79.91499999999999,8460.0
79.92,8094.0
79.925,8188.0
79.93,8602.0
79.935,8538.0
79.94,8236.0
79.945,8261.0
79.95,8465.0
79.955,8575.0
79.96000000000001,8481.0
79.96499999999999,8625.0
79.97,8958.0
79.975,8714.0
79.98,8486.0
79.985,8441.0
79.99,8402.0
79.99499999999999,8555.0
80.0,8492.0
80.00500000000001,8330.0
80.01,8209.0
80.015,8210.0
80.02,8510.0
80.025,8679.0
80.03,8615.0
80.03500000000001,8420.0
80.03999999999999,8239.0
80.045,8281.0
80.05,8422.0
80.055,8348.0
80.06,8182.0
80.065,8337.0
80.07,8430.0
80.075,8286.0
80.08,8258.0
80.08500000000001,8282.0
80.08999999999999,8332.0
80.095,8310.0
80.1,8290.0
80.105,8244.0
80.11,8186.0
80.115,8398.0
80.11999999999999,8609.0
80.125,8650.0
80.13000000000001,8585.0
80.135,8596.0
80.14,8734.0
80.145,8590.0
80.15,8330.0
80.155,8380.0
80.16000000000001,8409.0
80.16499999999999,8281.0
80.17,8454.0
80.175,8769.0
80.18,8790.0
80.185,8458.0
80.19,8316.0
80.195,8458.0
80.2,8796.0
80.205,9007.0
80.21000000000001,8574.0
80.21499999999999,8194.0
80.22,8132.0
80.225,8129.0
80.23,8270.0
80.235,8396.0
80.24,8511.0
80.24499999999999,8634.0
80.25,8587.0
80.25500000000001,8279.0
80.26,8143.0
80.265,8310.0
80.27,8439.0
80.275,8489.0
80.28,8617.0
80.28500000000001,8510.0
80.28999999999999,8367.0
80.295,8633.0
80.3,8699.0
80.305,8318.0
80.31,8126.0
80.315,8249.0
80.32,8472.0
80.325,8558.0
80.33,8431.0
80.33500000000001,8288.0
80.33999999999999,8153.0
80.345,8156.0
80.35,8324.0
80.355,8342.0
80.36,8322.0
80.365,8321.0
80.36999999999999,8122.0
80.375,8151.0
80.38000000000001,8326.0
80.385,8386.0
80.39,8439.0
80.395,8404.0
80.4,8543.0
80.405,8751.0
80.41000000000001,8594.0
80.41499999999999,8335.0
80.42,8271.0
80.425,8158.0
80.43,8262.0
80.435,8550.0
80.44,8332.0
80.445,7881.0
80.45,7958.0
80.455,8319.0
80.46000000000001,8425.0
80.46499999999999,8602.0
80.47,8774.0
80.475,8737.0
80.48,8831.0
80.485,8654.0
80.49,8420.0
80.49499999999999,8471.0
80.5,8570.0
80.50500000000001,8681.0
80.51,8657.0
80.515,8505.0
80.52,8238.0
80.525,8177.0
80.53,8569.0
80.53500000000001,8735.0
80.53999999999999,8473.0
80.545,8276.0
80.55,8370.0
80.555,8489.0
80.56,8554.0
80.565,8666.0
80.57,8604.0
80.575,8671.0
80.58,8993.0
80.58500000000001,9036.0
80.58999999999999,8970.0
80.595,8780.0
80.6,8455.0
80.605,8274.0
80.61,8180.0
80.615,8286.0
80.61999999999999,8646.0
80.625,8966.0
80.63000000000001,8847.0
80.635,8526.0
80.64,8420.0
80.645,8390.0
80.65,8231.0
80.655,8066.0
80.66000000000001,8217.0
80.66499999999999,8570.0
80.67,8566.0
80.675,8274.0
80.68,8089.0
80.685,8226.0
80.69,8327.0
80.695,8401.0
80.7,8737.0
80.705,8882.0
80.71000000000001,8572.0
80.71499999999999,8399.0
80.72,8519.0
80.725,8666.0
80.73,8681.0
80.735,8593.0
80.74,8694.0
80.74499999999999,8729.0
80.75,8358.0
80.75500000000001,8054.0
80.76,8031.0
80.765,8162.0
80.77,8542.0
80.775,8684.0
80.78,8466.0
80.78500000000001,8442.0
80.78999999999999,8428.0
80.795,8207.0
80.8,8140.0
80.805,8191.0
80.81,8003.0
80.815,8043.0
80.82,8442.0
80.825,8515.0
80.83,8418.0
80.83500000000001,8415.0
80.83999999999999,8367.0
80.845,8422.0
80.85,8431.0
80.855,8588.0
80.86,8910.0
80.865,8564.0
80.86999999999999,8014.0
80.875,8220.0
80.88000000000001,8690.0
80.885,8929.0
80.89,8825.0
80.895,8647.0
80.9,8647.0
80.905,8668.0
80.91000000000001,8705.0
80.91499999999999,8594.0
80.92,8396.0
80.925,8474.0
80.93,8567.0
80.935,8220.0
80.94,7988.0
80.945,8194.0
80.95,8242.0
80.955,8250.0
80.96000000000001,8546.0
80.96499999999999,8580.0
80.97,8260.0
80.975,8305.0
80.98,8764.0
80.985,8831.0
80.99,8521.0
80.99499999999999,8430.0
81.0,8572.0
81.00500000000001,8735.0
81.01,8465.0
81.015,8097.0
81.02,8248.0
81.025,8527.0
81.03,8582.0
81.03500000000001,8570.0
81.03999999999999,8621.0
81.045,8514.0
81.05,8332.0
81.055,8145.0
81.06,8204.0
81.065,8382.0
81.07,8382.0
81.075,8257.0
81.08,8297.0
81.08500000000001,8737.0
81.08999999999999,8884.0
81.095,8586.0
81.1,8526.0
81.105,8686.0
81.11,8751.0
81.115,8558.0
81.11999999999999,8286.0
81.125,8113.0
81.13000000000001,8034.0
81.135,8278.0
81.14,8473.0
81.145,8292.0
81.15,8225.0
81.155,8191.0
81.16000000000001,8092.0
81.16499999999999,8301.0
81.17,8540.0
81.175,8449.0
81.18,8431.0
81.185,8439.0
81.19,8169.0
81.195,7913.0
81.2,7905.0
81.205,8167.0
81.21000000000001,8338.0
81.21499999999999,8257.0
81.22,8106.0
81.225,8046.0
81.23,8326.0
81.235,8580.0
81.24,8446.0
81.24499999999999,8242.0
81.25,8300.0
81.25500000000001,8522.0
81.26,8393.0
81.265,8127.0
81.27,7942.0
81.275,7948.0
81.28,8362.0
81.28500000000001,8578.0
81.28999999999999,8519.0
81.295,8596.0
81.3,8486.0
81.305,8364.0
81.31,8481.0
81.315,8590.0
81.32,8497.0
81.325,8318.0
81.33,8518.0
81.33500000000001,8754.0
81.33999999999999,8591.0
81.345,8145.0
81.35,7929.0
81.355,8218.0
81.36,8594.0
81.365,8769.0
81.36999999999999,8732.0
81.375,8558.0
81.38000000000001,8350.0
81.385,8327.0
81.39,8510.0
81.395,8543.0
81.4,8671.0
81.405,8916.0
81.41000000000001,8962.0
81.41499999999999,8796.0
81.42,8495.0
81.425,8534.0
81.43,8607.0
81.435,8519.0
81.44,8682.0
81.445,8846.0
81.45,8719.0
81.455,8391.0
81.46000000000001,8162.0
81.46499999999999,8108.0
81.47,8183.0
81.475,8463.0
81.48,8470.0
81.485,8252.0
81.49,8151.0
81.49499999999999,8121.0
81.5,8271.0
81.50500000000001,8300.0
81.51,8551.0
81.515,8862.0
81.52,8769.0
81.525,8611.0
81.53,8432.0
81.53500000000001,8441.0
81.53999999999999,8593.0
81.545,8742.0
81.55,8852.0
81.555,8868.0
81.56,8759.0
81.565,8407.0
81.57,8143.0
81.575,8417.0
81.58,8562.0
81.58500000000001,8409.0
81.58999999999999,8662.0
81.595,8870.0
81.6,8844.0
81.605,9095.0
81.61,9362.0
81.615,9188.0
81.61999999999999,8586.0
81.625,8217.0
81.63000000000001,8396.0
81.635,8311.0
81.64,8018.0
81.645,8234.0
81.65,8478.0
81.655,8239.0
81.66000000000001,8095.0
81.66499999999999,8297.0
